downtime_id,date,downtime_start_time,downtime_end_time,downtime_time,date_corrected,downtime_duration,downtime_seconds,downtime_minutes,downtime_hours,event_count
downtime_001,2022-07-22,11:58:03.777000,12:01:33.820000,00:03:30.043000,False,0 days 00:03:30.043000,210.043,3.500716666666667,0.05834527777777778,1
downtime_002,2022-07-22,12:01:48.813000,12:07:48.822000,00:06:00.009000,False,0 days 00:06:00.009000,360.009,6.0001500000000005,0.10000250000000001,1
downtime_003,2022-07-22,12:08:03.806000,12:09:18.809000,00:01:15.003000,False,0 days 00:01:15.003000,75.003,1.25005,0.020834166666666668,1
downtime_004,2022-07-22,12:09:33.819000,12:10:03.811000,00:00:29.992000,False,0 days 00:00:29.992000,29.992,0.4998666666666667,0.008331111111111112,1
downtime_005,2022-07-22,12:10:18.816000,12:12:03.851000,00:01:45.035000,False,0 days 00:01:45.035000,105.035,1.7505833333333334,0.029176388888888887,1
downtime_006,2022-07-22,12:12:33.846000,12:16:03.870000,00:03:30.024000,False,0 days 00:03:30.024000,210.024,3.5004,0.05834,1
downtime_007,2022-07-22,12:16:33.861000,12:17:03.832000,00:00:29.971000,False,0 days 00:00:29.971000,29.971,0.49951666666666666,0.008325277777777779,1
downtime_008,2022-07-22,12:18:33.833000,12:20:48.845000,00:02:15.012000,False,0 days 00:02:15.012000,135.012,2.2502,0.03750333333333333,1
downtime_009,2022-07-22,12:21:33.842000,12:22:48.887000,00:01:15.045000,False,0 days 00:01:15.045000,75.045,1.25075,0.020845833333333334,1
downtime_010,2022-07-22,12:24:18.885000,12:24:48.877000,00:00:29.992000,False,0 days 00:00:29.992000,29.992,0.4998666666666667,0.008331111111111112,1
downtime_011,2022-07-22,12:26:18.871000,12:26:48.860000,00:00:29.989000,False,0 days 00:00:29.989000,29.989,0.4998166666666667,0.008330277777777778,1
downtime_012,2022-07-22,12:27:48.863000,12:28:33.895000,00:00:45.032000,False,0 days 00:00:45.032000,45.032,0.7505333333333333,0.012508888888888887,1
downtime_013,2022-07-22,12:36:33.889000,12:37:48.894000,00:01:15.005000,False,0 days 00:01:15.005000,75.005,1.2500833333333332,0.02083472222222222,1
downtime_014,2022-07-22,12:41:33.913000,12:43:33.905000,00:01:59.992000,False,0 days 00:01:59.992000,119.992,1.9998666666666667,0.03333111111111111,1
downtime_015,2022-07-22,12:48:03.927000,12:49:03.949000,00:01:00.022000,False,0 days 00:01:00.022000,60.022,1.0003666666666666,0.016672777777777776,1
downtime_016,2022-07-22,12:51:03.925000,12:53:18.951000,00:02:15.026000,False,0 days 00:02:15.026000,135.026,2.2504333333333335,0.037507222222222227,1
downtime_017,2022-07-22,12:59:18.952000,13:00:48.991000,00:01:30.039000,False,0 days 00:01:30.039000,90.039,1.50065,0.025010833333333333,1
downtime_018,2022-07-22,13:01:03.973000,13:03:48.988000,00:02:45.015000,False,0 days 00:02:45.015000,165.015,2.75025,0.045837499999999996,1
downtime_019,2022-07-22,13:04:18.974000,13:55:19.147000,00:51:00.173000,False,0 days 00:51:00.173000,3060.173,51.00288333333333,0.8500480555555555,1
downtime_020,2022-07-22,15:02:38.617000,15:03:23.619000,00:00:45.002000,False,0 days 00:00:45.002000,45.002,0.7500333333333333,0.012500555555555556,1
downtime_021,2022-07-22,15:03:38.642000,15:04:53.651000,00:01:15.009000,False,0 days 00:01:15.009000,75.009,1.25015,0.020835833333333335,1
downtime_022,2022-07-22,15:05:08.627000,15:07:08.628000,00:02:00.001000,False,0 days 00:02:00.001000,120.001,2.0000166666666668,0.03333361111111111,1
downtime_023,2022-07-22,15:11:38.651000,15:12:23.643000,00:00:44.992000,False,0 days 00:00:44.992000,44.992,0.7498666666666666,0.012497777777777778,1
downtime_024,2022-07-22,15:13:38.676000,15:15:08.652000,00:01:29.976000,False,0 days 00:01:29.976000,89.976,1.4996,0.024993333333333333,1
downtime_025,2022-07-22,15:15:38.653000,15:26:23.684000,00:10:45.031000,False,0 days 00:10:45.031000,645.031,10.750516666666666,0.17917527777777775,1
downtime_026,2022-07-22,15:28:08.711000,15:28:53.691000,00:00:44.980000,False,0 days 00:00:44.980000,44.98,0.7496666666666666,0.012494444444444443,1
downtime_027,2022-07-22,15:33:23.723000,15:35:53.715000,00:02:29.992000,False,0 days 00:02:29.992000,149.992,2.4998666666666667,0.04166444444444444,1
downtime_028,2022-07-22,15:40:08.719000,15:43:08.731000,00:03:00.012000,False,0 days 00:03:00.012000,180.012,3.0002,0.05000333333333333,1
downtime_029,2022-07-22,15:44:08.750000,15:44:38.758000,00:00:30.008000,False,0 days 00:00:30.008000,30.008,0.5001333333333333,0.008335555555555556,1
downtime_030,2022-07-22,15:48:53.774000,15:53:53.793000,00:05:00.019000,False,0 days 00:05:00.019000,300.019,5.0003166666666665,0.08333861111111111,1
downtime_031,2022-07-22,15:58:08.773000,16:02:08.797000,00:04:00.024000,False,0 days 00:04:00.024000,240.024,4.0004,0.06667333333333333,1
downtime_032,2022-07-22,16:05:38.791000,16:06:53.809000,00:01:15.018000,False,0 days 00:01:15.018000,75.018,1.2503,0.020838333333333334,1
downtime_033,2022-07-22,16:07:23.797000,16:10:08.805000,00:02:45.008000,False,0 days 00:02:45.008000,165.008,2.7501333333333333,0.04583555555555556,1
downtime_034,2022-07-22,16:12:53.811000,16:13:38.827000,00:00:45.016000,False,0 days 00:00:45.016000,45.016,0.7502666666666666,0.012504444444444445,1
downtime_035,2022-07-22,16:19:53.853000,16:20:23.867000,00:00:30.014000,False,0 days 00:00:30.014000,30.014,0.5002333333333333,0.008337222222222222,1
downtime_036,2022-07-22,16:21:08.854000,16:21:53.841000,00:00:44.987000,False,0 days 00:00:44.987000,44.987,0.7497833333333334,0.01249638888888889,1
downtime_037,2022-07-22,16:25:38.850000,16:29:38.856000,00:04:00.006000,False,0 days 00:04:00.006000,240.006,4.0001,0.06666833333333333,1
downtime_038,2022-07-22,16:35:38.875000,16:36:23.892000,00:00:45.017000,False,0 days 00:00:45.017000,45.017,0.7502833333333334,0.012504722222222223,1
downtime_039,2022-07-22,16:39:08.885000,16:39:38.897000,00:00:30.012000,False,0 days 00:00:30.012000,30.012,0.5002,0.008336666666666668,1
downtime_040,2022-07-22,16:45:38.903000,16:46:08.906000,00:00:30.003000,False,0 days 00:00:30.003000,30.003,0.50005,0.008334166666666667,1
downtime_041,2022-07-22,16:46:23.908000,16:47:23.910000,00:01:00.002000,False,0 days 00:01:00.002000,60.002,1.0000333333333333,0.016667222222222222,1
downtime_042,2022-07-22,16:52:08.945000,16:53:24.173000,00:01:15.228000,False,0 days 00:01:15.228000,75.228,1.2537999999999998,0.020896666666666664,1
downtime_043,2022-07-22,16:53:38.927000,16:54:08.964000,00:00:30.037000,False,0 days 00:00:30.037000,30.037,0.5006166666666666,0.00834361111111111,1
downtime_044,2022-07-22,16:58:08.971000,16:58:53.944000,00:00:44.973000,False,0 days 00:00:44.973000,44.973,0.7495499999999999,0.0124925,1
downtime_045,2022-07-22,16:59:23.943000,17:04:53.956000,00:05:30.013000,False,0 days 00:05:30.013000,330.013,5.500216666666666,0.09167027777777777,1
downtime_046,2022-07-22,17:10:38.972000,17:12:53.978000,00:02:15.006000,False,0 days 00:02:15.006000,135.006,2.2501,0.03750166666666667,1
downtime_047,2022-07-22,17:13:53.983000,17:14:23.984000,00:00:30.001000,False,0 days 00:00:30.001000,30.001,0.5000166666666667,0.008333611111111111,1
downtime_048,2022-07-22,17:16:38.993000,17:18:23.995000,00:01:45.002000,False,0 days 00:01:45.002000,105.002,1.7500333333333333,0.02916722222222222,1
downtime_049,2022-07-22,17:22:09.002000,17:25:54.013000,00:03:45.011000,False,0 days 00:03:45.011000,225.011,3.750183333333333,0.06250305555555555,1
downtime_050,2022-07-22,17:27:09.015000,17:27:39.043000,00:00:30.028000,False,0 days 00:00:30.028000,30.028,0.5004666666666666,0.00834111111111111,1
downtime_051,2022-07-22,17:29:54.053000,17:32:24.033000,00:02:29.980000,False,0 days 00:02:29.980000,149.98,2.4996666666666667,0.04166111111111111,1
downtime_052,2022-07-22,17:33:24.034000,17:35:24.079000,00:02:00.045000,False,0 days 00:02:00.045000,120.045,2.00075,0.03334583333333333,1
downtime_053,2022-07-22,17:39:24.078000,17:40:54.052000,00:01:29.974000,False,0 days 00:01:29.974000,89.974,1.4995666666666667,0.02499277777777778,1
downtime_054,2022-07-22,17:44:39.063000,17:47:39.071000,00:03:00.008000,False,0 days 00:03:00.008000,180.008,3.0001333333333333,0.050002222222222226,1
downtime_055,2022-07-22,17:51:24.094000,17:55:24.092000,00:03:59.998000,False,0 days 00:03:59.998000,239.998,3.9999666666666664,0.0666661111111111,1
downtime_056,2022-07-22,17:59:09.104000,18:02:54.137000,00:03:45.033000,False,0 days 00:03:45.033000,225.033,3.7505499999999996,0.06250916666666666,1
downtime_057,2022-07-22,18:06:39.125000,18:10:39.133000,00:04:00.008000,False,0 days 00:04:00.008000,240.008,4.000133333333333,0.06666888888888889,1
downtime_058,2022-07-22,18:14:24.160000,18:18:09.157000,00:03:44.997000,False,0 days 00:03:44.997000,224.997,3.74995,0.06249916666666667,1
downtime_059,2022-07-22,18:22:09.173000,18:23:09.170000,00:00:59.997000,False,0 days 00:00:59.997000,59.997,0.99995,0.016665833333333335,1
downtime_060,2022-07-22,18:23:39.219000,18:25:39.185000,00:01:59.966000,False,0 days 00:01:59.966000,119.966,1.9994333333333332,0.03332388888888889,1
downtime_061,2022-07-22,18:29:39.189000,18:33:24.252000,00:03:45.063000,False,0 days 00:03:45.063000,225.063,3.7510499999999998,0.0625175,1
downtime_062,2022-07-22,18:34:24.202000,18:34:54.217000,00:00:30.015000,False,0 days 00:00:30.015000,30.015,0.50025,0.0083375,1
downtime_063,2022-07-22,18:37:09.215000,18:39:09.219000,00:02:00.004000,False,0 days 00:02:00.004000,120.004,2.0000666666666667,0.033334444444444444,1
downtime_064,2022-07-22,18:41:24.240000,18:48:39.306000,00:07:15.066000,False,0 days 00:07:15.066000,435.066,7.251099999999999,0.12085166666666666,1
downtime_065,2022-07-22,19:59:09.599000,20:01:09.598000,00:01:59.999000,False,0 days 00:01:59.999000,119.999,1.9999833333333332,0.03333305555555555,1
downtime_066,2022-07-22,20:02:24.585000,20:04:09.601000,00:01:45.016000,False,0 days 00:01:45.016000,105.016,1.7502666666666669,0.029171111111111113,1
downtime_067,2022-07-22,20:06:39.603000,20:10:09.610000,00:03:30.007000,False,0 days 00:03:30.007000,210.007,3.5001166666666665,0.05833527777777778,1
downtime_068,2022-07-22,20:11:24.628000,20:19:24.633000,00:08:00.005000,False,0 days 00:08:00.005000,480.005,8.000083333333333,0.13333472222222223,1
downtime_069,2022-07-22,20:20:24.640000,20:21:09.638000,00:00:44.998000,False,0 days 00:00:44.998000,44.998,0.7499666666666667,0.012499444444444443,1
downtime_070,2022-07-22,20:25:09.648000,20:59:24.683000,00:34:15.035000,False,0 days 00:34:15.035000,2055.035,34.25058333333333,0.5708430555555555,1
downtime_071,2022-07-26,09:03:44.103000,09:51:44.236000,00:48:00.133000,False,0 days 00:48:00.133000,2880.133,48.00221666666666,0.8000369444444444,1
downtime_072,2022-07-26,09:53:44.242000,10:18:14.312000,00:24:30.070000,False,0 days 00:24:30.070000,1470.07,24.501166666666666,0.4083527777777778,1
downtime_073,2022-07-26,10:19:14.313000,13:17:29.814000,02:58:15.501000,False,0 days 02:58:15.501000,10695.501,178.25835,2.9709725000000002,1
downtime_074,2022-07-26,13:18:59.822000,13:22:44.827000,00:03:45.005000,False,0 days 00:03:45.005000,225.005,3.7500833333333334,0.06250138888888888,1
downtime_075,2022-07-26,13:24:44.840000,13:26:44.847000,00:02:00.007000,False,0 days 00:02:00.007000,120.007,2.0001166666666665,0.033335277777777776,1
downtime_076,2022-07-26,13:29:14.846000,13:31:44.852000,00:02:30.006000,False,0 days 00:02:30.006000,150.006,2.5001,0.041668333333333335,1
downtime_077,2022-07-26,13:34:44.889000,13:35:44.865000,00:00:59.976000,False,0 days 00:00:59.976000,59.976,0.9995999999999999,0.01666,1
downtime_078,2022-07-26,13:38:14.871000,13:41:44.902000,00:03:30.031000,False,0 days 00:03:30.031000,210.031,3.500516666666667,0.058341944444444446,1
downtime_079,2022-07-26,13:44:29.888000,13:46:14.893000,00:01:45.005000,False,0 days 00:01:45.005000,105.005,1.7500833333333332,0.029168055555555555,1
downtime_080,2022-07-26,13:48:44.914000,13:51:29.911000,00:02:44.997000,False,0 days 00:02:44.997000,164.997,2.74995,0.045832500000000005,1
downtime_081,2022-07-26,13:53:59.927000,13:56:44.923000,00:02:44.996000,False,0 days 00:02:44.996000,164.996,2.7499333333333333,0.045832222222222226,1
downtime_082,2022-07-26,13:58:59.928000,14:01:29.936000,00:02:30.008000,False,0 days 00:02:30.008000,150.008,2.5001333333333333,0.041668888888888894,1
downtime_083,2022-07-26,14:03:59.950000,14:07:14.955000,00:03:15.005000,False,0 days 00:03:15.005000,195.005,3.2500833333333334,0.05416805555555555,1
downtime_084,2022-07-26,14:09:59.961000,14:12:29.969000,00:02:30.008000,False,0 days 00:02:30.008000,150.008,2.5001333333333333,0.041668888888888894,1
downtime_085,2022-07-26,14:14:59.977000,14:17:59.981000,00:03:00.004000,False,0 days 00:03:00.004000,180.004,3.0000666666666667,0.05000111111111111,1
downtime_086,2022-07-26,14:23:45.002000,15:18:15.186000,00:54:30.184000,False,0 days 00:54:30.184000,3270.184,54.50306666666667,0.9083844444444445,1
downtime_087,2022-07-26,15:23:00.170000,15:25:45.173000,00:02:45.003000,False,0 days 00:02:45.003000,165.003,2.75005,0.04583416666666666,1
downtime_088,2022-07-26,15:27:30.183000,15:28:00.206000,00:00:30.023000,False,0 days 00:00:30.023000,30.023,0.5003833333333333,0.008339722222222222,1
downtime_089,2022-07-26,15:32:00.191000,15:32:30.208000,00:00:30.017000,False,0 days 00:00:30.017000,30.017,0.5002833333333333,0.008338055555555555,1
downtime_090,2022-07-26,15:35:00.203000,15:36:00.201000,00:00:59.998000,False,0 days 00:00:59.998000,59.998,0.9999666666666667,0.01666611111111111,1
downtime_091,2022-07-26,15:38:45.234000,15:40:00.213000,00:01:14.979000,False,0 days 00:01:14.979000,74.979,1.24965,0.0208275,1
downtime_092,2022-07-26,15:42:45.222000,15:44:15.225000,00:01:30.003000,False,0 days 00:01:30.003000,90.003,1.50005,0.025000833333333333,1
downtime_093,2022-07-26,15:47:15.231000,15:48:15.238000,00:01:00.007000,False,0 days 00:01:00.007000,60.007,1.0001166666666665,0.01666861111111111,1
downtime_094,2022-07-26,15:54:30.255000,15:57:00.263000,00:02:30.008000,False,0 days 00:02:30.008000,150.008,2.5001333333333333,0.041668888888888894,1
downtime_095,2022-07-26,16:00:00.273000,16:01:45.302000,00:01:45.029000,False,0 days 00:01:45.029000,105.029,1.7504833333333332,0.02917472222222222,1
downtime_096,2022-07-26,16:04:30.293000,16:06:45.296000,00:02:15.003000,False,0 days 00:02:15.003000,135.003,2.25005,0.03750083333333333,1
downtime_097,2022-07-26,16:12:15.321000,16:13:30.313000,00:01:14.992000,False,0 days 00:01:14.992000,74.992,1.2498666666666667,0.020831111111111113,1
downtime_098,2022-07-26,16:16:00.320000,16:17:45.349000,00:01:45.029000,False,0 days 00:01:45.029000,105.029,1.7504833333333332,0.02917472222222222,1
downtime_099,2022-07-26,16:20:30.333000,16:22:00.369000,00:01:30.036000,False,0 days 00:01:30.036000,90.036,1.5006,0.02501,1
downtime_100,2022-07-26,16:25:30.352000,16:27:30.352000,00:02:00,False,0 days 00:02:00,120.0,2.0,0.03333333333333333,1
downtime_101,2022-07-26,16:30:00.361000,16:31:00.378000,00:01:00.017000,False,0 days 00:01:00.017000,60.017,1.0002833333333334,0.01667138888888889,1
downtime_102,2022-07-26,16:32:45.649000,16:36:00.403000,00:03:14.754000,False,0 days 00:03:14.754000,194.754,3.2459,0.05409833333333333,1
downtime_103,2022-07-26,16:41:00.408000,16:42:15.424000,00:01:15.016000,False,0 days 00:01:15.016000,75.016,1.2502666666666669,0.020837777777777778,1
downtime_104,2022-07-26,16:45:30.404000,16:47:15.408000,00:01:45.004000,False,0 days 00:01:45.004000,105.004,1.7500666666666667,0.02916777777777778,1
downtime_105,2022-07-26,16:50:30.427000,16:51:00.428000,00:00:30.001000,False,0 days 00:00:30.001000,30.001,0.5000166666666667,0.008333611111111111,1
downtime_106,2022-07-26,16:53:30.444000,16:54:15.427000,00:00:44.983000,False,0 days 00:00:44.983000,44.983,0.7497166666666666,0.012495277777777777,1
downtime_107,2022-07-26,16:57:00.435000,17:00:00.443000,00:03:00.008000,False,0 days 00:03:00.008000,180.008,3.0001333333333333,0.050002222222222226,1
downtime_108,2022-07-26,17:03:00.448000,17:05:45.483000,00:02:45.035000,False,0 days 00:02:45.035000,165.035,2.750583333333333,0.045843055555555554,1
downtime_109,2022-07-26,17:08:45.475000,17:09:30.472000,00:00:44.997000,False,0 days 00:00:44.997000,44.997,0.74995,0.012499166666666667,1
downtime_110,2022-07-26,17:14:00.485000,17:15:45.510000,00:01:45.025000,False,0 days 00:01:45.025000,105.025,1.7504166666666667,0.029173611111111112,1
downtime_111,2022-07-26,17:18:00.493000,17:20:30.498000,00:02:30.005000,False,0 days 00:02:30.005000,150.005,2.5000833333333334,0.041668055555555555,1
downtime_112,2022-07-26,17:25:15.540000,17:26:00.529000,00:00:44.989000,False,0 days 00:00:44.989000,44.989,0.7498166666666666,0.012496944444444444,1
downtime_113,2022-07-26,17:28:30.520000,17:30:45.537000,00:02:15.017000,False,0 days 00:02:15.017000,135.017,2.2502833333333334,0.037504722222222224,1
downtime_114,2022-07-26,17:33:45.551000,17:35:00.537000,00:01:14.986000,False,0 days 00:01:14.986000,74.986,1.2497666666666667,0.020829444444444446,1
downtime_115,2022-07-26,17:37:45.563000,17:39:15.574000,00:01:30.011000,False,0 days 00:01:30.011000,90.011,1.5001833333333332,0.025003055555555553,1
downtime_116,2022-07-26,17:42:00.559000,17:46:15.599000,00:04:15.040000,False,0 days 00:04:15.040000,255.04,4.250666666666667,0.07084444444444445,1
downtime_117,2022-07-26,17:48:00.574000,18:03:15.624000,00:15:15.050000,False,0 days 00:15:15.050000,915.05,15.250833333333333,0.2541805555555555,1
downtime_118,2022-07-26,18:05:00.637000,18:06:30.637000,00:01:30,False,0 days 00:01:30,90.0,1.5,0.025,1
downtime_119,2022-07-26,18:07:00.632000,18:09:15.639000,00:02:15.007000,False,0 days 00:02:15.007000,135.007,2.2501166666666665,0.03750194444444445,1
downtime_120,2022-07-26,18:10:30.642000,18:15:45.657000,00:05:15.015000,False,0 days 00:05:15.015000,315.015,5.250249999999999,0.08750416666666666,1
downtime_121,2022-08-01,14:33:06.011000,14:33:51.013000,00:00:45.002000,False,0 days 00:00:45.002000,45.002,0.7500333333333333,0.012500555555555556,1
downtime_122,2022-08-01,14:38:51.025000,14:40:51.060000,00:02:00.035000,False,0 days 00:02:00.035000,120.035,2.000583333333333,0.033343055555555556,1
downtime_123,2022-08-01,14:43:36.039000,14:44:06.059000,00:00:30.020000,False,0 days 00:00:30.020000,30.02,0.5003333333333333,0.008338888888888889,1
downtime_124,2022-08-01,14:48:06.059000,15:11:17.381000,00:23:11.322000,False,0 days 00:23:11.322000,1391.322,23.188699999999997,0.3864783333333333,1
downtime_125,2022-08-01,15:12:47.387000,15:14:02.387000,00:01:15,False,0 days 00:01:15,75.0,1.25,0.020833333333333332,1
downtime_126,2022-08-01,15:15:02.392000,16:28:47.833000,01:13:45.441000,False,0 days 01:13:45.441000,4425.441,73.75735,1.2292891666666665,1
downtime_127,2022-08-01,16:32:47.844000,16:33:17.851000,00:00:30.007000,False,0 days 00:00:30.007000,30.007,0.5001166666666667,0.008335277777777778,1
downtime_128,2022-08-01,16:34:02.863000,16:36:47.854000,00:02:44.991000,False,0 days 00:02:44.991000,164.991,2.7498500000000003,0.045830833333333335,1
downtime_129,2022-08-01,16:39:32.863000,16:42:17.883000,00:02:45.020000,False,0 days 00:02:45.020000,165.02,2.7503333333333333,0.045838888888888894,1
downtime_130,2022-08-01,16:42:47.872000,16:43:17.875000,00:00:30.003000,False,0 days 00:00:30.003000,30.003,0.50005,0.008334166666666667,1
downtime_131,2022-08-01,16:46:32.883000,16:54:17.905000,00:07:45.022000,False,0 days 00:07:45.022000,465.022,7.750366666666666,0.12917277777777778,1
downtime_132,2022-08-01,16:56:02.911000,16:57:02.919000,00:01:00.008000,False,0 days 00:01:00.008000,60.008,1.0001333333333333,0.01666888888888889,1
downtime_133,2022-08-01,17:06:02.938000,17:07:47.942000,00:01:45.004000,False,0 days 00:01:45.004000,105.004,1.7500666666666667,0.02916777777777778,1
downtime_134,2022-08-01,17:09:17.971000,17:16:02.968000,00:06:44.997000,False,0 days 00:06:44.997000,404.997,6.74995,0.11249916666666666,1
downtime_135,2022-08-01,17:25:18.396000,17:27:48.026000,00:02:29.630000,False,0 days 00:02:29.630000,149.63,2.4938333333333333,0.041563888888888886,1
downtime_136,2022-08-01,17:28:33.015000,17:30:18.012000,00:01:44.997000,False,0 days 00:01:44.997000,104.997,1.74995,0.029165833333333332,1
downtime_137,2022-08-01,17:33:58.169000,18:00:13.241000,00:26:15.072000,False,0 days 00:26:15.072000,1575.072,26.251199999999997,0.43751999999999996,1
downtime_138,2022-08-04,10:33:35.947000,10:37:35.963000,00:04:00.016000,False,0 days 00:04:00.016000,240.016,4.000266666666667,0.06667111111111111,1
downtime_139,2022-08-04,11:19:21.110000,11:22:36.082000,00:03:14.972000,False,0 days 00:03:14.972000,194.972,3.2495333333333334,0.05415888888888889,1
downtime_140,2022-08-04,11:25:36.111000,11:28:21.156000,00:02:45.045000,False,0 days 00:02:45.045000,165.045,2.7507499999999996,0.04584583333333333,1
downtime_141,2022-08-04,11:29:21.102000,11:30:21.109000,00:01:00.007000,False,0 days 00:01:00.007000,60.007,1.0001166666666665,0.01666861111111111,1
downtime_142,2022-08-04,11:34:06.113000,11:35:36.150000,00:01:30.037000,False,0 days 00:01:30.037000,90.037,1.5006166666666667,0.02501027777777778,1
downtime_143,2022-08-04,11:42:06.143000,11:43:06.139000,00:00:59.996000,False,0 days 00:00:59.996000,59.996,0.9999333333333333,0.016665555555555555,1
downtime_144,2022-08-04,11:54:36.179000,11:55:21.192000,00:00:45.013000,False,0 days 00:00:45.013000,45.013,0.7502166666666666,0.012503611111111111,1
downtime_145,2022-08-04,11:59:21.199000,12:00:21.188000,00:00:59.989000,False,0 days 00:00:59.989000,59.989,0.9998166666666666,0.01666361111111111,1
downtime_146,2022-08-04,12:06:51.211000,12:07:51.258000,00:01:00.047000,False,0 days 00:01:00.047000,60.047,1.0007833333333334,0.01667972222222222,1
downtime_147,2022-08-04,12:10:21.220000,12:14:51.237000,00:04:30.017000,False,0 days 00:04:30.017000,270.017,4.500283333333333,0.07500472222222222,1
downtime_148,2022-08-04,12:17:06.283000,12:27:51.301000,00:10:45.018000,False,0 days 00:10:45.018000,645.018,10.750300000000001,0.17917166666666667,1
downtime_149,2022-08-04,15:45:04.303000,15:46:04.305000,00:01:00.002000,False,0 days 00:01:00.002000,60.002,1.0000333333333333,0.016667222222222222,1
downtime_150,2022-08-04,15:53:19.351000,15:54:19.335000,00:00:59.984000,False,0 days 00:00:59.984000,59.984,0.9997333333333334,0.016662222222222224,1
downtime_151,2022-08-04,15:55:04.346000,15:56:04.820000,00:01:00.474000,False,0 days 00:01:00.474000,60.474,1.0079,0.016798333333333332,1
downtime_152,2022-08-04,16:00:04.356000,16:22:49.413000,00:22:45.057000,False,0 days 00:22:45.057000,1365.057,22.75095,0.3791825,1
downtime_153,2022-09-02,11:46:05.890000,11:46:50.889000,00:00:44.999000,False,0 days 00:00:44.999000,44.999,0.7499833333333333,0.012499722222222223,1
downtime_154,2022-09-02,11:48:05.920000,11:48:50.905000,00:00:44.985000,False,0 days 00:00:44.985000,44.985,0.74975,0.012495833333333333,1
downtime_155,2022-09-02,11:49:35.898000,11:51:05.902000,00:01:30.004000,False,0 days 00:01:30.004000,90.004,1.5000666666666667,0.025001111111111113,1
downtime_156,2022-09-02,11:52:50.907000,11:55:50.917000,00:03:00.010000,False,0 days 00:03:00.010000,180.01,3.0001666666666664,0.05000277777777778,1
downtime_157,2022-09-02,11:57:20.920000,11:58:20.924000,00:01:00.004000,False,0 days 00:01:00.004000,60.004,1.0000666666666667,0.016667777777777778,1
downtime_158,2022-09-02,12:00:35.929000,12:02:05.932000,00:01:30.003000,False,0 days 00:01:30.003000,90.003,1.50005,0.025000833333333333,1
downtime_159,2022-09-02,12:03:05.942000,12:04:35.944000,00:01:30.002000,False,0 days 00:01:30.002000,90.002,1.5000333333333333,0.025000555555555554,1
downtime_160,2022-09-02,12:05:51.085000,12:08:50.952000,00:02:59.867000,False,0 days 00:02:59.867000,179.867,2.997783333333333,0.04996305555555555,1
downtime_161,2022-09-02,12:12:35.966000,12:19:06.014000,00:06:30.048000,False,0 days 00:06:30.048000,390.048,6.5008,0.10834666666666666,1
downtime_162,2022-09-02,12:21:36.662000,14:22:51.800000,02:01:15.138000,False,0 days 02:01:15.138000,7275.138,121.2523,2.020871666666667,1
downtime_163,2022-09-02,14:23:51.808000,14:24:51.817000,00:01:00.009000,False,0 days 00:01:00.009000,60.009,1.00015,0.016669166666666665,1
downtime_164,2022-09-02,14:25:51.813000,14:27:21.813000,00:01:30,False,0 days 00:01:30,90.0,1.5,0.025,1
downtime_165,2022-09-02,14:28:21.819000,14:29:51.819000,00:01:30,False,0 days 00:01:30,90.0,1.5,0.025,1
downtime_166,2022-09-02,14:31:21.826000,14:32:36.826000,00:01:15,False,0 days 00:01:15,75.0,1.25,0.020833333333333332,1
downtime_167,2022-09-02,14:33:21.831000,14:34:21.832000,00:01:00.001000,False,0 days 00:01:00.001000,60.001,1.0000166666666666,0.016666944444444443,1
downtime_168,2022-09-02,14:34:51.841000,14:38:06.854000,00:03:15.013000,False,0 days 00:03:15.013000,195.013,3.2502166666666668,0.05417027777777778,1
downtime_169,2022-09-02,14:38:51.846000,14:39:36.875000,00:00:45.029000,False,0 days 00:00:45.029000,45.029,0.7504833333333334,0.012508055555555557,1
downtime_170,2022-09-02,14:40:06.854000,14:42:21.878000,00:02:15.024000,False,0 days 00:02:15.024000,135.024,2.2504,0.03750666666666667,1
downtime_171,2022-09-02,14:43:36.899000,14:50:06.882000,00:06:29.983000,False,0 days 00:06:29.983000,389.983,6.499716666666667,0.10832861111111111,1
downtime_172,2022-09-02,14:52:51.886000,14:54:21.888000,00:01:30.002000,False,0 days 00:01:30.002000,90.002,1.5000333333333333,0.025000555555555554,1
downtime_173,2022-09-02,14:58:21.903000,14:59:36.934000,00:01:15.031000,False,0 days 00:01:15.031000,75.031,1.2505166666666667,0.020841944444444448,1
downtime_174,2022-09-02,15:02:36.912000,15:03:51.915000,00:01:15.003000,False,0 days 00:01:15.003000,75.003,1.25005,0.020834166666666668,1
downtime_175,2022-09-02,15:05:36.920000,15:06:21.970000,00:00:45.050000,False,0 days 00:00:45.050000,45.05,0.7508333333333332,0.012513888888888889,1
downtime_176,2022-09-02,15:07:36.925000,15:08:51.959000,00:01:15.034000,False,0 days 00:01:15.034000,75.034,1.2505666666666668,0.02084277777777778,1
downtime_177,2022-09-02,15:09:21.930000,15:10:51.956000,00:01:30.026000,False,0 days 00:01:30.026000,90.026,1.5004333333333333,0.025007222222222222,1
downtime_178,2022-09-02,15:11:36.943000,15:13:06.973000,00:01:30.030000,False,0 days 00:01:30.030000,90.03,1.5005,0.025008333333333334,1
downtime_179,2022-09-02,15:14:06.944000,15:15:36.960000,00:01:30.016000,False,0 days 00:01:30.016000,90.016,1.5002666666666669,0.025004444444444447,1
downtime_180,2022-09-02,15:16:21.958000,15:17:51.954000,00:01:29.996000,False,0 days 00:01:29.996000,89.996,1.4999333333333333,0.024998888888888886,1
downtime_181,2022-09-02,15:18:51.963000,15:20:06.961000,00:01:14.998000,False,0 days 00:01:14.998000,74.998,1.2499666666666667,0.02083277777777778,1
downtime_182,2022-09-02,15:20:51.962000,15:22:36.980000,00:01:45.018000,False,0 days 00:01:45.018000,105.018,1.7503,0.029171666666666665,1
downtime_183,2022-09-02,15:24:36.972000,15:26:06.976000,00:01:30.004000,False,0 days 00:01:30.004000,90.004,1.5000666666666667,0.025001111111111113,1
downtime_184,2022-09-02,15:26:51.983000,15:28:22.001000,00:01:30.018000,False,0 days 00:01:30.018000,90.018,1.5003,0.025005,1
downtime_185,2022-09-02,15:29:22.017000,15:30:52.195000,00:01:30.178000,False,0 days 00:01:30.178000,90.178,1.5029666666666666,0.025049444444444444,1
downtime_186,2022-09-02,15:31:52.009000,15:33:22.006000,00:01:29.997000,False,0 days 00:01:29.997000,89.997,1.49995,0.024999166666666666,1
downtime_187,2022-09-02,15:38:52.040000,15:43:37.593000,00:04:45.553000,False,0 days 00:04:45.553000,285.553,4.759216666666666,0.07932027777777778,1
downtime_188,2022-09-02,15:44:22.595000,15:48:52.581000,00:04:29.986000,False,0 days 00:04:29.986000,269.986,4.499766666666667,0.07499611111111111,1
downtime_189,2022-09-02,15:52:37.832000,15:53:22.593000,00:00:44.761000,False,0 days 00:00:44.761000,44.761,0.7460166666666667,0.012433611111111112,1
downtime_190,2022-09-02,15:54:07.595000,15:54:52.615000,00:00:45.020000,False,0 days 00:00:45.020000,45.02,0.7503333333333334,0.012505555555555556,1
downtime_191,2022-09-02,15:55:52.599000,15:57:07.632000,00:01:15.033000,False,0 days 00:01:15.033000,75.033,1.25055,0.0208425,1
downtime_192,2022-09-02,15:58:37.629000,15:59:22.614000,00:00:44.985000,False,0 days 00:00:44.985000,44.985,0.74975,0.012495833333333333,1
downtime_193,2022-09-02,16:01:37.615000,16:02:37.630000,00:01:00.015000,False,0 days 00:01:00.015000,60.015,1.00025,0.016670833333333333,1
downtime_194,2022-09-02,16:04:07.624000,16:05:22.626000,00:01:15.002000,False,0 days 00:01:15.002000,75.002,1.2500333333333333,0.020833888888888888,1
downtime_195,2022-09-02,16:06:37.630000,16:09:07.636000,00:02:30.006000,False,0 days 00:02:30.006000,150.006,2.5001,0.041668333333333335,1
downtime_196,2022-09-02,16:11:07.653000,16:12:22.644000,00:01:14.991000,False,0 days 00:01:14.991000,74.991,1.24985,0.020830833333333333,1
downtime_197,2022-09-02,16:13:07.649000,16:14:37.656000,00:01:30.007000,False,0 days 00:01:30.007000,90.007,1.5001166666666668,0.025001944444444445,1
downtime_198,2022-09-02,16:15:22.652000,16:19:07.688000,00:03:45.036000,False,0 days 00:03:45.036000,225.036,3.7506,0.06251,1
downtime_199,2022-09-02,16:21:22.674000,16:22:52.674000,00:01:30,False,0 days 00:01:30,90.0,1.5,0.025,1
downtime_200,2022-09-02,16:23:52.676000,16:25:22.686000,00:01:30.010000,False,0 days 00:01:30.010000,90.01,1.5001666666666666,0.02500277777777778,1
downtime_201,2022-09-02,16:26:22.688000,16:28:22.691000,00:02:00.003000,False,0 days 00:02:00.003000,120.003,2.00005,0.033334166666666665,1
downtime_202,2022-09-02,16:29:22.691000,16:31:07.696000,00:01:45.005000,False,0 days 00:01:45.005000,105.005,1.7500833333333332,0.029168055555555555,1
downtime_203,2022-09-02,16:32:07.700000,16:33:52.704000,00:01:45.004000,False,0 days 00:01:45.004000,105.004,1.7500666666666667,0.02916777777777778,1
downtime_204,2022-09-02,16:34:52.708000,16:36:52.715000,00:02:00.007000,False,0 days 00:02:00.007000,120.007,2.0001166666666665,0.033335277777777776,1
downtime_205,2022-09-02,16:37:52.715000,16:38:52.720000,00:01:00.005000,False,0 days 00:01:00.005000,60.005,1.0000833333333334,0.016668055555555557,1
downtime_206,2022-09-06,14:05:43.293000,14:06:28.301000,00:00:45.008000,False,0 days 00:00:45.008000,45.008,0.7501333333333334,0.012502222222222224,1
downtime_207,2022-09-06,14:14:43.319000,14:16:13.323000,00:01:30.004000,False,0 days 00:01:30.004000,90.004,1.5000666666666667,0.025001111111111113,1
downtime_208,2022-09-06,14:25:43.352000,14:26:43.352000,00:01:00,False,0 days 00:01:00,60.0,1.0,0.016666666666666666,1
downtime_209,2022-09-06,14:27:28.359000,14:28:43.360000,00:01:15.001000,False,0 days 00:01:15.001000,75.001,1.2500166666666668,0.020833611111111112,1
downtime_210,2022-09-06,14:36:28.381000,14:37:28.387000,00:01:00.006000,False,0 days 00:01:00.006000,60.006,1.0001,0.016668333333333334,1
downtime_211,2022-09-06,14:38:13.386000,14:39:13.390000,00:01:00.004000,False,0 days 00:01:00.004000,60.004,1.0000666666666667,0.016667777777777778,1
downtime_212,2022-09-06,14:41:28.393000,14:42:43.398000,00:01:15.005000,False,0 days 00:01:15.005000,75.005,1.2500833333333332,0.02083472222222222,1
downtime_213,2022-09-06,14:45:13.405000,14:46:43.415000,00:01:30.010000,False,0 days 00:01:30.010000,90.01,1.5001666666666666,0.02500277777777778,1
downtime_214,2022-09-06,14:50:58.424000,14:51:58.426000,00:01:00.002000,False,0 days 00:01:00.002000,60.002,1.0000333333333333,0.016667222222222222,1
downtime_215,2022-09-06,14:52:43.431000,14:54:28.430000,00:01:44.999000,False,0 days 00:01:44.999000,104.999,1.7499833333333332,0.029166388888888888,1
downtime_216,2022-09-06,15:01:43.467000,15:02:58.454000,00:01:14.987000,False,0 days 00:01:14.987000,74.987,1.2497833333333332,0.02082972222222222,1
downtime_217,2022-09-06,15:16:43.491000,15:18:13.511000,00:01:30.020000,False,0 days 00:01:30.020000,90.02,1.5003333333333333,0.025005555555555555,1
downtime_218,2022-09-06,15:18:58.499000,15:19:58.499000,00:01:00,False,0 days 00:01:00,60.0,1.0,0.016666666666666666,1
downtime_219,2022-09-06,15:28:28.531000,15:29:28.536000,00:01:00.005000,False,0 days 00:01:00.005000,60.005,1.0000833333333334,0.016668055555555557,1
downtime_220,2022-09-06,15:33:58.541000,15:34:58.543000,00:01:00.002000,False,0 days 00:01:00.002000,60.002,1.0000333333333333,0.016667222222222222,1
downtime_221,2022-09-06,15:36:43.549000,15:46:28.574000,00:09:45.025000,False,0 days 00:09:45.025000,585.025,9.750416666666666,0.16250694444444444,1
downtime_222,2022-09-06,15:48:28.593000,15:49:28.588000,00:00:59.995000,False,0 days 00:00:59.995000,59.995,0.9999166666666667,0.016665277777777775,1
downtime_223,2022-09-06,15:57:43.606000,15:58:43.776000,00:01:00.170000,False,0 days 00:01:00.170000,60.17,1.0028333333333335,0.01671388888888889,1
downtime_224,2022-09-06,16:02:58.622000,16:03:58.628000,00:01:00.006000,False,0 days 00:01:00.006000,60.006,1.0001,0.016668333333333334,1
downtime_225,2022-09-06,16:04:43.660000,16:05:43.627000,00:00:59.967000,False,0 days 00:00:59.967000,59.967,0.99945,0.0166575,1
downtime_226,2022-09-06,16:09:43.643000,16:10:43.655000,00:01:00.012000,False,0 days 00:01:00.012000,60.012,1.0002,0.01667,1
downtime_227,2022-09-06,16:21:28.682000,16:22:58.675000,00:01:29.993000,False,0 days 00:01:29.993000,89.993,1.4998833333333332,0.024998055555555555,1
downtime_228,2022-09-06,16:28:58.700000,16:29:58.694000,00:00:59.994000,False,0 days 00:00:59.994000,59.994,0.9999,0.016665,1
downtime_229,2022-09-06,16:30:58.726000,16:31:58.720000,00:00:59.994000,False,0 days 00:00:59.994000,59.994,0.9999,0.016665,1
downtime_230,2022-09-06,16:37:43.722000,16:38:58.721000,00:01:14.999000,False,0 days 00:01:14.999000,74.999,1.2499833333333332,0.020833055555555553,1
downtime_231,2022-09-06,16:39:43.723000,16:41:43.740000,00:02:00.017000,False,0 days 00:02:00.017000,120.017,2.0002833333333334,0.03333805555555555,1
downtime_232,2022-09-06,16:46:13.759000,16:47:28.745000,00:01:14.986000,False,0 days 00:01:14.986000,74.986,1.2497666666666667,0.020829444444444446,1
downtime_233,2022-09-06,16:48:13.747000,16:49:13.758000,00:01:00.011000,False,0 days 00:01:00.011000,60.011,1.0001833333333334,0.016669722222222225,1
downtime_234,2022-09-06,16:51:28.757000,16:52:28.759000,00:01:00.002000,False,0 days 00:01:00.002000,60.002,1.0000333333333333,0.016667222222222222,1
downtime_235,2022-09-06,16:53:13.763000,16:54:13.769000,00:01:00.006000,False,0 days 00:01:00.006000,60.006,1.0001,0.016668333333333334,1
downtime_236,2022-09-06,16:58:13.786000,16:59:13.778000,00:00:59.992000,False,0 days 00:00:59.992000,59.992,0.9998666666666666,0.016664444444444444,1
downtime_237,2022-09-06,17:03:13.789000,17:05:28.800000,00:02:15.011000,False,0 days 00:02:15.011000,135.011,2.250183333333333,0.03750305555555555,1
downtime_238,2022-09-06,17:09:43.810000,17:10:43.810000,00:01:00,False,0 days 00:01:00,60.0,1.0,0.016666666666666666,1
downtime_239,2022-09-06,17:11:28.813000,17:12:28.815000,00:01:00.002000,False,0 days 00:01:00.002000,60.002,1.0000333333333333,0.016667222222222222,1
downtime_240,2022-09-06,17:13:28.821000,17:14:28.819000,00:00:59.998000,False,0 days 00:00:59.998000,59.998,0.9999666666666667,0.01666611111111111,1
downtime_241,2022-09-06,17:15:14.035000,17:16:13.828000,00:00:59.793000,False,0 days 00:00:59.793000,59.793,0.9965499999999999,0.016609166666666668,1
downtime_242,2022-09-06,17:17:13.847000,17:18:15.306000,00:01:01.459000,False,0 days 00:01:01.459000,61.459,1.0243166666666668,0.017071944444444445,1
downtime_243,2022-09-06,17:19:13.835000,17:20:13.835000,00:01:00,False,0 days 00:01:00,60.0,1.0,0.016666666666666666,1
downtime_244,2022-09-06,17:28:43.860000,17:29:43.861000,00:01:00.001000,False,0 days 00:01:00.001000,60.001,1.0000166666666666,0.016666944444444443,1
downtime_245,2022-09-08,14:00:49.819000,14:01:49.824000,00:01:00.005000,False,0 days 00:01:00.005000,60.005,1.0000833333333334,0.016668055555555557,1
downtime_246,2022-09-08,14:02:34.826000,14:03:34.932000,00:01:00.106000,False,0 days 00:01:00.106000,60.106,1.0017666666666667,0.016696111111111113,1
downtime_247,2022-09-08,14:04:34.841000,14:05:34.835000,00:00:59.994000,False,0 days 00:00:59.994000,59.994,0.9999,0.016665,1
downtime_248,2022-09-08,14:06:19.836000,14:07:49.846000,00:01:30.010000,False,0 days 00:01:30.010000,90.01,1.5001666666666666,0.02500277777777778,1
downtime_249,2022-09-08,14:13:04.854000,14:14:04.859000,00:01:00.005000,False,0 days 00:01:00.005000,60.005,1.0000833333333334,0.016668055555555557,1
downtime_250,2022-09-08,14:14:50.094000,14:16:05.757000,00:01:15.663000,False,0 days 00:01:15.663000,75.663,1.26105,0.021017499999999998,1
downtime_251,2022-09-08,14:19:34.874000,14:20:34.876000,00:01:00.002000,False,0 days 00:01:00.002000,60.002,1.0000333333333333,0.016667222222222222,1
downtime_252,2022-09-08,14:23:04.885000,14:23:49.887000,00:00:45.002000,False,0 days 00:00:45.002000,45.002,0.7500333333333333,0.012500555555555556,1
downtime_253,2022-09-08,14:25:34.893000,14:28:04.899000,00:02:30.006000,False,0 days 00:02:30.006000,150.006,2.5001,0.041668333333333335,1
downtime_254,2022-09-08,14:29:49.905000,14:31:04.908000,00:01:15.003000,False,0 days 00:01:15.003000,75.003,1.25005,0.020834166666666668,1
downtime_255,2022-09-08,14:41:19.938000,14:42:19.939000,00:01:00.001000,False,0 days 00:01:00.001000,60.001,1.0000166666666666,0.016666944444444443,1
downtime_256,2022-09-08,14:46:04.981000,14:47:19.967000,00:01:14.986000,False,0 days 00:01:14.986000,74.986,1.2497666666666667,0.020829444444444446,1
downtime_257,2022-09-08,14:49:34.961000,14:50:34.962000,00:01:00.001000,False,0 days 00:01:00.001000,60.001,1.0000166666666666,0.016666944444444443,1
downtime_258,2022-09-08,14:52:49.979000,14:53:49.970000,00:00:59.991000,False,0 days 00:00:59.991000,59.991,0.99985,0.016664166666666667,1
downtime_259,2022-09-08,14:56:04.977000,14:58:34.984000,00:02:30.007000,False,0 days 00:02:30.007000,150.007,2.5001166666666665,0.041668611111111115,1
downtime_260,2022-09-08,15:00:34.990000,15:02:19.996000,00:01:45.006000,False,0 days 00:01:45.006000,105.006,1.7501,0.029168333333333334,1
downtime_261,2022-09-08,15:07:05.009000,15:08:17.603000,00:01:12.594000,False,0 days 00:01:12.594000,72.594,1.2099,0.020165,1
downtime_262,2022-09-08,15:10:35.022000,15:12:05.030000,00:01:30.008000,False,0 days 00:01:30.008000,90.008,1.5001333333333333,0.02500222222222222,1
downtime_263,2022-09-08,15:13:05.034000,15:14:50.035000,00:01:45.001000,False,0 days 00:01:45.001000,105.001,1.7500166666666668,0.029166944444444447,1
downtime_264,2022-09-08,15:22:05.057000,15:23:05.053000,00:00:59.996000,False,0 days 00:00:59.996000,59.996,0.9999333333333333,0.016665555555555555,1
downtime_265,2022-09-08,15:27:35.065000,15:28:35.078000,00:01:00.013000,False,0 days 00:01:00.013000,60.013,1.0002166666666665,0.016670277777777777,1
downtime_266,2022-09-08,15:29:20.072000,15:31:50.076000,00:02:30.004000,False,0 days 00:02:30.004000,150.004,2.5000666666666667,0.041667777777777776,1
downtime_267,2022-09-08,15:33:05.082000,15:34:50.086000,00:01:45.004000,False,0 days 00:01:45.004000,105.004,1.7500666666666667,0.02916777777777778,1
downtime_268,2022-09-08,15:37:35.093000,15:38:35.099000,00:01:00.006000,False,0 days 00:01:00.006000,60.006,1.0001,0.016668333333333334,1
downtime_269,2022-09-08,15:39:35.102000,15:40:35.129000,00:01:00.027000,False,0 days 00:01:00.027000,60.027,1.00045,0.016674166666666667,1
downtime_270,2022-09-08,15:41:35.105000,15:42:35.108000,00:01:00.003000,False,0 days 00:01:00.003000,60.003,1.00005,0.016667500000000002,1
downtime_271,2022-09-08,15:43:20.322000,15:44:20.113000,00:00:59.791000,False,0 days 00:00:59.791000,59.791,0.9965166666666666,0.01660861111111111,1
downtime_272,2022-09-08,15:46:20.118000,15:47:20.125000,00:01:00.007000,False,0 days 00:01:00.007000,60.007,1.0001166666666665,0.01666861111111111,1
downtime_273,2022-09-08,15:50:20.130000,15:52:20.140000,00:02:00.010000,False,0 days 00:02:00.010000,120.01,2.000166666666667,0.033336111111111115,1
downtime_274,2022-09-12,13:34:46.988000,13:36:16.969000,00:01:29.981000,False,0 days 00:01:29.981000,89.981,1.4996833333333333,0.02499472222222222,1
downtime_275,2022-09-12,13:40:46.976000,13:42:16.983000,00:01:30.007000,False,0 days 00:01:30.007000,90.007,1.5001166666666668,0.025001944444444445,1
downtime_276,2022-09-12,13:43:31.991000,13:45:32.009000,00:02:00.018000,False,0 days 00:02:00.018000,120.018,2.0003,0.03333833333333333,1
downtime_277,2022-09-12,13:46:16.995000,13:47:31.998000,00:01:15.003000,False,0 days 00:01:15.003000,75.003,1.25005,0.020834166666666668,1
downtime_278,2022-09-12,13:48:16.998000,13:50:02.002000,00:01:45.004000,False,0 days 00:01:45.004000,105.004,1.7500666666666667,0.02916777777777778,1
downtime_279,2022-09-12,13:57:17.259000,13:58:17.034000,00:00:59.775000,False,0 days 00:00:59.775000,59.775,0.99625,0.016604166666666666,1
downtime_280,2022-09-12,14:01:32.074000,14:03:17.064000,00:01:44.990000,False,0 days 00:01:44.990000,104.99,1.7498333333333334,0.02916388888888889,1
downtime_281,2022-09-12,14:04:47.050000,14:05:47.048000,00:00:59.998000,False,0 days 00:00:59.998000,59.998,0.9999666666666667,0.01666611111111111,1
downtime_282,2022-09-12,14:06:47.059000,14:07:47.062000,00:01:00.003000,False,0 days 00:01:00.003000,60.003,1.00005,0.016667500000000002,1
downtime_283,2022-09-12,14:08:47.064000,14:10:17.063000,00:01:29.999000,False,0 days 00:01:29.999000,89.999,1.4999833333333332,0.024999722222222222,1
downtime_284,2022-09-12,14:14:47.084000,14:17:17.080000,00:02:29.996000,False,0 days 00:02:29.996000,149.996,2.4999333333333333,0.04166555555555556,1
downtime_285,2022-09-12,14:18:17.084000,14:20:02.091000,00:01:45.007000,False,0 days 00:01:45.007000,105.007,1.7501166666666668,0.029168611111111114,1
downtime_286,2022-09-12,14:21:02.118000,14:23:02.112000,00:01:59.994000,False,0 days 00:01:59.994000,119.994,1.9999,0.03333166666666667,1
downtime_287,2022-09-12,14:23:47.125000,14:25:17.103000,00:01:29.978000,False,0 days 00:01:29.978000,89.978,1.4996333333333332,0.02499388888888889,1
downtime_288,2022-09-12,14:26:02.106000,14:27:47.109000,00:01:45.003000,False,0 days 00:01:45.003000,105.003,1.75005,0.0291675,1
downtime_289,2022-09-12,14:29:02.115000,14:30:47.119000,00:01:45.004000,False,0 days 00:01:45.004000,105.004,1.7500666666666667,0.02916777777777778,1
downtime_290,2022-09-12,14:31:47.121000,14:33:32.128000,00:01:45.007000,False,0 days 00:01:45.007000,105.007,1.7501166666666668,0.029168611111111114,1
downtime_291,2022-09-12,14:39:02.146000,14:41:47.148000,00:02:45.002000,False,0 days 00:02:45.002000,165.002,2.7500333333333336,0.04583388888888889,1
downtime_292,2022-09-12,14:44:17.153000,14:45:41.498000,00:01:24.345000,False,0 days 00:01:24.345000,84.345,1.40575,0.023429166666666668,1
downtime_293,2022-09-12,14:46:47.172000,14:48:47.992000,00:02:00.820000,False,0 days 00:02:00.820000,120.82,2.0136666666666665,0.03356111111111111,1
downtime_294,2022-09-12,14:49:02.166000,14:50:32.622000,00:01:30.456000,False,0 days 00:01:30.456000,90.456,1.5076,0.02512666666666667,1
downtime_295,2022-09-12,14:52:47.176000,14:54:32.198000,00:01:45.022000,False,0 days 00:01:45.022000,105.022,1.7503666666666668,0.02917277777777778,1
downtime_296,2022-09-12,14:57:02.186000,14:59:17.197000,00:02:15.011000,False,0 days 00:02:15.011000,135.011,2.250183333333333,0.03750305555555555,1
downtime_297,2022-09-12,15:00:32.198000,15:02:02.477000,00:01:30.279000,False,0 days 00:01:30.279000,90.279,1.50465,0.0250775,1
downtime_298,2022-09-12,15:03:02.231000,15:04:32.209000,00:01:29.978000,False,0 days 00:01:29.978000,89.978,1.4996333333333332,0.02499388888888889,1
downtime_299,2022-09-12,15:09:17.225000,15:11:17.265000,00:02:00.040000,False,0 days 00:02:00.040000,120.04,2.0006666666666666,0.03334444444444445,1
downtime_300,2022-09-12,15:12:02.230000,15:13:17.236000,00:01:15.006000,False,0 days 00:01:15.006000,75.006,1.2501,0.020835,1
downtime_301,2022-09-12,15:14:17.238000,15:15:47.241000,00:01:30.003000,False,0 days 00:01:30.003000,90.003,1.50005,0.025000833333333333,1
downtime_302,2022-09-12,15:17:02.245000,15:19:02.278000,00:02:00.033000,False,0 days 00:02:00.033000,120.033,2.00055,0.0333425,1
downtime_303,2022-09-12,15:20:02.251000,15:22:02.258000,00:02:00.007000,False,0 days 00:02:00.007000,120.007,2.0001166666666665,0.033335277777777776,1
downtime_304,2022-09-12,15:23:17.296000,15:24:32.267000,00:01:14.971000,False,0 days 00:01:14.971000,74.971,1.2495166666666668,0.02082527777777778,1
downtime_305,2022-09-12,15:25:32.289000,15:27:02.275000,00:01:29.986000,False,0 days 00:01:29.986000,89.986,1.4997666666666667,0.02499611111111111,1
downtime_306,2022-09-12,15:29:47.283000,15:31:47.288000,00:02:00.005000,False,0 days 00:02:00.005000,120.005,2.0000833333333334,0.033334722222222224,1
downtime_307,2022-09-12,15:32:47.290000,15:34:32.538000,00:01:45.248000,False,0 days 00:01:45.248000,105.248,1.7541333333333333,0.029235555555555556,1
downtime_308,2022-09-12,15:35:32.308000,15:37:32.306000,00:01:59.998000,False,0 days 00:01:59.998000,119.998,1.9999666666666667,0.03333277777777778,1
downtime_309,2022-09-12,15:38:32.307000,15:40:02.312000,00:01:30.005000,False,0 days 00:01:30.005000,90.005,1.5000833333333332,0.02500138888888889,1
downtime_310,2022-09-12,15:41:02.315000,15:44:02.322000,00:03:00.007000,False,0 days 00:03:00.007000,180.007,3.0001166666666665,0.050001944444444446,1
downtime_311,2022-09-12,15:45:02.324000,15:49:47.340000,00:04:45.016000,False,0 days 00:04:45.016000,285.016,4.750266666666667,0.07917111111111112,1
downtime_312,2022-09-12,15:50:32.343000,16:16:29.694000,00:25:57.351000,False,0 days 00:25:57.351000,1557.351,25.95585,0.4325975,1
downtime_313,2022-09-12,16:18:14.697000,16:22:44.720000,00:04:30.023000,False,0 days 00:04:30.023000,270.023,4.500383333333334,0.0750063888888889,1
downtime_314,2022-09-12,16:25:14.718000,16:26:59.728000,00:01:45.010000,False,0 days 00:01:45.010000,105.01,1.7501666666666666,0.029169444444444446,1
downtime_315,2022-09-12,16:28:14.736000,16:29:44.732000,00:01:29.996000,False,0 days 00:01:29.996000,89.996,1.4999333333333333,0.024998888888888886,1
downtime_316,2022-09-12,16:30:44.731000,16:32:29.736000,00:01:45.005000,False,0 days 00:01:45.005000,105.005,1.7500833333333332,0.029168055555555555,1
downtime_317,2022-09-12,16:33:14.754000,16:35:14.946000,00:02:00.192000,False,0 days 00:02:00.192000,120.192,2.0032,0.03338666666666666,1
downtime_318,2022-09-12,16:36:14.752000,16:37:59.756000,00:01:45.004000,False,0 days 00:01:45.004000,105.004,1.7500666666666667,0.02916777777777778,1
downtime_319,2022-09-12,16:38:59.777000,16:40:29.765000,00:01:29.988000,False,0 days 00:01:29.988000,89.988,1.4998,0.024996666666666667,1
downtime_320,2022-09-12,16:41:44.764000,16:42:59.809000,00:01:15.045000,False,0 days 00:01:15.045000,75.045,1.25075,0.020845833333333334,1
downtime_321,2022-09-12,16:43:44.785000,16:44:59.964000,00:01:15.179000,False,0 days 00:01:15.179000,75.179,1.2529833333333333,0.020883055555555557,1
downtime_322,2022-09-12,16:45:59.777000,16:47:59.786000,00:02:00.009000,False,0 days 00:02:00.009000,120.009,2.00015,0.033335833333333335,1
downtime_323,2022-09-12,16:49:14.995000,16:51:14.802000,00:01:59.807000,False,0 days 00:01:59.807000,119.807,1.9967833333333334,0.033279722222222224,1
downtime_324,2022-09-12,16:52:14.794000,16:53:44.801000,00:01:30.007000,False,0 days 00:01:30.007000,90.007,1.5001166666666668,0.025001944444444445,1
downtime_325,2022-09-12,16:54:29.929000,16:55:44.806000,00:01:14.877000,False,0 days 00:01:14.877000,74.877,1.24795,0.020799166666666664,1
downtime_326,2022-09-12,16:56:29.807000,16:58:14.814000,00:01:45.007000,False,0 days 00:01:45.007000,105.007,1.7501166666666668,0.029168611111111114,1
downtime_327,2022-09-12,16:59:14.831000,17:00:59.819000,00:01:44.988000,False,0 days 00:01:44.988000,104.988,1.7498,0.029163333333333333,1
downtime_328,2022-09-12,17:01:59.850000,17:03:14.825000,00:01:14.975000,False,0 days 00:01:14.975000,74.975,1.2495833333333333,0.020826388888888887,1
downtime_329,2022-09-15,10:18:01.427000,10:19:01.434000,00:01:00.007000,False,0 days 00:01:00.007000,60.007,1.0001166666666665,0.01666861111111111,1
downtime_330,2022-09-15,10:23:46.446000,10:24:46.447000,00:01:00.001000,False,0 days 00:01:00.001000,60.001,1.0000166666666666,0.016666944444444443,1
downtime_331,2022-09-15,10:28:16.467000,10:29:16.459000,00:00:59.992000,False,0 days 00:00:59.992000,59.992,0.9998666666666666,0.016664444444444444,1
downtime_332,2022-09-15,10:30:01.463000,10:31:01.463000,00:01:00,False,0 days 00:01:00,60.0,1.0,0.016666666666666666,1
downtime_333,2022-09-15,10:37:01.482000,10:38:01.504000,00:01:00.022000,False,0 days 00:01:00.022000,60.022,1.0003666666666666,0.016672777777777776,1
downtime_334,2022-09-15,10:48:01.510000,10:49:01.523000,00:01:00.013000,False,0 days 00:01:00.013000,60.013,1.0002166666666665,0.016670277777777777,1
downtime_335,2022-09-15,10:50:01.515000,10:51:01.519000,00:01:00.004000,False,0 days 00:01:00.004000,60.004,1.0000666666666667,0.016667777777777778,1
downtime_336,2022-09-15,10:52:01.549000,10:53:16.527000,00:01:14.978000,False,0 days 00:01:14.978000,74.978,1.2496333333333332,0.02082722222222222,1
downtime_337,2022-09-15,10:59:16.544000,11:02:46.549000,00:03:30.005000,False,0 days 00:03:30.005000,210.005,3.5000833333333334,0.05833472222222222,1
downtime_338,2022-09-15,11:07:46.564000,11:09:16.567000,00:01:30.003000,False,0 days 00:01:30.003000,90.003,1.50005,0.025000833333333333,1
downtime_339,2022-09-15,11:15:46.585000,11:16:46.586000,00:01:00.001000,False,0 days 00:01:00.001000,60.001,1.0000166666666666,0.016666944444444443,1
downtime_340,2022-09-15,11:21:01.602000,11:22:01.603000,00:01:00.001000,False,0 days 00:01:00.001000,60.001,1.0000166666666666,0.016666944444444443,1
downtime_341,2022-09-15,11:28:01.620000,11:29:01.623000,00:01:00.003000,False,0 days 00:01:00.003000,60.003,1.00005,0.016667500000000002,1
downtime_342,2022-09-15,11:30:01.624000,11:31:01.643000,00:01:00.019000,False,0 days 00:01:00.019000,60.019,1.0003166666666667,0.016671944444444444,1
downtime_343,2022-09-15,11:33:46.637000,11:34:46.638000,00:01:00.001000,False,0 days 00:01:00.001000,60.001,1.0000166666666666,0.016666944444444443,1
downtime_344,2022-09-15,11:38:31.650000,11:39:31.654000,00:01:00.004000,False,0 days 00:01:00.004000,60.004,1.0000666666666667,0.016667777777777778,1
downtime_345,2022-09-15,11:40:16.654000,11:41:16.659000,00:01:00.005000,False,0 days 00:01:00.005000,60.005,1.0000833333333334,0.016668055555555557,1
downtime_346,2022-09-15,11:47:16.679000,11:48:16.676000,00:00:59.997000,False,0 days 00:00:59.997000,59.997,0.99995,0.016665833333333335,1
downtime_347,2022-09-15,11:50:46.684000,11:52:01.686000,00:01:15.002000,False,0 days 00:01:15.002000,75.002,1.2500333333333333,0.020833888888888888,1
downtime_348,2022-09-15,11:52:46.687000,11:54:16.693000,00:01:30.006000,False,0 days 00:01:30.006000,90.006,1.5001,0.025001666666666665,1
downtime_349,2022-09-15,11:56:16.698000,11:58:03.149000,00:01:46.451000,False,0 days 00:01:46.451000,106.451,1.7741833333333332,0.02956972222222222,1
downtime_350,2022-09-15,11:59:16.705000,13:31:46.964000,01:32:30.259000,False,0 days 01:32:30.259000,5550.259,92.50431666666667,1.541738611111111,1
downtime_351,2022-09-15,13:33:16.972000,13:34:16.971000,00:00:59.999000,False,0 days 00:00:59.999000,59.999,0.9999833333333333,0.01666638888888889,1
downtime_352,2022-09-15,13:35:16.975000,13:36:16.982000,00:01:00.007000,False,0 days 00:01:00.007000,60.007,1.0001166666666665,0.01666861111111111,1
downtime_353,2022-09-15,13:37:01.982000,13:38:01.995000,00:01:00.013000,False,0 days 00:01:00.013000,60.013,1.0002166666666665,0.016670277777777777,1
downtime_354,2022-09-15,13:40:17.024000,13:42:01.992000,00:01:44.968000,False,0 days 00:01:44.968000,104.968,1.7494666666666667,0.02915777777777778,1
downtime_355,2022-09-15,13:44:17.046000,13:45:32.029000,00:01:14.983000,False,0 days 00:01:14.983000,74.983,1.2497166666666668,0.020828611111111114,1
downtime_356,2022-09-15,13:49:47.058000,13:50:47.017000,00:00:59.959000,False,0 days 00:00:59.959000,59.959,0.9993166666666667,0.01665527777777778,1
downtime_357,2022-09-15,13:51:32.050000,13:52:32.047000,00:00:59.997000,False,0 days 00:00:59.997000,59.997,0.99995,0.016665833333333335,1
downtime_358,2022-09-15,13:53:33.532000,13:54:32.040000,00:00:58.508000,False,0 days 00:00:58.508000,58.508,0.9751333333333334,0.016252222222222223,1
downtime_359,2022-09-15,13:55:32.038000,13:56:47.038000,00:01:15,False,0 days 00:01:15,75.0,1.25,0.020833333333333332,1
downtime_360,2022-09-15,13:57:32.038000,13:58:47.045000,00:01:15.007000,False,0 days 00:01:15.007000,75.007,1.2501166666666668,0.02083527777777778,1
downtime_361,2022-09-15,13:59:47.047000,14:00:47.077000,00:01:00.030000,False,0 days 00:01:00.030000,60.03,1.0005,0.016675,1
downtime_362,2022-09-15,14:04:32.054000,14:05:32.059000,00:01:00.005000,False,0 days 00:01:00.005000,60.005,1.0000833333333334,0.016668055555555557,1
downtime_363,2022-09-15,14:06:17.095000,14:07:17.092000,00:00:59.997000,False,0 days 00:00:59.997000,59.997,0.99995,0.016665833333333335,1
downtime_364,2022-09-15,14:09:02.068000,14:10:32.090000,00:01:30.022000,False,0 days 00:01:30.022000,90.022,1.5003666666666668,0.025006111111111114,1
downtime_365,2022-09-15,14:14:17.081000,14:15:17.087000,00:01:00.006000,False,0 days 00:01:00.006000,60.006,1.0001,0.016668333333333334,1
downtime_366,2022-09-15,14:16:02.088000,14:17:17.092000,00:01:15.004000,False,0 days 00:01:15.004000,75.004,1.2500666666666667,0.020834444444444447,1
downtime_367,2022-09-15,14:18:02.096000,14:19:32.098000,00:01:30.002000,False,0 days 00:01:30.002000,90.002,1.5000333333333333,0.025000555555555554,1
downtime_368,2022-09-15,14:21:32.105000,14:22:32.104000,00:00:59.999000,False,0 days 00:00:59.999000,59.999,0.9999833333333333,0.01666638888888889,1
downtime_369,2022-09-15,14:23:17.109000,14:24:17.139000,00:01:00.030000,False,0 days 00:01:00.030000,60.03,1.0005,0.016675,1
downtime_370,2022-09-15,14:25:02.130000,14:26:17.137000,00:01:15.007000,False,0 days 00:01:15.007000,75.007,1.2501166666666668,0.02083527777777778,1
downtime_371,2022-09-15,14:27:02.124000,14:28:02.122000,00:00:59.998000,False,0 days 00:00:59.998000,59.998,0.9999666666666667,0.01666611111111111,1
downtime_372,2022-09-15,14:35:17.142000,14:37:32.149000,00:02:15.007000,False,0 days 00:02:15.007000,135.007,2.2501166666666665,0.03750194444444445,1
downtime_373,2022-09-15,14:45:17.395000,14:47:17.215000,00:01:59.820000,False,0 days 00:01:59.820000,119.82,1.9969999999999999,0.03328333333333333,1
downtime_374,2022-09-15,14:50:02.182000,14:51:02.187000,00:01:00.005000,False,0 days 00:01:00.005000,60.005,1.0000833333333334,0.016668055555555557,1
downtime_375,2022-09-15,14:52:02.215000,14:53:17.208000,00:01:14.993000,False,0 days 00:01:14.993000,74.993,1.2498833333333332,0.02083138888888889,1
downtime_376,2022-09-15,14:54:17.198000,14:55:32.197000,00:01:14.999000,False,0 days 00:01:14.999000,74.999,1.2499833333333332,0.020833055555555553,1
downtime_377,2022-09-15,15:01:02.214000,15:02:32.250000,00:01:30.036000,False,0 days 00:01:30.036000,90.036,1.5006,0.02501,1
downtime_378,2022-09-15,15:03:17.218000,15:04:17.223000,00:01:00.005000,False,0 days 00:01:00.005000,60.005,1.0000833333333334,0.016668055555555557,1
downtime_379,2022-09-15,15:05:17.239000,15:06:17.227000,00:00:59.988000,False,0 days 00:00:59.988000,59.988,0.9998,0.016663333333333332,1
downtime_380,2022-09-15,15:07:02.232000,15:08:02.234000,00:01:00.002000,False,0 days 00:01:00.002000,60.002,1.0000333333333333,0.016667222222222222,1
downtime_381,2022-09-15,15:09:47.253000,15:10:47.251000,00:00:59.998000,False,0 days 00:00:59.998000,59.998,0.9999666666666667,0.01666611111111111,1
downtime_382,2022-09-15,15:11:47.278000,15:12:47.244000,00:00:59.966000,False,0 days 00:00:59.966000,59.966,0.9994333333333334,0.016657222222222223,1
downtime_383,2022-09-15,15:15:17.255000,15:16:17.259000,00:01:00.004000,False,0 days 00:01:00.004000,60.004,1.0000666666666667,0.016667777777777778,1
downtime_384,2022-09-15,15:18:32.261000,15:19:32.288000,00:01:00.027000,False,0 days 00:01:00.027000,60.027,1.00045,0.016674166666666667,1
downtime_385,2022-09-15,15:22:02.275000,15:23:02.274000,00:00:59.999000,False,0 days 00:00:59.999000,59.999,0.9999833333333333,0.01666638888888889,1
downtime_386,2022-09-15,15:23:47.289000,15:29:02.292000,00:05:15.003000,False,0 days 00:05:15.003000,315.003,5.25005,0.08750083333333333,1
downtime_387,2022-09-15,15:33:02.305000,15:34:17.309000,00:01:15.004000,False,0 days 00:01:15.004000,75.004,1.2500666666666667,0.020834444444444447,1
downtime_388,2022-09-15,15:38:17.328000,15:40:02.328000,00:01:45,False,0 days 00:01:45,105.0,1.75,0.029166666666666667,1
downtime_389,2022-09-15,15:42:17.330000,15:45:17.371000,00:03:00.041000,False,0 days 00:03:00.041000,180.041,3.0006833333333334,0.05001138888888889,1
downtime_390,2022-09-15,15:48:17.384000,16:09:32.425000,00:21:15.041000,False,0 days 00:21:15.041000,1275.041,21.25068333333333,0.35417805555555554,1
downtime_391,2022-09-15,16:13:17.437000,16:17:02.441000,00:03:45.004000,False,0 days 00:03:45.004000,225.004,3.7500666666666667,0.0625011111111111,1
downtime_392,2022-09-20,10:15:40.174000,10:17:40.215000,00:02:00.041000,False,0 days 00:02:00.041000,120.041,2.0006833333333334,0.03334472222222222,1
downtime_393,2022-09-20,10:19:10.168000,10:21:10.179000,00:02:00.011000,False,0 days 00:02:00.011000,120.011,2.000183333333333,0.03333638888888889,1
downtime_394,2022-09-20,10:22:25.200000,10:24:25.182000,00:01:59.982000,False,0 days 00:01:59.982000,119.982,1.9997,0.033328333333333335,1
downtime_395,2022-09-20,10:25:25.202000,10:27:10.217000,00:01:45.015000,False,0 days 00:01:45.015000,105.015,1.75025,0.029170833333333333,1
downtime_396,2022-09-20,10:28:25.193000,10:30:40.217000,00:02:15.024000,False,0 days 00:02:15.024000,135.024,2.2504,0.03750666666666667,1
downtime_397,2022-09-20,10:31:55.202000,10:33:55.208000,00:02:00.006000,False,0 days 00:02:00.006000,120.006,2.0001,0.033335000000000004,1
downtime_398,2022-09-20,10:35:10.211000,10:37:25.227000,00:02:15.016000,False,0 days 00:02:15.016000,135.016,2.2502666666666666,0.037504444444444444,1
downtime_399,2022-09-20,10:38:40.223000,10:40:55.246000,00:02:15.023000,False,0 days 00:02:15.023000,135.023,2.250383333333333,0.03750638888888889,1
downtime_400,2022-09-20,10:42:25.242000,10:44:10.240000,00:01:44.998000,False,0 days 00:01:44.998000,104.998,1.7499666666666667,0.02916611111111111,1
downtime_401,2022-09-20,10:45:25.252000,10:47:40.298000,00:02:15.046000,False,0 days 00:02:15.046000,135.046,2.2507666666666664,0.03751277777777778,1
downtime_402,2022-09-20,10:48:55.287000,10:50:55.257000,00:01:59.970000,False,0 days 00:01:59.970000,119.97,1.9995,0.033325,1
downtime_403,2022-09-20,10:52:10.282000,10:54:25.272000,00:02:14.990000,False,0 days 00:02:14.990000,134.99,2.2498333333333336,0.03749722222222222,1
downtime_404,2022-09-20,10:55:40.268000,10:57:55.273000,00:02:15.005000,False,0 days 00:02:15.005000,135.005,2.2500833333333334,0.03750138888888889,1
downtime_405,2022-09-20,10:58:55.276000,11:01:10.283000,00:02:15.007000,False,0 days 00:02:15.007000,135.007,2.2501166666666665,0.03750194444444445,1
downtime_406,2022-09-20,11:02:25.289000,11:04:25.290000,00:02:00.001000,False,0 days 00:02:00.001000,120.001,2.0000166666666668,0.03333361111111111,1
downtime_407,2022-09-20,11:05:41.598000,11:07:40.340000,00:01:58.742000,False,0 days 00:01:58.742000,118.742,1.9790333333333334,0.03298388888888889,1
downtime_408,2022-09-20,11:08:55.313000,11:10:55.318000,00:02:00.005000,False,0 days 00:02:00.005000,120.005,2.0000833333333334,0.033334722222222224,1
downtime_409,2022-09-20,11:12:10.312000,11:14:10.317000,00:02:00.005000,False,0 days 00:02:00.005000,120.005,2.0000833333333334,0.033334722222222224,1
downtime_410,2022-09-20,11:15:25.322000,11:17:25.328000,00:02:00.006000,False,0 days 00:02:00.006000,120.006,2.0001,0.033335000000000004,1
downtime_411,2022-09-20,11:18:25.330000,11:20:40.338000,00:02:15.008000,False,0 days 00:02:15.008000,135.008,2.2501333333333333,0.03750222222222222,1
downtime_412,2022-09-20,11:21:55.344000,11:24:10.349000,00:02:15.005000,False,0 days 00:02:15.005000,135.005,2.2500833333333334,0.03750138888888889,1
downtime_413,2022-09-20,11:25:25.351000,11:27:25.354000,00:02:00.003000,False,0 days 00:02:00.003000,120.003,2.00005,0.033334166666666665,1
downtime_414,2022-09-20,11:28:40.415000,11:30:40.367000,00:01:59.952000,False,0 days 00:01:59.952000,119.952,1.9991999999999999,0.03332,1
downtime_415,2022-09-20,11:31:55.400000,11:33:55.374000,00:01:59.974000,False,0 days 00:01:59.974000,119.974,1.9995666666666667,0.03332611111111111,1
downtime_416,2022-09-20,11:35:25.410000,11:37:25.385000,00:01:59.975000,False,0 days 00:01:59.975000,119.975,1.9995833333333333,0.033326388888888885,1
downtime_417,2022-09-20,11:38:40.389000,11:40:40.394000,00:02:00.005000,False,0 days 00:02:00.005000,120.005,2.0000833333333334,0.033334722222222224,1
downtime_418,2022-09-20,11:41:55.423000,11:44:10.408000,00:02:14.985000,False,0 days 00:02:14.985000,134.985,2.24975,0.03749583333333334,1
downtime_419,2022-09-20,11:45:25.405000,11:47:25.411000,00:02:00.006000,False,0 days 00:02:00.006000,120.006,2.0001,0.033335000000000004,1
downtime_420,2022-09-20,11:48:40.427000,11:50:40.450000,00:02:00.023000,False,0 days 00:02:00.023000,120.023,2.000383333333333,0.03333972222222222,1
downtime_421,2022-09-20,11:51:55.616000,11:54:10.453000,00:02:14.837000,False,0 days 00:02:14.837000,134.837,2.2472833333333333,0.03745472222222222,1
downtime_422,2022-09-20,11:55:10.455000,11:58:40.446000,00:03:29.991000,False,0 days 00:03:29.991000,209.991,3.4998500000000003,0.05833083333333334,1
downtime_423,2022-09-20,11:59:40.446000,12:02:55.455000,00:03:15.009000,False,0 days 00:03:15.009000,195.009,3.2501499999999997,0.054169166666666664,1
downtime_424,2022-09-20,13:41:25.734000,13:42:25.762000,00:01:00.028000,False,0 days 00:01:00.028000,60.028,1.0004666666666666,0.016674444444444443,1
downtime_425,2022-09-20,13:43:55.738000,13:46:10.743000,00:02:15.005000,False,0 days 00:02:15.005000,135.005,2.2500833333333334,0.03750138888888889,1
downtime_426,2022-09-20,13:47:40.748000,13:49:40.753000,00:02:00.005000,False,0 days 00:02:00.005000,120.005,2.0000833333333334,0.033334722222222224,1
downtime_427,2022-09-20,13:50:55.788000,13:53:25.762000,00:02:29.974000,False,0 days 00:02:29.974000,149.974,2.4995666666666665,0.04165944444444444,1
downtime_428,2022-09-20,13:54:40.770000,13:56:55.774000,00:02:15.004000,False,0 days 00:02:15.004000,135.004,2.2500666666666667,0.03750111111111111,1
downtime_429,2022-09-20,13:58:10.782000,14:00:25.806000,00:02:15.024000,False,0 days 00:02:15.024000,135.024,2.2504,0.03750666666666667,1
downtime_430,2022-09-20,14:01:40.790000,14:03:55.794000,00:02:15.004000,False,0 days 00:02:15.004000,135.004,2.2500666666666667,0.03750111111111111,1
downtime_431,2022-09-20,14:05:10.812000,14:07:25.809000,00:02:14.997000,False,0 days 00:02:14.997000,134.997,2.24995,0.037499166666666674,1
downtime_432,2022-09-20,14:08:40.957000,14:11:10.818000,00:02:29.861000,False,0 days 00:02:29.861000,149.861,2.4976833333333333,0.04162805555555555,1
downtime_433,2022-09-20,14:12:25.890000,14:14:55.824000,00:02:29.934000,False,0 days 00:02:29.934000,149.934,2.4989,0.041648333333333336,1
downtime_434,2022-09-20,14:17:40.834000,14:19:25.835000,00:01:45.001000,False,0 days 00:01:45.001000,105.001,1.7500166666666668,0.029166944444444447,1
downtime_435,2022-09-20,14:20:40.839000,14:22:55.848000,00:02:15.009000,False,0 days 00:02:15.009000,135.009,2.2501499999999997,0.037502499999999994,1
downtime_436,2022-09-20,14:24:10.861000,14:26:40.856000,00:02:29.995000,False,0 days 00:02:29.995000,149.995,2.4999166666666666,0.04166527777777778,1
downtime_437,2022-09-20,14:27:55.859000,14:30:10.874000,00:02:15.015000,False,0 days 00:02:15.015000,135.015,2.25025,0.037504166666666665,1
downtime_438,2022-09-20,14:31:25.871000,14:33:25.875000,00:02:00.004000,False,0 days 00:02:00.004000,120.004,2.0000666666666667,0.033334444444444444,1
downtime_439,2022-09-20,14:34:40.878000,14:37:10.889000,00:02:30.011000,False,0 days 00:02:30.011000,150.011,2.500183333333333,0.04166972222222222,1
downtime_440,2022-09-20,14:38:25.891000,14:40:40.896000,00:02:15.005000,False,0 days 00:02:15.005000,135.005,2.2500833333333334,0.03750138888888889,1
downtime_441,2022-09-22,11:07:22.419000,11:08:22.425000,00:01:00.006000,False,0 days 00:01:00.006000,60.006,1.0001,0.016668333333333334,1
downtime_442,2022-09-22,11:13:22.438000,11:14:22.439000,00:01:00.001000,False,0 days 00:01:00.001000,60.001,1.0000166666666666,0.016666944444444443,1
downtime_443,2022-09-22,11:17:22.450000,11:18:22.450000,00:01:00,False,0 days 00:01:00,60.0,1.0,0.016666666666666666,1
downtime_444,2022-09-22,11:20:52.561000,11:21:52.462000,00:00:59.901000,False,0 days 00:00:59.901000,59.901,0.9983500000000001,0.016639166666666667,1
downtime_445,2022-09-22,11:26:22.474000,11:27:22.474000,00:01:00,False,0 days 00:01:00,60.0,1.0,0.016666666666666666,1
downtime_446,2022-09-22,11:30:07.482000,11:31:07.488000,00:01:00.006000,False,0 days 00:01:00.006000,60.006,1.0001,0.016668333333333334,1
downtime_447,2022-09-22,11:32:07.491000,11:33:07.493000,00:01:00.002000,False,0 days 00:01:00.002000,60.002,1.0000333333333333,0.016667222222222222,1
downtime_448,2022-09-22,11:34:07.498000,11:35:07.593000,00:01:00.095000,False,0 days 00:01:00.095000,60.095,1.0015833333333333,0.016693055555555555,1
downtime_449,2022-09-22,11:42:12.700000,11:43:12.805000,00:01:00.105000,False,0 days 00:01:00.105000,60.105,1.00175,0.016695833333333333,1
downtime_450,2022-09-22,11:44:12.721000,11:45:12.701000,00:00:59.980000,False,0 days 00:00:59.980000,59.98,0.9996666666666666,0.01666111111111111,1
downtime_451,2022-09-22,11:47:57.741000,11:48:57.710000,00:00:59.969000,False,0 days 00:00:59.969000,59.969,0.9994833333333334,0.016658055555555554,1
downtime_452,2022-09-22,13:35:58.015000,13:37:28.028000,00:01:30.013000,False,0 days 00:01:30.013000,90.013,1.5002166666666668,0.025003611111111112,1
downtime_453,2022-09-22,13:42:13.054000,13:43:13.041000,00:00:59.987000,False,0 days 00:00:59.987000,59.987,0.9997833333333334,0.016663055555555556,1
downtime_454,2022-09-22,13:52:28.066000,13:53:28.081000,00:01:00.015000,False,0 days 00:01:00.015000,60.015,1.00025,0.016670833333333333,1
downtime_455,2022-09-22,13:54:28.072000,13:55:28.099000,00:01:00.027000,False,0 days 00:01:00.027000,60.027,1.00045,0.016674166666666667,1
downtime_456,2022-09-22,13:57:58.089000,13:58:58.111000,00:01:00.022000,False,0 days 00:01:00.022000,60.022,1.0003666666666666,0.016672777777777776,1
downtime_457,2022-09-22,14:00:13.085000,14:00:58.085000,00:00:45,False,0 days 00:00:45,45.0,0.75,0.0125,1
downtime_458,2022-09-22,14:02:13.088000,14:03:13.121000,00:01:00.033000,False,0 days 00:01:00.033000,60.033,1.00055,0.016675833333333334,1
downtime_459,2022-09-22,14:04:13.153000,14:05:13.094000,00:00:59.941000,False,0 days 00:00:59.941000,59.941,0.9990166666666667,0.016650277777777778,1
downtime_460,2022-09-22,14:07:58.134000,14:08:58.106000,00:00:59.972000,False,0 days 00:00:59.972000,59.972,0.9995333333333334,0.01665888888888889,1
downtime_461,2022-09-22,14:14:13.122000,14:15:13.124000,00:01:00.002000,False,0 days 00:01:00.002000,60.002,1.0000333333333333,0.016667222222222222,1
downtime_462,2022-09-22,14:21:13.146000,14:22:13.142000,00:00:59.996000,False,0 days 00:00:59.996000,59.996,0.9999333333333333,0.016665555555555555,1
downtime_463,2022-09-22,14:30:28.169000,14:31:28.170000,00:01:00.001000,False,0 days 00:01:00.001000,60.001,1.0000166666666666,0.016666944444444443,1
downtime_464,2022-09-22,14:34:13.177000,14:35:13.182000,00:01:00.005000,False,0 days 00:01:00.005000,60.005,1.0000833333333334,0.016668055555555557,1
downtime_465,2022-09-22,14:36:13.180000,14:37:13.217000,00:01:00.037000,False,0 days 00:01:00.037000,60.037,1.0006166666666667,0.016676944444444446,1
downtime_466,2022-09-22,14:42:13.197000,14:47:35.356000,00:05:22.159000,False,0 days 00:05:22.159000,322.159,5.369316666666666,0.0894886111111111,1
downtime_467,2022-09-22,14:49:35.430000,15:25:20.465000,00:35:45.035000,False,0 days 00:35:45.035000,2145.035,35.75058333333333,0.5958430555555555,1
downtime_468,2022-09-22,15:28:05.499000,15:29:05.495000,00:00:59.996000,False,0 days 00:00:59.996000,59.996,0.9999333333333333,0.016665555555555555,1
downtime_469,2022-09-22,15:30:05.479000,15:31:05.482000,00:01:00.003000,False,0 days 00:01:00.003000,60.003,1.00005,0.016667500000000002,1
downtime_470,2022-09-22,15:36:50.512000,15:37:50.531000,00:01:00.019000,False,0 days 00:01:00.019000,60.019,1.0003166666666667,0.016671944444444444,1
downtime_471,2022-09-22,15:38:50.516000,15:39:50.531000,00:01:00.015000,False,0 days 00:01:00.015000,60.015,1.00025,0.016670833333333333,1
downtime_472,2022-09-22,15:46:05.524000,15:47:05.533000,00:01:00.009000,False,0 days 00:01:00.009000,60.009,1.00015,0.016669166666666665,1
downtime_473,2022-09-22,15:48:05.528000,15:49:05.531000,00:01:00.003000,False,0 days 00:01:00.003000,60.003,1.00005,0.016667500000000002,1
downtime_474,2022-09-22,15:50:05.534000,15:51:05.546000,00:01:00.012000,False,0 days 00:01:00.012000,60.012,1.0002,0.01667,1
downtime_475,2022-09-22,15:52:05.541000,15:53:05.561000,00:01:00.020000,False,0 days 00:01:00.020000,60.02,1.0003333333333333,0.016672222222222224,1
downtime_476,2022-09-22,16:01:50.595000,16:03:35.574000,00:01:44.979000,False,0 days 00:01:44.979000,104.979,1.74965,0.029160833333333334,1
downtime_477,2022-09-22,16:11:50.599000,16:12:50.599000,00:01:00,False,0 days 00:01:00,60.0,1.0,0.016666666666666666,1
downtime_478,2022-09-22,16:19:20.622000,16:20:20.636000,00:01:00.014000,False,0 days 00:01:00.014000,60.014,1.0002333333333333,0.016670555555555557,1
downtime_479,2022-09-22,16:25:20.645000,16:26:20.640000,00:00:59.995000,False,0 days 00:00:59.995000,59.995,0.9999166666666667,0.016665277777777775,1
downtime_480,2022-09-28,14:42:28.559000,14:43:43.585000,00:01:15.026000,False,0 days 00:01:15.026000,75.026,1.2504333333333333,0.020840555555555553,1
downtime_481,2022-09-28,14:44:58.567000,14:45:58.584000,00:01:00.017000,False,0 days 00:01:00.017000,60.017,1.0002833333333334,0.01667138888888889,1
downtime_482,2022-09-28,14:49:13.576000,14:50:13.733000,00:01:00.157000,False,0 days 00:01:00.157000,60.157,1.0026166666666667,0.016710277777777775,1
downtime_483,2022-09-28,14:51:13.588000,14:52:43.585000,00:01:29.997000,False,0 days 00:01:29.997000,89.997,1.49995,0.024999166666666666,1
downtime_484,2022-09-28,14:56:43.604000,14:57:43.599000,00:00:59.995000,False,0 days 00:00:59.995000,59.995,0.9999166666666667,0.016665277777777775,1
downtime_485,2022-09-28,15:04:43.621000,15:05:43.624000,00:01:00.003000,False,0 days 00:01:00.003000,60.003,1.00005,0.016667500000000002,1
downtime_486,2022-09-28,15:06:43.624000,15:07:43.638000,00:01:00.014000,False,0 days 00:01:00.014000,60.014,1.0002333333333333,0.016670555555555557,1
downtime_487,2022-09-28,15:09:58.637000,15:10:58.636000,00:00:59.999000,False,0 days 00:00:59.999000,59.999,0.9999833333333333,0.01666638888888889,1
downtime_488,2022-09-28,15:11:58.679000,15:12:58.641000,00:00:59.962000,False,0 days 00:00:59.962000,59.962,0.9993666666666667,0.01665611111111111,1
downtime_489,2022-09-28,15:15:43.648000,15:16:58.655000,00:01:15.007000,False,0 days 00:01:15.007000,75.007,1.2501166666666668,0.02083527777777778,1
downtime_490,2022-09-28,15:18:13.680000,15:19:13.661000,00:00:59.981000,False,0 days 00:00:59.981000,59.981,0.9996833333333334,0.01666138888888889,1
downtime_491,2022-09-28,15:20:13.663000,15:21:13.669000,00:01:00.006000,False,0 days 00:01:00.006000,60.006,1.0001,0.016668333333333334,1
downtime_492,2022-09-28,15:22:28.669000,15:23:28.671000,00:01:00.002000,False,0 days 00:01:00.002000,60.002,1.0000333333333333,0.016667222222222222,1
downtime_493,2022-09-28,15:26:43.684000,15:27:43.688000,00:01:00.004000,False,0 days 00:01:00.004000,60.004,1.0000666666666667,0.016667777777777778,1
downtime_494,2022-09-28,15:28:43.685000,15:29:43.689000,00:01:00.004000,False,0 days 00:01:00.004000,60.004,1.0000666666666667,0.016667777777777778,1
downtime_495,2022-09-28,15:30:43.687000,15:31:43.692000,00:01:00.005000,False,0 days 00:01:00.005000,60.005,1.0000833333333334,0.016668055555555557,1
downtime_496,2022-09-28,15:34:43.702000,15:35:43.721000,00:01:00.019000,False,0 days 00:01:00.019000,60.019,1.0003166666666667,0.016671944444444444,1
downtime_497,2022-09-28,15:38:58.723000,15:39:58.742000,00:01:00.019000,False,0 days 00:01:00.019000,60.019,1.0003166666666667,0.016671944444444444,1
downtime_498,2022-09-28,15:44:58.731000,17:53:29.079000,02:08:30.348000,False,0 days 02:08:30.348000,7710.348,128.5058,2.1417633333333335,1
downtime_499,2022-09-28,17:54:44.079000,17:58:44.090000,00:04:00.011000,False,0 days 00:04:00.011000,240.011,4.000183333333333,0.06666972222222223,1
downtime_500,2022-09-28,18:00:14.095000,18:03:14.102000,00:03:00.007000,False,0 days 00:03:00.007000,180.007,3.0001166666666665,0.050001944444444446,1
downtime_501,2022-09-28,18:04:14.115000,18:06:59.114000,00:02:44.999000,False,0 days 00:02:44.999000,164.999,2.7499833333333332,0.04583305555555556,1
downtime_502,2022-09-28,18:07:59.117000,18:10:14.144000,00:02:15.027000,False,0 days 00:02:15.027000,135.027,2.25045,0.0375075,1
downtime_503,2022-09-28,18:12:14.129000,18:14:14.136000,00:02:00.007000,False,0 days 00:02:00.007000,120.007,2.0001166666666665,0.033335277777777776,1
downtime_504,2022-09-28,18:15:14.135000,18:18:29.143000,00:03:15.008000,False,0 days 00:03:15.008000,195.008,3.2501333333333333,0.05416888888888889,1
downtime_505,2022-09-28,18:19:44.148000,18:22:44.157000,00:03:00.009000,False,0 days 00:03:00.009000,180.009,3.0001499999999997,0.0500025,1
downtime_506,2022-09-28,18:23:59.162000,18:27:14.172000,00:03:15.010000,False,0 days 00:03:15.010000,195.01,3.2501666666666664,0.054169444444444444,1
downtime_507,2022-10-07,13:53:39.040000,13:54:54.100000,00:01:15.060000,False,0 days 00:01:15.060000,75.06,1.2510000000000001,0.02085,1
downtime_508,2022-10-07,13:57:39.048000,13:58:39.048000,00:01:00,False,0 days 00:01:00,60.0,1.0,0.016666666666666666,1
downtime_509,2022-10-07,13:59:24.048000,14:00:24.052000,00:01:00.004000,False,0 days 00:01:00.004000,60.004,1.0000666666666667,0.016667777777777778,1
downtime_510,2022-10-07,14:02:24.065000,14:03:39.055000,00:01:14.990000,False,0 days 00:01:14.990000,74.99,1.2498333333333334,0.020830555555555554,1
downtime_511,2022-10-07,14:05:54.063000,14:06:54.175000,00:01:00.112000,False,0 days 00:01:00.112000,60.112,1.0018666666666667,0.016697777777777777,1
downtime_512,2022-10-07,14:07:39.090000,14:08:39.079000,00:00:59.989000,False,0 days 00:00:59.989000,59.989,0.9998166666666666,0.01666361111111111,1
downtime_513,2022-10-07,14:09:39.456000,14:10:39.236000,00:00:59.780000,False,0 days 00:00:59.780000,59.78,0.9963333333333334,0.016605555555555557,1
downtime_514,2022-10-07,14:11:24.105000,14:12:24.085000,00:00:59.980000,False,0 days 00:00:59.980000,59.98,0.9996666666666666,0.01666111111111111,1
downtime_515,2022-10-07,14:13:09.092000,14:14:39.090000,00:01:29.998000,False,0 days 00:01:29.998000,89.998,1.4999666666666667,0.024999444444444446,1
downtime_516,2022-10-07,14:17:39.104000,14:18:39.106000,00:01:00.002000,False,0 days 00:01:00.002000,60.002,1.0000333333333333,0.016667222222222222,1
downtime_517,2022-10-07,14:21:24.154000,14:22:24.111000,00:00:59.957000,False,0 days 00:00:59.957000,59.957,0.9992833333333333,0.016654722222222224,1
downtime_518,2022-10-07,14:23:24.139000,14:24:24.142000,00:01:00.003000,False,0 days 00:01:00.003000,60.003,1.00005,0.016667500000000002,1
downtime_519,2022-10-07,14:28:39.182000,14:31:24.136000,00:02:44.954000,False,0 days 00:02:44.954000,164.954,2.7492333333333336,0.04582055555555556,1
downtime_520,2022-10-07,14:32:39.164000,14:33:39.210000,00:01:00.046000,False,0 days 00:01:00.046000,60.046,1.0007666666666666,0.016679444444444445,1
downtime_521,2022-10-07,14:34:39.683000,14:35:39.166000,00:00:59.483000,False,0 days 00:00:59.483000,59.483,0.9913833333333333,0.016523055555555555,1
downtime_522,2022-10-07,14:38:09.156000,14:39:24.172000,00:01:15.016000,False,0 days 00:01:15.016000,75.016,1.2502666666666669,0.020837777777777778,1
downtime_523,2022-10-07,14:40:24.160000,14:41:24.164000,00:01:00.004000,False,0 days 00:01:00.004000,60.004,1.0000666666666667,0.016667777777777778,1
downtime_524,2022-10-07,14:46:39.177000,14:47:39.208000,00:01:00.031000,False,0 days 00:01:00.031000,60.031,1.0005166666666667,0.01667527777777778,1
downtime_525,2022-10-07,14:48:39.190000,14:49:54.190000,00:01:15,False,0 days 00:01:15,75.0,1.25,0.020833333333333332,1
downtime_526,2022-10-07,14:50:54.284000,14:52:09.358000,00:01:15.074000,False,0 days 00:01:15.074000,75.074,1.2512333333333332,0.020853888888888887,1
downtime_527,2022-10-07,14:52:54.208000,15:05:24.243000,00:12:30.035000,False,0 days 00:12:30.035000,750.035,12.500583333333333,0.20834305555555555,1
downtime_528,2022-10-07,15:07:39.246000,15:08:54.390000,00:01:15.144000,False,0 days 00:01:15.144000,75.144,1.2524000000000002,0.020873333333333334,1
downtime_529,2022-10-07,15:09:54.276000,15:11:09.412000,00:01:15.136000,False,0 days 00:01:15.136000,75.136,1.2522666666666666,0.02087111111111111,1
downtime_530,2022-10-07,15:11:54.292000,15:13:09.261000,00:01:14.969000,False,0 days 00:01:14.969000,74.969,1.2494833333333333,0.02082472222222222,1
downtime_531,2022-10-07,15:14:09.257000,15:15:54.264000,00:01:45.007000,False,0 days 00:01:45.007000,105.007,1.7501166666666668,0.029168611111111114,1
downtime_532,2022-10-07,15:16:39.266000,15:18:09.269000,00:01:30.003000,False,0 days 00:01:30.003000,90.003,1.50005,0.025000833333333333,1
downtime_533,2022-10-07,15:19:24.273000,15:21:09.279000,00:01:45.006000,False,0 days 00:01:45.006000,105.006,1.7501,0.029168333333333334,1
downtime_534,2022-10-07,15:21:54.340000,15:22:54.284000,00:00:59.944000,False,0 days 00:00:59.944000,59.944,0.9990666666666667,0.016651111111111113,1
downtime_535,2022-10-07,15:23:54.295000,15:25:24.287000,00:01:29.992000,False,0 days 00:01:29.992000,89.992,1.4998666666666667,0.02499777777777778,1
downtime_536,2022-10-07,15:26:09.290000,15:27:39.294000,00:01:30.004000,False,0 days 00:01:30.004000,90.004,1.5000666666666667,0.025001111111111113,1
downtime_537,2022-10-07,15:28:39.309000,15:29:54.313000,00:01:15.004000,False,0 days 00:01:15.004000,75.004,1.2500666666666667,0.020834444444444447,1
downtime_538,2022-10-07,15:30:54.322000,15:32:24.319000,00:01:29.997000,False,0 days 00:01:29.997000,89.997,1.49995,0.024999166666666666,1
downtime_539,2022-10-07,15:33:24.315000,15:34:54.413000,00:01:30.098000,False,0 days 00:01:30.098000,90.098,1.5016333333333334,0.02502722222222222,1
downtime_540,2022-10-07,15:35:54.317000,15:37:09.347000,00:01:15.030000,False,0 days 00:01:15.030000,75.03,1.2505,0.020841666666666668,1
downtime_541,2022-10-07,15:39:09.327000,15:40:09.373000,00:01:00.046000,False,0 days 00:01:00.046000,60.046,1.0007666666666666,0.016679444444444445,1
downtime_542,2022-10-07,15:41:09.343000,15:42:24.336000,00:01:14.993000,False,0 days 00:01:14.993000,74.993,1.2498833333333332,0.02083138888888889,1
downtime_543,2022-10-07,15:43:39.360000,15:44:54.342000,00:01:14.982000,False,0 days 00:01:14.982000,74.982,1.2497,0.020828333333333334,1
downtime_544,2022-10-07,15:45:54.346000,15:47:09.360000,00:01:15.014000,False,0 days 00:01:15.014000,75.014,1.2502333333333333,0.020837222222222222,1
downtime_545,2022-10-07,15:48:09.372000,15:49:24.366000,00:01:14.994000,False,0 days 00:01:14.994000,74.994,1.2499,0.020831666666666665,1
downtime_546,2022-10-07,15:50:39.382000,15:51:39.369000,00:00:59.987000,False,0 days 00:00:59.987000,59.987,0.9997833333333334,0.016663055555555556,1
downtime_547,2022-10-07,15:53:39.368000,15:56:54.441000,00:03:15.073000,False,0 days 00:03:15.073000,195.073,3.2512166666666666,0.05418694444444445,1
downtime_548,2022-10-07,15:58:09.383000,16:11:09.418000,00:13:00.035000,False,0 days 00:13:00.035000,780.035,13.000583333333333,0.21667638888888888,1
downtime_549,2022-10-07,16:11:54.424000,16:12:54.435000,00:01:00.011000,False,0 days 00:01:00.011000,60.011,1.0001833333333334,0.016669722222222225,1
downtime_550,2022-10-07,16:13:54.426000,16:15:09.434000,00:01:15.008000,False,0 days 00:01:15.008000,75.008,1.2501333333333333,0.020835555555555555,1
downtime_551,2022-10-07,16:17:09.467000,16:21:09.466000,00:03:59.999000,False,0 days 00:03:59.999000,239.999,3.9999833333333332,0.06666638888888889,1
downtime_552,2022-10-07,16:23:24.614000,16:25:09.457000,00:01:44.843000,False,0 days 00:01:44.843000,104.843,1.7473833333333333,0.029123055555555555,1
downtime_553,2022-10-07,16:26:54.465000,16:28:54.471000,00:02:00.006000,False,0 days 00:02:00.006000,120.006,2.0001,0.033335000000000004,1
downtime_554,2022-10-07,16:30:24.483000,16:32:09.476000,00:01:44.993000,False,0 days 00:01:44.993000,104.993,1.7498833333333332,0.02916472222222222,1
downtime_555,2022-10-07,16:33:24.485000,16:35:09.524000,00:01:45.039000,False,0 days 00:01:45.039000,105.039,1.75065,0.029177500000000002,1
downtime_556,2022-10-07,16:36:24.492000,16:38:09.514000,00:01:45.022000,False,0 days 00:01:45.022000,105.022,1.7503666666666668,0.02917277777777778,1
downtime_557,2022-10-07,16:39:39.498000,16:41:09.501000,00:01:30.003000,False,0 days 00:01:30.003000,90.003,1.50005,0.025000833333333333,1
downtime_558,2022-10-07,16:42:39.507000,16:44:24.512000,00:01:45.005000,False,0 days 00:01:45.005000,105.005,1.7500833333333332,0.029168055555555555,1
downtime_559,2022-10-07,16:45:39.517000,16:47:39.524000,00:02:00.007000,False,0 days 00:02:00.007000,120.007,2.0001166666666665,0.033335277777777776,1
downtime_560,2022-10-07,16:49:09.526000,16:50:54.532000,00:01:45.006000,False,0 days 00:01:45.006000,105.006,1.7501,0.029168333333333334,1
downtime_561,2022-10-07,16:52:24.534000,16:53:39.537000,00:01:15.003000,False,0 days 00:01:15.003000,75.003,1.25005,0.020834166666666668,1
downtime_562,2022-10-07,16:59:54.723000,17:12:09.596000,00:12:14.873000,False,0 days 00:12:14.873000,734.873,12.247883333333334,0.2041313888888889,1
downtime_563,2022-10-07,17:14:24.607000,17:15:54.609000,00:01:30.002000,False,0 days 00:01:30.002000,90.002,1.5000333333333333,0.025000555555555554,1
downtime_564,2022-10-07,17:17:09.614000,17:18:09.614000,00:01:00,False,0 days 00:01:00,60.0,1.0,0.016666666666666666,1
downtime_565,2022-10-07,17:19:09.621000,17:20:09.664000,00:01:00.043000,False,0 days 00:01:00.043000,60.043,1.0007166666666667,0.01667861111111111,1
downtime_566,2022-10-07,17:23:24.652000,17:25:54.685000,00:02:30.033000,False,0 days 00:02:30.033000,150.033,2.5005499999999996,0.04167583333333333,1
downtime_567,2022-10-07,17:27:24.673000,17:30:24.653000,00:02:59.980000,False,0 days 00:02:59.980000,179.98,2.9996666666666667,0.04999444444444444,1
downtime_568,2022-10-10,13:47:42.021000,13:48:42.008000,00:00:59.987000,False,0 days 00:00:59.987000,59.987,0.9997833333333334,0.016663055555555556,1
downtime_569,2022-10-10,13:49:42.342000,13:50:42.014000,00:00:59.672000,False,0 days 00:00:59.672000,59.672,0.9945333333333333,0.016575555555555555,1
downtime_570,2022-10-10,13:51:42.024000,13:52:57.019000,00:01:14.995000,False,0 days 00:01:14.995000,74.995,1.2499166666666668,0.020831944444444445,1
downtime_571,2022-10-10,13:53:42.031000,13:55:12.047000,00:01:30.016000,False,0 days 00:01:30.016000,90.016,1.5002666666666669,0.025004444444444447,1
downtime_572,2022-10-10,13:55:57.038000,13:57:12.051000,00:01:15.013000,False,0 days 00:01:15.013000,75.013,1.2502166666666668,0.020836944444444446,1
downtime_573,2022-10-10,13:58:42.030000,13:59:57.053000,00:01:15.023000,False,0 days 00:01:15.023000,75.023,1.2503833333333332,0.02083972222222222,1
downtime_574,2022-10-10,14:02:42.223000,14:03:42.090000,00:00:59.867000,False,0 days 00:00:59.867000,59.867,0.9977833333333332,0.016629722222222223,1
downtime_575,2022-10-10,14:04:27.073000,14:05:42.063000,00:01:14.990000,False,0 days 00:01:14.990000,74.99,1.2498333333333334,0.020830555555555554,1
downtime_576,2022-10-10,14:07:12.078000,14:08:12.063000,00:00:59.985000,False,0 days 00:00:59.985000,59.985,0.99975,0.0166625,1
downtime_577,2022-10-10,14:09:12.061000,14:10:27.065000,00:01:15.004000,False,0 days 00:01:15.004000,75.004,1.2500666666666667,0.020834444444444447,1
downtime_578,2022-10-10,14:11:12.079000,14:12:42.073000,00:01:29.994000,False,0 days 00:01:29.994000,89.994,1.4999,0.024998333333333334,1
downtime_579,2022-10-10,14:13:43.910000,14:15:12.187000,00:01:28.277000,False,0 days 00:01:28.277000,88.277,1.4712833333333333,0.024521388888888888,1
downtime_580,2022-10-10,14:16:27.109000,14:17:57.098000,00:01:29.989000,False,0 days 00:01:29.989000,89.989,1.4998166666666668,0.024996944444444447,1
downtime_581,2022-10-10,14:18:57.092000,14:20:27.095000,00:01:30.003000,False,0 days 00:01:30.003000,90.003,1.50005,0.025000833333333333,1
downtime_582,2022-10-10,14:21:27,14:22:42.096000,00:01:15.096000,False,0 days 00:01:15.096000,75.096,1.2516,0.02086,1
downtime_583,2022-10-10,14:23:42.120000,14:24:57.106000,00:01:14.986000,False,0 days 00:01:14.986000,74.986,1.2497666666666667,0.020829444444444446,1
downtime_584,2022-10-10,14:25:42.130000,14:26:42.147000,00:01:00.017000,False,0 days 00:01:00.017000,60.017,1.0002833333333334,0.01667138888888889,1
downtime_585,2022-10-10,14:30:42.119000,14:44:57.173000,00:14:15.054000,False,0 days 00:14:15.054000,855.054,14.2509,0.237515,1
downtime_586,2022-10-10,14:49:42.195000,14:50:57.179000,00:01:14.984000,False,0 days 00:01:14.984000,74.984,1.2497333333333331,0.020828888888888886,1
downtime_587,2022-10-10,14:53:42.200000,14:54:42.247000,00:01:00.047000,False,0 days 00:01:00.047000,60.047,1.0007833333333334,0.01667972222222222,1
downtime_588,2022-10-10,15:58:27.425000,16:02:12.378000,00:03:44.953000,False,0 days 00:03:44.953000,224.953,3.749216666666667,0.06248694444444444,1
downtime_589,2022-10-10,16:03:27.375000,16:06:12.386000,00:02:45.011000,False,0 days 00:02:45.011000,165.011,2.750183333333333,0.045836388888888885,1
downtime_590,2022-10-10,16:07:12.385000,16:10:27.426000,00:03:15.041000,False,0 days 00:03:15.041000,195.041,3.2506833333333334,0.054178055555555556,1
downtime_591,2022-10-10,16:11:42.396000,16:14:57.406000,00:03:15.010000,False,0 days 00:03:15.010000,195.01,3.2501666666666664,0.054169444444444444,1
downtime_592,2022-10-10,16:16:27.550000,16:19:57.441000,00:03:29.891000,False,0 days 00:03:29.891000,209.891,3.498183333333333,0.05830305555555555,1
downtime_593,2022-10-10,16:20:42.428000,16:21:42.430000,00:01:00.002000,False,0 days 00:01:00.002000,60.002,1.0000333333333333,0.016667222222222222,1
downtime_594,2022-10-10,16:22:27.450000,16:24:42.434000,00:02:14.984000,False,0 days 00:02:14.984000,134.984,2.2497333333333334,0.03749555555555556,1
downtime_595,2022-10-10,16:25:27.470000,16:30:27.449000,00:04:59.979000,False,0 days 00:04:59.979000,299.979,4.99965,0.0833275,1
downtime_596,2022-10-10,16:32:12.454000,16:33:42.489000,00:01:30.035000,False,0 days 00:01:30.035000,90.035,1.5005833333333334,0.02500972222222222,1
downtime_597,2022-10-10,16:36:42.473000,16:37:57.643000,00:01:15.170000,False,0 days 00:01:15.170000,75.17,1.2528333333333335,0.020880555555555555,1
downtime_598,2022-10-11,11:06:17.204000,11:08:47.250000,00:02:30.046000,False,0 days 00:02:30.046000,150.046,2.5007666666666664,0.04167944444444444,1
downtime_599,2022-10-11,11:10:02.430000,11:11:47.252000,00:01:44.822000,False,0 days 00:01:44.822000,104.822,1.7470333333333334,0.02911722222222222,1
downtime_600,2022-10-11,11:13:32.232000,11:15:32.235000,00:02:00.003000,False,0 days 00:02:00.003000,120.003,2.00005,0.033334166666666665,1
downtime_601,2022-10-11,11:16:47.306000,11:19:17.274000,00:02:29.968000,False,0 days 00:02:29.968000,149.968,2.4994666666666663,0.04165777777777777,1
downtime_602,2022-10-11,11:20:17.255000,11:22:17.246000,00:01:59.991000,False,0 days 00:01:59.991000,119.991,1.99985,0.03333083333333333,1
downtime_603,2022-10-11,11:23:32.715000,11:25:17.284000,00:01:44.569000,False,0 days 00:01:44.569000,104.569,1.7428166666666667,0.029046944444444445,1
downtime_604,2022-10-11,11:26:17.489000,11:28:17.268000,00:01:59.779000,False,0 days 00:01:59.779000,119.779,1.9963166666666665,0.033271944444444444,1
downtime_605,2022-10-11,11:29:32.262000,11:31:32.277000,00:02:00.015000,False,0 days 00:02:00.015000,120.015,2.00025,0.0333375,1
downtime_606,2022-10-11,11:32:47.271000,11:35:17.284000,00:02:30.013000,False,0 days 00:02:30.013000,150.013,2.5002166666666668,0.04167027777777778,1
downtime_607,2022-10-11,11:37:32.297000,11:39:02.337000,00:01:30.040000,False,0 days 00:01:30.040000,90.04,1.5006666666666668,0.025011111111111112,1
downtime_608,2022-10-11,11:40:17.295000,11:42:32.347000,00:02:15.052000,False,0 days 00:02:15.052000,135.052,2.2508666666666666,0.03751444444444444,1
downtime_609,2022-10-11,11:44:02.317000,11:46:32.311000,00:02:29.994000,False,0 days 00:02:29.994000,149.994,2.4999,0.041665,1
downtime_610,2022-10-11,11:47:47.397000,11:50:17.395000,00:02:29.998000,False,0 days 00:02:29.998000,149.998,2.4999666666666664,0.041666111111111105,1
downtime_611,2022-10-11,11:51:49.079000,11:54:17.343000,00:02:28.264000,False,0 days 00:02:28.264000,148.264,2.4710666666666667,0.04118444444444445,1
downtime_612,2022-10-11,11:55:32.336000,11:58:32.840000,00:03:00.504000,False,0 days 00:03:00.504000,180.504,3.0084,0.05014,1
downtime_613,2022-10-11,12:00:02.383000,12:02:47.354000,00:02:44.971000,False,0 days 00:02:44.971000,164.971,2.7495166666666666,0.04582527777777778,1
downtime_614,2022-10-11,12:04:17.396000,12:07:17.621000,00:03:00.225000,False,0 days 00:03:00.225000,180.225,3.0037499999999997,0.050062499999999996,1
downtime_615,2022-10-11,12:08:32.383000,12:10:47.377000,00:02:14.994000,False,0 days 00:02:14.994000,134.994,2.2499,0.037498333333333335,1
downtime_616,2022-10-11,12:12:17.404000,12:15:02.391000,00:02:44.987000,False,0 days 00:02:44.987000,164.987,2.7497833333333332,0.04582972222222222,1
downtime_617,2022-10-11,12:16:47.699000,12:18:32.404000,00:01:44.705000,False,0 days 00:01:44.705000,104.705,1.7450833333333333,0.02908472222222222,1
downtime_618,2022-10-11,12:19:32.404000,12:21:32.441000,00:02:00.037000,False,0 days 00:02:00.037000,120.037,2.0006166666666667,0.033343611111111116,1
downtime_619,2022-10-11,12:25:02.593000,12:26:17.431000,00:01:14.838000,False,0 days 00:01:14.838000,74.838,1.2472999999999999,0.020788333333333332,1
downtime_620,2022-10-11,12:28:02.450000,12:30:02.488000,00:02:00.038000,False,0 days 00:02:00.038000,120.038,2.0006333333333335,0.03334388888888889,1
downtime_621,2022-10-13,10:38:10.481000,10:39:10.486000,00:01:00.005000,False,0 days 00:01:00.005000,60.005,1.0000833333333334,0.016668055555555557,1
downtime_622,2022-10-13,10:43:55.494000,10:44:55.500000,00:01:00.006000,False,0 days 00:01:00.006000,60.006,1.0001,0.016668333333333334,1
downtime_623,2022-10-13,10:56:55.538000,10:57:55.542000,00:01:00.004000,False,0 days 00:01:00.004000,60.004,1.0000666666666667,0.016667777777777778,1
downtime_624,2022-10-13,10:59:10.540000,11:00:10.642000,00:01:00.102000,False,0 days 00:01:00.102000,60.102,1.0017,0.016694999999999998,1
downtime_625,2022-10-13,11:03:10.555000,11:04:10.551000,00:00:59.996000,False,0 days 00:00:59.996000,59.996,0.9999333333333333,0.016665555555555555,1
downtime_626,2022-10-13,11:07:40.555000,11:08:40.645000,00:01:00.090000,False,0 days 00:01:00.090000,60.09,1.0015,0.016691666666666667,1
downtime_627,2022-10-13,11:13:25.689000,11:14:25.606000,00:00:59.917000,False,0 days 00:00:59.917000,59.917,0.9986166666666667,0.016643611111111112,1
downtime_628,2022-10-13,11:15:40.592000,11:16:40.604000,00:01:00.012000,False,0 days 00:01:00.012000,60.012,1.0002,0.01667,1
downtime_629,2022-10-13,11:17:48.395000,11:19:03.399000,00:01:15.004000,False,0 days 00:01:15.004000,75.004,1.2500666666666667,0.020834444444444447,1
downtime_630,2022-10-13,11:20:18.427000,11:21:18.404000,00:00:59.977000,False,0 days 00:00:59.977000,59.977,0.9996166666666666,0.016660277777777777,1
downtime_631,2022-10-13,11:24:33.406000,11:25:33.415000,00:01:00.009000,False,0 days 00:01:00.009000,60.009,1.00015,0.016669166666666665,1
downtime_632,2022-10-13,11:26:48.540000,11:27:48.433000,00:00:59.893000,False,0 days 00:00:59.893000,59.893,0.9982166666666666,0.016636944444444444,1
downtime_633,2022-10-13,11:29:03.420000,11:30:03.514000,00:01:00.094000,False,0 days 00:01:00.094000,60.094,1.0015666666666667,0.01669277777777778,1
downtime_634,2022-10-13,11:31:18.454000,11:32:18.457000,00:01:00.003000,False,0 days 00:01:00.003000,60.003,1.00005,0.016667500000000002,1
downtime_635,2022-10-13,11:33:33.433000,11:34:33.518000,00:01:00.085000,False,0 days 00:01:00.085000,60.085,1.0014166666666666,0.01669027777777778,1
downtime_636,2022-10-13,11:35:48.449000,11:36:48.654000,00:01:00.205000,False,0 days 00:01:00.205000,60.205,1.0034166666666666,0.01672361111111111,1
downtime_637,2022-10-13,11:46:03.465000,11:47:03.480000,00:01:00.015000,False,0 days 00:01:00.015000,60.015,1.00025,0.016670833333333333,1
downtime_638,2022-10-13,11:48:03.482000,11:49:03.482000,00:01:00,False,0 days 00:01:00,60.0,1.0,0.016666666666666666,1
downtime_639,2022-10-13,11:50:18.491000,11:51:18.912000,00:01:00.421000,False,0 days 00:01:00.421000,60.421,1.0070166666666667,0.01678361111111111,1
downtime_640,2022-10-13,11:54:18.526000,11:55:18.505000,00:00:59.979000,False,0 days 00:00:59.979000,59.979,0.99965,0.016660833333333333,1
downtime_641,2022-10-13,11:56:33.545000,11:57:33.528000,00:00:59.983000,False,0 days 00:00:59.983000,59.983,0.9997166666666666,0.016661944444444445,1
downtime_642,2022-10-13,11:58:33.509000,11:59:33.550000,00:01:00.041000,False,0 days 00:01:00.041000,60.041,1.0006833333333334,0.016678055555555554,1
downtime_643,2022-10-13,13:43:03.821000,13:44:18.884000,00:01:15.063000,False,0 days 00:01:15.063000,75.063,1.25105,0.020850833333333332,1
downtime_644,2022-10-13,13:45:18.820000,13:46:18.818000,00:00:59.998000,False,0 days 00:00:59.998000,59.998,0.9999666666666667,0.01666611111111111,1
downtime_645,2022-10-13,13:47:49.077000,13:49:03.812000,00:01:14.735000,False,0 days 00:01:14.735000,74.735,1.2455833333333333,0.02075972222222222,1
downtime_646,2022-10-13,13:50:33.828000,13:54:03.847000,00:03:30.019000,False,0 days 00:03:30.019000,210.019,3.500316666666667,0.05833861111111111,1
downtime_647,2022-10-13,13:56:04.017000,13:57:18.835000,00:01:14.818000,False,0 days 00:01:14.818000,74.818,1.2469666666666666,0.02078277777777778,1
downtime_648,2022-10-13,15:01:19.015000,15:02:34.031000,00:01:15.016000,False,0 days 00:01:15.016000,75.016,1.2502666666666669,0.020837777777777778,1
downtime_649,2022-10-13,15:03:49.030000,15:06:04.076000,00:02:15.046000,False,0 days 00:02:15.046000,135.046,2.2507666666666664,0.03751277777777778,1
downtime_650,2022-10-13,15:08:04.480000,15:10:19.039000,00:02:14.559000,False,0 days 00:02:14.559000,134.559,2.24265,0.0373775,1
downtime_651,2022-10-13,15:12:49.051000,15:13:49.047000,00:00:59.996000,False,0 days 00:00:59.996000,59.996,0.9999333333333333,0.016665555555555555,1
downtime_652,2022-10-13,15:15:04.259000,15:17:49.082000,00:02:44.823000,False,0 days 00:02:44.823000,164.823,2.74705,0.04578416666666667,1
downtime_653,2022-10-13,15:18:49.071000,15:21:19.127000,00:02:30.056000,False,0 days 00:02:30.056000,150.056,2.5009333333333337,0.041682222222222225,1
downtime_654,2022-10-13,15:26:49.094000,15:28:04.213000,00:01:15.119000,False,0 days 00:01:15.119000,75.119,1.2519833333333332,0.02086638888888889,1
downtime_655,2022-10-13,15:29:19.089000,15:32:04.127000,00:02:45.038000,False,0 days 00:02:45.038000,165.038,2.7506333333333335,0.04584388888888889,1
downtime_656,2022-10-13,15:33:19.244000,15:35:34.105000,00:02:14.861000,False,0 days 00:02:14.861000,134.861,2.2476833333333333,0.037461388888888884,1
downtime_657,2022-10-13,15:37:04.131000,15:39:34.136000,00:02:30.005000,False,0 days 00:02:30.005000,150.005,2.5000833333333334,0.041668055555555555,1
downtime_658,2022-10-13,15:40:49.396000,15:43:19.202000,00:02:29.806000,False,0 days 00:02:29.806000,149.806,2.496766666666667,0.04161277777777778,1
downtime_659,2022-10-13,15:44:19.159000,15:46:04.165000,00:01:45.006000,False,0 days 00:01:45.006000,105.006,1.7501,0.029168333333333334,1
downtime_660,2022-10-13,15:47:19.136000,15:49:34.145000,00:02:15.009000,False,0 days 00:02:15.009000,135.009,2.2501499999999997,0.037502499999999994,1
downtime_661,2022-10-13,15:58:19.167000,16:01:04.183000,00:02:45.016000,False,0 days 00:02:45.016000,165.016,2.7502666666666666,0.045837777777777776,1
downtime_662,2022-10-13,16:02:34.189000,16:04:49.190000,00:02:15.001000,False,0 days 00:02:15.001000,135.001,2.2500166666666668,0.03750027777777778,1
downtime_663,2022-10-13,16:06:04.192000,16:08:49.199000,00:02:45.007000,False,0 days 00:02:45.007000,165.007,2.7501166666666665,0.04583527777777778,1
downtime_664,2022-10-13,16:11:34.256000,16:14:49.486000,00:03:15.230000,False,0 days 00:03:15.230000,195.23,3.253833333333333,0.05423055555555555,1
downtime_665,2022-10-13,16:16:19.221000,16:18:19.238000,00:02:00.017000,False,0 days 00:02:00.017000,120.017,2.0002833333333334,0.03333805555555555,1
downtime_666,2022-10-13,16:19:19.229000,16:21:49.236000,00:02:30.007000,False,0 days 00:02:30.007000,150.007,2.5001166666666665,0.041668611111111115,1
downtime_667,2022-10-13,16:22:49.249000,16:24:34.241000,00:01:44.992000,False,0 days 00:01:44.992000,104.992,1.7498666666666667,0.029164444444444444,1
downtime_668,2022-10-13,16:25:49.249000,16:26:49.249000,00:01:00,False,0 days 00:01:00,60.0,1.0,0.016666666666666666,1
downtime_669,2022-10-13,16:28:49.254000,16:30:04.287000,00:01:15.033000,False,0 days 00:01:15.033000,75.033,1.25055,0.0208425,1
downtime_670,2022-10-20,15:03:25.499000,15:16:25.514000,00:13:00.015000,False,0 days 00:13:00.015000,780.015,13.00025,0.21667083333333334,1
downtime_671,2022-10-20,15:49:55.618000,15:50:55.638000,00:01:00.020000,False,0 days 00:01:00.020000,60.02,1.0003333333333333,0.016672222222222224,1
downtime_672,2022-10-24,13:53:29.216000,13:54:29.264000,00:01:00.048000,False,0 days 00:01:00.048000,60.048,1.0008000000000001,0.01668,1
downtime_673,2022-10-24,13:57:44.418000,13:59:14.230000,00:01:29.812000,False,0 days 00:01:29.812000,89.812,1.4968666666666666,0.024947777777777777,1
downtime_674,2022-10-24,14:00:29.242000,14:01:59.237000,00:01:29.995000,False,0 days 00:01:29.995000,89.995,1.4999166666666668,0.024998611111111114,1
downtime_675,2022-10-24,14:02:59.243000,14:04:14.250000,00:01:15.007000,False,0 days 00:01:15.007000,75.007,1.2501166666666668,0.02083527777777778,1
downtime_676,2022-10-24,14:05:44.279000,14:06:44.254000,00:00:59.975000,False,0 days 00:00:59.975000,59.975,0.9995833333333334,0.01665972222222222,1
downtime_677,2022-10-24,14:07:29.284000,14:08:29.403000,00:01:00.119000,False,0 days 00:01:00.119000,60.119,1.0019833333333332,0.016699722222222223,1
downtime_678,2022-10-24,14:09:29.292000,14:10:29.263000,00:00:59.971000,False,0 days 00:00:59.971000,59.971,0.9995166666666666,0.01665861111111111,1
downtime_679,2022-10-24,14:11:44.299000,14:12:44.267000,00:00:59.968000,False,0 days 00:00:59.968000,59.968,0.9994666666666667,0.01665777777777778,1
downtime_680,2022-10-24,14:13:44.279000,14:14:59.285000,00:01:15.006000,False,0 days 00:01:15.006000,75.006,1.2501,0.020835,1
downtime_681,2022-10-24,14:15:59.277000,14:17:29.292000,00:01:30.015000,False,0 days 00:01:30.015000,90.015,1.50025,0.025004166666666668,1
downtime_682,2022-10-24,14:18:29.293000,14:19:29.290000,00:00:59.997000,False,0 days 00:00:59.997000,59.997,0.99995,0.016665833333333335,1
downtime_683,2022-10-24,14:20:44.306000,14:22:14.309000,00:01:30.003000,False,0 days 00:01:30.003000,90.003,1.50005,0.025000833333333333,1
downtime_684,2022-10-24,14:23:14.308000,14:24:29.306000,00:01:14.998000,False,0 days 00:01:14.998000,74.998,1.2499666666666667,0.02083277777777778,1
downtime_685,2022-10-24,14:25:44.308000,14:26:59.312000,00:01:15.004000,False,0 days 00:01:15.004000,75.004,1.2500666666666667,0.020834444444444447,1
downtime_686,2022-10-24,14:28:14.348000,14:29:29.336000,00:01:14.988000,False,0 days 00:01:14.988000,74.988,1.2498,0.02083,1
downtime_687,2022-10-24,14:30:44.319000,14:31:59.323000,00:01:15.004000,False,0 days 00:01:15.004000,75.004,1.2500666666666667,0.020834444444444447,1
downtime_688,2022-10-24,14:33:14.366000,14:34:29.330000,00:01:14.964000,False,0 days 00:01:14.964000,74.964,1.2494,0.020823333333333333,1
downtime_689,2022-10-24,14:35:29.434000,14:36:44.344000,00:01:14.910000,False,0 days 00:01:14.910000,74.91,1.2485,0.02080833333333333,1
downtime_690,2022-10-24,14:37:44.340000,14:38:44.368000,00:01:00.028000,False,0 days 00:01:00.028000,60.028,1.0004666666666666,0.016674444444444443,1
downtime_691,2022-10-24,14:39:59.388000,14:41:14.400000,00:01:15.012000,False,0 days 00:01:15.012000,75.012,1.2502,0.020836666666666667,1
downtime_692,2022-10-24,14:42:29.394000,14:43:44.371000,00:01:14.977000,False,0 days 00:01:14.977000,74.977,1.2496166666666668,0.020826944444444447,1
downtime_693,2022-10-24,14:44:59.394000,14:45:59.371000,00:00:59.977000,False,0 days 00:00:59.977000,59.977,0.9996166666666666,0.016660277777777777,1
downtime_694,2022-10-24,14:47:14.365000,14:48:29.600000,00:01:15.235000,False,0 days 00:01:15.235000,75.235,1.2539166666666666,0.02089861111111111,1
downtime_695,2022-10-24,14:49:29.370000,14:51:29.381000,00:02:00.011000,False,0 days 00:02:00.011000,120.011,2.000183333333333,0.03333638888888889,1
downtime_696,2022-10-24,14:58:44.399000,14:59:44.430000,00:01:00.031000,False,0 days 00:01:00.031000,60.031,1.0005166666666667,0.01667527777777778,1
downtime_697,2022-10-24,15:01:59.423000,15:37:29.522000,00:35:30.099000,False,0 days 00:35:30.099000,2130.099,35.501650000000005,0.5916941666666667,1
downtime_698,2022-10-24,15:38:14.512000,15:39:44.783000,00:01:30.271000,False,0 days 00:01:30.271000,90.271,1.5045166666666667,0.02507527777777778,1
downtime_699,2022-10-24,15:40:44.524000,15:42:14.529000,00:01:30.005000,False,0 days 00:01:30.005000,90.005,1.5000833333333332,0.02500138888888889,1
downtime_700,2022-10-24,15:45:14.527000,15:46:59.562000,00:01:45.035000,False,0 days 00:01:45.035000,105.035,1.7505833333333334,0.029176388888888887,1
downtime_701,2022-10-24,15:48:14.590000,15:49:29.629000,00:01:15.039000,False,0 days 00:01:15.039000,75.039,1.25065,0.020844166666666667,1
downtime_702,2022-10-24,15:50:44.799000,15:51:44.548000,00:00:59.749000,False,0 days 00:00:59.749000,59.749,0.9958166666666667,0.016596944444444445,1
downtime_703,2022-10-24,15:52:59.548000,15:54:14.567000,00:01:15.019000,False,0 days 00:01:15.019000,75.019,1.2503166666666667,0.020838611111111113,1
downtime_704,2022-10-24,15:55:14.585000,15:56:29.584000,00:01:14.999000,False,0 days 00:01:14.999000,74.999,1.2499833333333332,0.020833055555555553,1
downtime_705,2022-10-24,15:57:29.574000,15:58:59.570000,00:01:29.996000,False,0 days 00:01:29.996000,89.996,1.4999333333333333,0.024998888888888886,1
downtime_706,2022-10-24,16:00:14.592000,16:01:29.571000,00:01:14.979000,False,0 days 00:01:14.979000,74.979,1.24965,0.0208275,1
downtime_707,2022-10-24,16:02:44.583000,16:03:59.584000,00:01:15.001000,False,0 days 00:01:15.001000,75.001,1.2500166666666668,0.020833611111111112,1
downtime_708,2022-10-24,16:05:14.594000,16:06:44.607000,00:01:30.013000,False,0 days 00:01:30.013000,90.013,1.5002166666666668,0.025003611111111112,1
downtime_709,2022-10-24,16:07:44.616000,16:08:59.593000,00:01:14.977000,False,0 days 00:01:14.977000,74.977,1.2496166666666668,0.020826944444444447,1
downtime_710,2022-10-24,16:10:14.604000,16:11:29.605000,00:01:15.001000,False,0 days 00:01:15.001000,75.001,1.2500166666666668,0.020833611111111112,1
downtime_711,2022-10-24,16:12:29.611000,16:13:44.623000,00:01:15.012000,False,0 days 00:01:15.012000,75.012,1.2502,0.020836666666666667,1
downtime_712,2022-10-24,16:14:44.695000,16:16:14.674000,00:01:29.979000,False,0 days 00:01:29.979000,89.979,1.49965,0.024994166666666668,1
downtime_713,2022-10-24,16:17:29.664000,16:18:44.639000,00:01:14.975000,False,0 days 00:01:14.975000,74.975,1.2495833333333333,0.020826388888888887,1
downtime_714,2022-10-24,16:23:14.650000,17:16:29.788000,00:53:15.138000,False,0 days 00:53:15.138000,3195.138,53.2523,0.8875383333333333,1
downtime_715,2022-10-24,17:17:44.805000,17:21:29.987000,00:03:45.182000,False,0 days 00:03:45.182000,225.182,3.753033333333333,0.06255055555555555,1
downtime_716,2022-10-24,17:23:44.820000,17:24:59.835000,00:01:15.015000,False,0 days 00:01:15.015000,75.015,1.25025,0.020837500000000002,1
downtime_717,2022-10-24,17:53:14.915000,17:54:29.896000,00:01:14.981000,False,0 days 00:01:14.981000,74.981,1.2496833333333333,0.020828055555555555,1
downtime_718,2022-10-24,18:12:14.974000,18:13:59.950000,00:01:44.976000,False,0 days 00:01:44.976000,104.976,1.7496,0.02916,1
downtime_719,2022-10-24,18:20:44.970000,18:22:59.974000,00:02:15.004000,False,0 days 00:02:15.004000,135.004,2.2500666666666667,0.03750111111111111,1
downtime_720,2022-10-24,18:25:44.995000,18:27:30,00:01:45.005000,False,0 days 00:01:45.005000,105.005,1.7500833333333332,0.029168055555555555,1
downtime_721,2022-10-24,18:30:00.246000,18:31:45.061000,00:01:44.815000,False,0 days 00:01:44.815000,104.815,1.7469166666666667,0.029115277777777778,1
downtime_722,2022-10-25,12:29:13.482000,14:16:37.764000,01:47:24.282000,False,0 days 01:47:24.282000,6444.282,107.4047,1.7900783333333334,1
downtime_723,2022-10-25,16:03:53.069000,16:04:53.059000,00:00:59.990000,False,0 days 00:00:59.990000,59.99,0.9998333333333334,0.016663888888888888,1
downtime_724,2022-10-25,16:14:23.088000,16:23:08.176000,00:08:45.088000,False,0 days 00:08:45.088000,525.088,8.751466666666666,0.14585777777777778,1
downtime_725,2022-10-25,16:31:38.138000,16:32:38.163000,00:01:00.025000,False,0 days 00:01:00.025000,60.025,1.0004166666666667,0.01667361111111111,1
downtime_726,2022-10-25,16:35:23.148000,16:36:38.184000,00:01:15.036000,False,0 days 00:01:15.036000,75.036,1.2506,0.020843333333333335,1
downtime_727,2022-10-25,17:16:08.274000,17:17:38.266000,00:01:29.992000,False,0 days 00:01:29.992000,89.992,1.4998666666666667,0.02499777777777778,1
downtime_728,2022-10-26,16:42:46.051000,16:44:16.068000,00:01:30.017000,False,0 days 00:01:30.017000,90.017,1.5002833333333332,0.02500472222222222,1
downtime_729,2022-10-26,16:45:16.070000,16:46:46.058000,00:01:29.988000,False,0 days 00:01:29.988000,89.988,1.4998,0.024996666666666667,1
downtime_730,2022-10-26,16:47:46.059000,16:49:01.074000,00:01:15.015000,False,0 days 00:01:15.015000,75.015,1.25025,0.020837500000000002,1
downtime_731,2022-10-26,16:50:01.087000,16:51:01.078000,00:00:59.991000,False,0 days 00:00:59.991000,59.991,0.99985,0.016664166666666667,1
downtime_732,2022-10-26,16:53:46.092000,16:55:16.088000,00:01:29.996000,False,0 days 00:01:29.996000,89.996,1.4999333333333333,0.024998888888888886,1
downtime_733,2022-10-26,16:56:16.204000,16:57:31.090000,00:01:14.886000,False,0 days 00:01:14.886000,74.886,1.2481,0.020801666666666666,1
downtime_734,2022-10-26,16:58:31.218000,16:59:31.103000,00:00:59.885000,False,0 days 00:00:59.885000,59.885,0.9980833333333333,0.01663472222222222,1
downtime_735,2022-10-26,17:00:46.258000,17:01:46.101000,00:00:59.843000,False,0 days 00:00:59.843000,59.843,0.9973833333333334,0.016623055555555558,1
downtime_736,2022-10-26,17:03:01.177000,17:04:16.127000,00:01:14.950000,False,0 days 00:01:14.950000,74.95,1.2491666666666668,0.020819444444444446,1
downtime_737,2022-10-26,17:05:31.125000,17:06:31.119000,00:00:59.994000,False,0 days 00:00:59.994000,59.994,0.9999,0.016665,1
downtime_738,2022-10-26,17:07:46.151000,17:09:01.145000,00:01:14.994000,False,0 days 00:01:14.994000,74.994,1.2499,0.020831666666666665,1
downtime_739,2022-10-26,17:10:01.158000,17:11:16.154000,00:01:14.996000,False,0 days 00:01:14.996000,74.996,1.2499333333333333,0.02083222222222222,1
downtime_740,2022-10-26,17:12:16.148000,17:13:16.138000,00:00:59.990000,False,0 days 00:00:59.990000,59.99,0.9998333333333334,0.016663888888888888,1
downtime_741,2022-10-26,17:14:31.136000,17:15:31.152000,00:01:00.016000,False,0 days 00:01:00.016000,60.016,1.0002666666666666,0.016671111111111112,1
downtime_742,2022-10-26,17:16:46.386000,17:17:46.211000,00:00:59.825000,False,0 days 00:00:59.825000,59.825,0.9970833333333334,0.016618055555555556,1
downtime_743,2022-10-26,17:18:46.176000,17:20:01.176000,00:01:15,False,0 days 00:01:15,75.0,1.25,0.020833333333333332,1
downtime_744,2022-10-26,17:21:01.160000,17:22:16.158000,00:01:14.998000,False,0 days 00:01:14.998000,74.998,1.2499666666666667,0.02083277777777778,1
downtime_745,2022-10-26,17:23:16.159000,17:24:31.198000,00:01:15.039000,False,0 days 00:01:15.039000,75.039,1.25065,0.020844166666666667,1
downtime_746,2022-10-26,17:25:46.169000,17:26:46.199000,00:01:00.030000,False,0 days 00:01:00.030000,60.03,1.0005,0.016675,1
downtime_747,2022-10-26,17:29:16.259000,17:30:31.184000,00:01:14.925000,False,0 days 00:01:14.925000,74.925,1.24875,0.020812499999999998,1
downtime_748,2022-10-26,17:31:31.187000,17:32:31.203000,00:01:00.016000,False,0 days 00:01:00.016000,60.016,1.0002666666666666,0.016671111111111112,1
downtime_749,2022-10-26,17:33:31.221000,17:34:31.199000,00:00:59.978000,False,0 days 00:00:59.978000,59.978,0.9996333333333334,0.016660555555555557,1
downtime_750,2022-10-26,17:35:31.203000,17:37:31.203000,00:02:00,False,0 days 00:02:00,120.0,2.0,0.03333333333333333,1
downtime_751,2022-10-26,17:40:46.256000,17:42:16.212000,00:01:29.956000,False,0 days 00:01:29.956000,89.956,1.4992666666666667,0.02498777777777778,1
downtime_752,2022-10-26,17:43:16.231000,17:44:31.238000,00:01:15.007000,False,0 days 00:01:15.007000,75.007,1.2501166666666668,0.02083527777777778,1
downtime_753,2022-10-26,17:45:46.228000,17:47:16.258000,00:01:30.030000,False,0 days 00:01:30.030000,90.03,1.5005,0.025008333333333334,1
downtime_754,2022-10-26,17:54:01.250000,17:55:46.296000,00:01:45.046000,False,0 days 00:01:45.046000,105.046,1.7507666666666668,0.029179444444444445,1
downtime_755,2022-11-28,16:01:17.542000,16:03:02.545000,00:01:45.003000,False,0 days 00:01:45.003000,105.003,1.75005,0.0291675,1
downtime_756,2022-11-28,16:04:02.576000,16:05:32.546000,00:01:29.970000,False,0 days 00:01:29.970000,89.97,1.4995,0.024991666666666666,1
downtime_757,2022-11-28,16:07:02.793000,16:08:32.602000,00:01:29.809000,False,0 days 00:01:29.809000,89.809,1.4968166666666667,0.024946944444444445,1
downtime_758,2022-11-28,16:09:17.570000,16:10:17.587000,00:01:00.017000,False,0 days 00:01:00.017000,60.017,1.0002833333333334,0.01667138888888889,1
downtime_759,2022-11-28,16:11:32.576000,16:13:02.640000,00:01:30.064000,False,0 days 00:01:30.064000,90.064,1.5010666666666665,0.025017777777777774,1
downtime_760,2022-11-28,16:14:17.602000,16:15:47.576000,00:01:29.974000,False,0 days 00:01:29.974000,89.974,1.4995666666666667,0.02499277777777778,1
downtime_761,2022-11-28,16:17:02.658000,16:18:32.780000,00:01:30.122000,False,0 days 00:01:30.122000,90.122,1.5020333333333333,0.02503388888888889,1
downtime_762,2022-11-28,16:19:47.658000,16:21:17.594000,00:01:29.936000,False,0 days 00:01:29.936000,89.936,1.4989333333333335,0.024982222222222225,1
downtime_763,2022-11-28,16:23:47.783000,16:25:32.963000,00:01:45.180000,False,0 days 00:01:45.180000,105.18,1.7530000000000001,0.02921666666666667,1
downtime_764,2022-11-28,16:27:02.607000,16:28:17.640000,00:01:15.033000,False,0 days 00:01:15.033000,75.033,1.25055,0.0208425,1
downtime_765,2022-11-28,16:29:17.648000,16:30:47.625000,00:01:29.977000,False,0 days 00:01:29.977000,89.977,1.4996166666666668,0.024993611111111112,1
downtime_766,2022-11-28,16:32:02.658000,16:33:32.631000,00:01:29.973000,False,0 days 00:01:29.973000,89.973,1.49955,0.0249925,1
downtime_767,2022-11-28,16:34:32.652000,16:36:17.632000,00:01:44.980000,False,0 days 00:01:44.980000,104.98,1.7496666666666667,0.029161111111111113,1
downtime_768,2022-11-28,16:37:18.082000,16:38:47.641000,00:01:29.559000,False,0 days 00:01:29.559000,89.559,1.49265,0.0248775,1
downtime_769,2022-11-28,16:40:17.683000,16:52:17.695000,00:12:00.012000,False,0 days 00:12:00.012000,720.012,12.0002,0.2000033333333333,1
downtime_770,2022-11-28,16:53:32.682000,16:55:02.683000,00:01:30.001000,False,0 days 00:01:30.001000,90.001,1.5000166666666668,0.025000277777777778,1
downtime_771,2022-11-28,16:56:02.691000,16:57:02.696000,00:01:00.005000,False,0 days 00:01:00.005000,60.005,1.0000833333333334,0.016668055555555557,1
downtime_772,2022-11-28,16:58:17.694000,16:59:47.840000,00:01:30.146000,False,0 days 00:01:30.146000,90.146,1.5024333333333333,0.025040555555555555,1
downtime_773,2022-11-28,17:00:47.706000,17:02:02.701000,00:01:14.995000,False,0 days 00:01:14.995000,74.995,1.2499166666666668,0.020831944444444445,1
downtime_774,2022-11-28,17:03:17.727000,17:04:32.712000,00:01:14.985000,False,0 days 00:01:14.985000,74.985,1.24975,0.020829166666666666,1
downtime_775,2022-11-28,17:05:32.722000,17:15:17.741000,00:09:45.019000,False,0 days 00:09:45.019000,585.019,9.750316666666667,0.1625052777777778,1
downtime_776,2022-11-28,17:16:32.743000,17:18:02.752000,00:01:30.009000,False,0 days 00:01:30.009000,90.009,1.50015,0.0250025,1
downtime_777,2022-11-28,17:19:02.907000,17:21:17.782000,00:02:14.875000,False,0 days 00:02:14.875000,134.875,2.247916666666667,0.03746527777777778,1
downtime_778,2022-11-28,17:22:17.770000,17:23:47.768000,00:01:29.998000,False,0 days 00:01:29.998000,89.998,1.4999666666666667,0.024999444444444446,1
downtime_779,2022-11-28,17:25:02.768000,17:26:02.769000,00:01:00.001000,False,0 days 00:01:00.001000,60.001,1.0000166666666666,0.016666944444444443,1
downtime_780,2022-11-28,17:27:17.775000,17:29:02.786000,00:01:45.011000,False,0 days 00:01:45.011000,105.011,1.7501833333333332,0.029169722222222222,1
downtime_781,2022-11-28,17:30:17.813000,17:31:17.784000,00:00:59.971000,False,0 days 00:00:59.971000,59.971,0.9995166666666666,0.01665861111111111,1
downtime_782,2022-11-28,17:32:32.875000,17:34:02.800000,00:01:29.925000,False,0 days 00:01:29.925000,89.925,1.49875,0.024979166666666667,1
downtime_783,2022-11-28,17:35:02.799000,17:36:32.843000,00:01:30.044000,False,0 days 00:01:30.044000,90.044,1.5007333333333333,0.02501222222222222,1
downtime_784,2022-11-28,17:37:47.802000,17:39:17.813000,00:01:30.011000,False,0 days 00:01:30.011000,90.011,1.5001833333333332,0.025003055555555553,1
downtime_785,2022-11-28,17:40:17.818000,17:41:47.815000,00:01:29.997000,False,0 days 00:01:29.997000,89.997,1.49995,0.024999166666666666,1
downtime_786,2022-11-28,17:45:33.100000,17:46:47.838000,00:01:14.738000,False,0 days 00:01:14.738000,74.738,1.2456333333333334,0.020760555555555556,1
downtime_787,2022-11-28,17:48:47.845000,17:50:47.844000,00:01:59.999000,False,0 days 00:01:59.999000,119.999,1.9999833333333332,0.03333305555555555,1
downtime_788,2022-10-31,11:58:09.168000,11:59:23.198000,00:01:14.030000,False,0 days 00:01:14.030000,74.03,1.2338333333333333,0.02056388888888889,1
downtime_789,2022-10-31,12:00:38.066000,13:35:38.390000,01:35:00.324000,False,0 days 01:35:00.324000,5700.324,95.0054,1.5834233333333332,1
downtime_790,2022-10-31,14:02:23.408000,14:03:23.499000,00:01:00.091000,False,0 days 00:01:00.091000,60.091,1.0015166666666666,0.016691944444444443,1
downtime_791,2022-10-31,14:09:53.444000,15:19:53.644000,01:10:00.200000,False,0 days 01:10:00.200000,4200.2,70.00333333333333,1.1667222222222222,1
downtime_792,2022-10-31,15:46:23.870000,15:47:38.714000,00:01:14.844000,False,0 days 00:01:14.844000,74.844,1.2473999999999998,0.02079,1
downtime_793,2022-10-31,15:49:23.878000,16:31:23.831000,00:41:59.953000,False,0 days 00:41:59.953000,2519.953,41.99921666666667,0.6999869444444444,1
downtime_794,2022-10-31,17:04:53.916000,17:16:08.952000,00:11:15.036000,False,0 days 00:11:15.036000,675.036,11.250599999999999,0.18750999999999998,1
downtime_795,2022-10-31,17:53:54.059000,17:54:54.071000,00:01:00.012000,False,0 days 00:01:00.012000,60.012,1.0002,0.01667,1
downtime_796,2022-10-31,18:11:09.103000,18:12:09.152000,00:01:00.049000,False,0 days 00:01:00.049000,60.049,1.0008166666666667,0.016680277777777777,1
downtime_797,2022-10-31,18:14:09.115000,18:15:54.116000,00:01:45.001000,False,0 days 00:01:45.001000,105.001,1.7500166666666668,0.029166944444444447,1
downtime_798,2022-10-31,18:17:39.183000,18:19:39.125000,00:01:59.942000,False,0 days 00:01:59.942000,119.942,1.9990333333333332,0.03331722222222222,1
downtime_799,2022-11-03,11:18:25.418000,11:19:40.528000,00:01:15.110000,False,0 days 00:01:15.110000,75.11,1.2518333333333334,0.02086388888888889,1
downtime_800,2022-11-03,11:24:25.440000,11:25:25.474000,00:01:00.034000,False,0 days 00:01:00.034000,60.034,1.0005666666666666,0.01667611111111111,1
downtime_801,2022-11-03,11:28:10.440000,11:31:10.435000,00:02:59.995000,False,0 days 00:02:59.995000,179.995,2.9999166666666666,0.04999861111111111,1
downtime_802,2022-11-03,11:34:25.464000,11:35:40.456000,00:01:14.992000,False,0 days 00:01:14.992000,74.992,1.2498666666666667,0.020831111111111113,1
downtime_803,2022-11-03,11:36:55.460000,11:37:55.473000,00:01:00.013000,False,0 days 00:01:00.013000,60.013,1.0002166666666665,0.016670277777777777,1
downtime_804,2022-11-03,11:39:19.188000,11:40:10.470000,00:00:51.282000,False,0 days 00:00:51.282000,51.282,0.8546999999999999,0.014244999999999999,1
downtime_805,2022-11-03,11:41:10.796000,11:42:25.472000,00:01:14.676000,False,0 days 00:01:14.676000,74.676,1.2446,0.020743333333333332,1
downtime_806,2022-11-03,11:44:25.515000,11:45:25.499000,00:00:59.984000,False,0 days 00:00:59.984000,59.984,0.9997333333333334,0.016662222222222224,1
downtime_807,2022-11-03,11:46:25.544000,11:47:55.633000,00:01:30.089000,False,0 days 00:01:30.089000,90.089,1.5014833333333333,0.025024722222222223,1
downtime_808,2022-11-03,11:48:55.491000,11:50:10.694000,00:01:15.203000,False,0 days 00:01:15.203000,75.203,1.2533833333333333,0.020889722222222223,1
downtime_809,2022-11-03,11:51:25.530000,11:52:40.567000,00:01:15.037000,False,0 days 00:01:15.037000,75.037,1.2506166666666667,0.02084361111111111,1
downtime_810,2022-11-03,11:53:55.548000,11:55:55.500000,00:01:59.952000,False,0 days 00:01:59.952000,119.952,1.9991999999999999,0.03332,1
downtime_811,2022-11-03,11:56:56.456000,11:57:55.513000,00:00:59.057000,False,0 days 00:00:59.057000,59.057,0.9842833333333334,0.016404722222222223,1
downtime_812,2022-11-03,12:01:55.520000,12:03:25.539000,00:01:30.019000,False,0 days 00:01:30.019000,90.019,1.5003166666666667,0.02500527777777778,1
downtime_813,2022-11-03,12:04:40.528000,13:44:17.579000,01:39:37.051000,False,0 days 01:39:37.051000,5977.051,99.61751666666667,1.6602919444444446,1
downtime_814,2022-11-03,13:45:32.608000,13:47:02.578000,00:01:29.970000,False,0 days 00:01:29.970000,89.97,1.4995,0.024991666666666666,1
downtime_815,2022-11-03,13:48:02.576000,13:58:17.638000,00:10:15.062000,False,0 days 00:10:15.062000,615.062,10.251033333333334,0.17085055555555556,1
downtime_816,2022-11-03,13:59:17.612000,14:00:32.621000,00:01:15.009000,False,0 days 00:01:15.009000,75.009,1.25015,0.020835833333333335,1
downtime_817,2022-11-03,14:01:32.630000,14:03:02.622000,00:01:29.992000,False,0 days 00:01:29.992000,89.992,1.4998666666666667,0.02499777777777778,1
downtime_818,2022-11-03,14:04:32.641000,14:05:32.651000,00:01:00.010000,False,0 days 00:01:00.010000,60.01,1.0001666666666666,0.016669444444444445,1
downtime_819,2022-11-03,14:06:32.641000,14:14:32.653000,00:08:00.012000,False,0 days 00:08:00.012000,480.012,8.0002,0.13333666666666666,1
downtime_820,2022-11-03,14:15:32.656000,14:16:47.663000,00:01:15.007000,False,0 days 00:01:15.007000,75.007,1.2501166666666668,0.02083527777777778,1
downtime_821,2022-11-03,14:18:02.660000,14:19:17.815000,00:01:15.155000,False,0 days 00:01:15.155000,75.155,1.2525833333333334,0.02087638888888889,1
downtime_822,2022-11-03,14:20:17.671000,14:22:02.693000,00:01:45.022000,False,0 days 00:01:45.022000,105.022,1.7503666666666668,0.02917277777777778,1
downtime_823,2022-11-03,14:23:17.766000,14:24:32.688000,00:01:14.922000,False,0 days 00:01:14.922000,74.922,1.2487,0.020811666666666666,1
downtime_824,2022-11-03,14:25:47.685000,14:27:17.695000,00:01:30.010000,False,0 days 00:01:30.010000,90.01,1.5001666666666666,0.02500277777777778,1
downtime_825,2022-11-03,14:28:32.742000,14:30:02.729000,00:01:29.987000,False,0 days 00:01:29.987000,89.987,1.4997833333333332,0.024996388888888887,1
downtime_826,2022-11-03,14:31:02.726000,14:32:32.701000,00:01:29.975000,False,0 days 00:01:29.975000,89.975,1.4995833333333333,0.024993055555555553,1
downtime_827,2022-11-03,14:33:32.709000,14:35:03.006000,00:01:30.297000,False,0 days 00:01:30.297000,90.297,1.50495,0.0250825,1
downtime_828,2022-11-03,14:36:18.215000,15:12:32.817000,00:36:14.602000,False,0 days 00:36:14.602000,2174.602,36.24336666666667,0.6040561111111111,1
downtime_829,2022-11-03,15:13:32.849000,15:15:02.827000,00:01:29.978000,False,0 days 00:01:29.978000,89.978,1.4996333333333332,0.02499388888888889,1
downtime_830,2022-11-03,15:16:02.832000,15:17:32.835000,00:01:30.003000,False,0 days 00:01:30.003000,90.003,1.50005,0.025000833333333333,1
downtime_831,2022-11-03,15:18:32.910000,15:20:02.907000,00:01:29.997000,False,0 days 00:01:29.997000,89.997,1.49995,0.024999166666666666,1
downtime_832,2022-11-03,15:21:02.843000,15:22:32.845000,00:01:30.002000,False,0 days 00:01:30.002000,90.002,1.5000333333333333,0.025000555555555554,1
downtime_833,2022-11-03,15:23:32.854000,15:25:02.857000,00:01:30.003000,False,0 days 00:01:30.003000,90.003,1.50005,0.025000833333333333,1
downtime_834,2022-11-03,15:26:02.850000,15:27:33.035000,00:01:30.185000,False,0 days 00:01:30.185000,90.185,1.5030833333333333,0.02505138888888889,1
downtime_835,2022-11-03,15:28:47.857000,15:30:02.875000,00:01:15.018000,False,0 days 00:01:15.018000,75.018,1.2503,0.020838333333333334,1
downtime_836,2022-11-03,15:32:17.866000,15:34:02.870000,00:01:45.004000,False,0 days 00:01:45.004000,105.004,1.7500666666666667,0.02916777777777778,1
downtime_837,2022-11-03,15:35:17.877000,15:36:32.963000,00:01:15.086000,False,0 days 00:01:15.086000,75.086,1.2514333333333334,0.02085722222222222,1
downtime_838,2022-11-03,15:37:32.891000,15:39:02.893000,00:01:30.002000,False,0 days 00:01:30.002000,90.002,1.5000333333333333,0.025000555555555554,1
downtime_839,2022-11-03,15:41:02.897000,15:42:18.012000,00:01:15.115000,False,0 days 00:01:15.115000,75.115,1.2519166666666666,0.020865277777777778,1
downtime_840,2022-11-03,15:43:32.950000,15:44:32.907000,00:00:59.957000,False,0 days 00:00:59.957000,59.957,0.9992833333333333,0.016654722222222224,1
downtime_841,2022-11-03,15:45:47.905000,15:47:02.926000,00:01:15.021000,False,0 days 00:01:15.021000,75.021,1.25035,0.020839166666666666,1
downtime_842,2022-11-03,15:48:02.911000,15:49:17.923000,00:01:15.012000,False,0 days 00:01:15.012000,75.012,1.2502,0.020836666666666667,1
downtime_843,2022-11-03,15:50:32.916000,15:51:32.956000,00:01:00.040000,False,0 days 00:01:00.040000,60.04,1.0006666666666666,0.016677777777777777,1
downtime_844,2022-11-03,15:52:47.949000,15:54:02.941000,00:01:14.992000,False,0 days 00:01:14.992000,74.992,1.2498666666666667,0.020831111111111113,1
downtime_845,2022-11-03,15:55:02.951000,15:56:32.937000,00:01:29.986000,False,0 days 00:01:29.986000,89.986,1.4997666666666667,0.02499611111111111,1
downtime_846,2022-11-03,15:57:32.965000,15:58:47.940000,00:01:14.975000,False,0 days 00:01:14.975000,74.975,1.2495833333333333,0.020826388888888887,1
downtime_847,2022-11-03,16:00:02.945000,16:01:32.960000,00:01:30.015000,False,0 days 00:01:30.015000,90.015,1.50025,0.025004166666666668,1
downtime_848,2022-11-03,16:02:47.950000,16:03:47.955000,00:01:00.005000,False,0 days 00:01:00.005000,60.005,1.0000833333333334,0.016668055555555557,1
downtime_849,2022-11-03,16:05:02.967000,16:06:02.986000,00:01:00.019000,False,0 days 00:01:00.019000,60.019,1.0003166666666667,0.016671944444444444,1
downtime_850,2022-11-03,16:07:17.967000,16:08:17.999000,00:01:00.032000,False,0 days 00:01:00.032000,60.032,1.0005333333333333,0.016675555555555555,1
downtime_851,2022-11-03,16:09:32.971000,16:10:47.979000,00:01:15.008000,False,0 days 00:01:15.008000,75.008,1.2501333333333333,0.020835555555555555,1
downtime_852,2022-11-03,16:11:48.029000,16:13:02.979000,00:01:14.950000,False,0 days 00:01:14.950000,74.95,1.2491666666666668,0.020819444444444446,1
downtime_853,2022-11-03,16:14:03.007000,16:15:18.029000,00:01:15.022000,False,0 days 00:01:15.022000,75.022,1.2503666666666668,0.020839444444444445,1
downtime_854,2022-11-03,16:18:33.014000,16:19:48.028000,00:01:15.014000,False,0 days 00:01:15.014000,75.014,1.2502333333333333,0.020837222222222222,1
downtime_855,2022-11-03,16:20:48.002000,16:22:18.082000,00:01:30.080000,False,0 days 00:01:30.080000,90.08,1.5013333333333334,0.025022222222222223,1
downtime_856,2022-11-03,16:23:18.142000,16:24:33.056000,00:01:14.914000,False,0 days 00:01:14.914000,74.914,1.2485666666666666,0.020809444444444446,1
downtime_857,2022-11-03,16:25:33.270000,16:26:48.031000,00:01:14.761000,False,0 days 00:01:14.761000,74.761,1.2460166666666666,0.020766944444444442,1
downtime_858,2022-11-03,16:30:33.030000,16:31:48.171000,00:01:15.141000,False,0 days 00:01:15.141000,75.141,1.25235,0.020872500000000002,1
downtime_859,2022-11-03,16:32:48.058000,16:33:48.035000,00:00:59.977000,False,0 days 00:00:59.977000,59.977,0.9996166666666666,0.016660277777777777,1
downtime_860,2022-11-03,16:35:03.047000,16:36:33.042000,00:01:29.995000,False,0 days 00:01:29.995000,89.995,1.4999166666666668,0.024998611111111114,1
downtime_861,2022-11-03,16:37:48.050000,16:38:48.074000,00:01:00.024000,False,0 days 00:01:00.024000,60.024,1.0004,0.016673333333333335,1
downtime_862,2022-11-03,16:41:03.058000,16:42:33.061000,00:01:30.003000,False,0 days 00:01:30.003000,90.003,1.50005,0.025000833333333333,1
downtime_863,2022-11-03,16:43:33.064000,16:44:33.095000,00:01:00.031000,False,0 days 00:01:00.031000,60.031,1.0005166666666667,0.01667527777777778,1
downtime_864,2022-11-03,16:49:03.340000,16:50:18.084000,00:01:14.744000,False,0 days 00:01:14.744000,74.744,1.2457333333333334,0.020762222222222224,1
downtime_865,2022-11-03,16:52:03.105000,16:55:03.094000,00:02:59.989000,False,0 days 00:02:59.989000,179.989,2.999816666666667,0.04999694444444445,1
downtime_866,2022-11-08,13:01:38.564000,13:02:53.808000,00:01:15.244000,False,0 days 00:01:15.244000,75.244,1.2540666666666667,0.02090111111111111,1
downtime_867,2022-11-08,13:04:08.866000,14:43:53.843000,01:39:44.977000,False,0 days 01:39:44.977000,5984.977,99.74961666666667,1.662493611111111,1
downtime_868,2022-11-08,14:54:23.876000,14:55:38.897000,00:01:15.021000,False,0 days 00:01:15.021000,75.021,1.25035,0.020839166666666666,1
downtime_869,2022-11-08,14:59:08.901000,15:00:23.888000,00:01:14.987000,False,0 days 00:01:14.987000,74.987,1.2497833333333332,0.02082972222222222,1
downtime_870,2022-11-08,15:03:38.939000,15:04:53.899000,00:01:14.960000,False,0 days 00:01:14.960000,74.96,1.2493333333333332,0.02082222222222222,1
downtime_871,2022-11-08,15:10:23.944000,15:11:24.040000,00:01:00.096000,False,0 days 00:01:00.096000,60.096,1.0016,0.01669333333333333,1
downtime_872,2022-11-08,16:06:09.078000,17:12:24.259000,01:06:15.181000,False,0 days 01:06:15.181000,3975.181,66.25301666666667,1.1042169444444445,1
downtime_873,2022-11-08,17:15:39.266000,17:16:39.422000,00:01:00.156000,False,0 days 00:01:00.156000,60.156,1.0026,0.01671,1
downtime_874,2022-11-08,17:27:09.316000,17:28:24.340000,00:01:15.024000,False,0 days 00:01:15.024000,75.024,1.2504,0.02084,1
downtime_875,2022-11-08,18:09:54.428000,18:11:24.420000,00:01:29.992000,False,0 days 00:01:29.992000,89.992,1.4998666666666667,0.02499777777777778,1
downtime_876,2022-11-08,18:13:24.427000,18:14:39.501000,00:01:15.074000,False,0 days 00:01:15.074000,75.074,1.2512333333333332,0.020853888888888887,1
downtime_877,2022-11-08,18:16:24.463000,18:18:54.443000,00:02:29.980000,False,0 days 00:02:29.980000,149.98,2.4996666666666667,0.04166111111111111,1
downtime_878,2022-11-08,18:19:54.446000,18:20:54.556000,00:01:00.110000,False,0 days 00:01:00.110000,60.11,1.0018333333333334,0.01669722222222222,1
downtime_879,2022-11-08,18:23:09.468000,18:44:39.546000,00:21:30.078000,False,0 days 00:21:30.078000,1290.078,21.5013,0.358355,1
downtime_880,2022-11-11,14:48:46.032000,14:50:01.077000,00:01:15.045000,False,0 days 00:01:15.045000,75.045,1.25075,0.020845833333333334,1
downtime_881,2022-11-11,14:51:01.030000,15:05:16.123000,00:14:15.093000,False,0 days 00:14:15.093000,855.093,14.25155,0.23752583333333332,1
downtime_882,2022-11-11,15:06:16.100000,15:15:46.111000,00:09:30.011000,False,0 days 00:09:30.011000,570.011,9.500183333333332,0.15833638888888887,1
downtime_883,2022-11-11,15:22:46.129000,15:24:17.956000,00:01:31.827000,False,0 days 00:01:31.827000,91.827,1.5304499999999999,0.0255075,1
downtime_884,2022-11-11,15:27:01.134000,15:36:01.161000,00:09:00.027000,False,0 days 00:09:00.027000,540.027,9.00045,0.15000750000000002,1
downtime_885,2022-11-11,15:50:01.200000,15:51:31.239000,00:01:30.039000,False,0 days 00:01:30.039000,90.039,1.50065,0.025010833333333333,1
downtime_886,2022-11-11,15:52:46.204000,15:53:46.244000,00:01:00.040000,False,0 days 00:01:00.040000,60.04,1.0006666666666666,0.016677777777777777,1
downtime_887,2022-11-11,15:55:46.218000,15:56:46.232000,00:01:00.014000,False,0 days 00:01:00.014000,60.014,1.0002333333333333,0.016670555555555557,1
downtime_888,2022-11-11,15:58:16.251000,15:59:46.234000,00:01:29.983000,False,0 days 00:01:29.983000,89.983,1.4997166666666668,0.02499527777777778,1
downtime_889,2022-11-11,16:01:01.280000,16:56:06.106000,00:55:04.826000,False,0 days 00:55:04.826000,3304.826,55.08043333333333,0.9180072222222222,1
downtime_890,2022-11-11,17:04:21.165000,17:05:21.326000,00:01:00.161000,False,0 days 00:01:00.161000,60.161,1.0026833333333334,0.01671138888888889,1
downtime_891,2022-11-11,17:07:37.037000,17:08:36.139000,00:00:59.102000,False,0 days 00:00:59.102000,59.102,0.9850333333333333,0.016417222222222222,1
downtime_892,2022-11-11,17:12:36.161000,17:13:36.153000,00:00:59.992000,False,0 days 00:00:59.992000,59.992,0.9998666666666666,0.016664444444444444,1
downtime_893,2022-11-11,17:15:21.161000,17:16:51.403000,00:01:30.242000,False,0 days 00:01:30.242000,90.242,1.5040333333333333,0.025067222222222223,1
downtime_894,2022-11-14,15:42:08.607000,15:45:38.712000,00:03:30.105000,False,0 days 00:03:30.105000,210.105,3.50175,0.0583625,1
downtime_895,2022-11-14,15:48:23.668000,15:52:23.628000,00:03:59.960000,False,0 days 00:03:59.960000,239.96,3.9993333333333334,0.06665555555555555,1
downtime_896,2022-11-14,15:53:53.645000,15:57:53.652000,00:04:00.007000,False,0 days 00:04:00.007000,240.007,4.000116666666667,0.06666861111111111,1
downtime_897,2022-11-14,15:58:38.652000,15:59:38.652000,00:01:00,False,0 days 00:01:00,60.0,1.0,0.016666666666666666,1
downtime_898,2022-11-14,16:13:08.690000,16:21:08.720000,00:08:00.030000,False,0 days 00:08:00.030000,480.03,8.000499999999999,0.13334166666666666,1
downtime_899,2022-11-14,16:28:08.778000,16:29:08.743000,00:00:59.965000,False,0 days 00:00:59.965000,59.965,0.9994166666666667,0.016656944444444446,1
downtime_900,2022-11-15,11:06:20.641000,11:07:35.632000,00:01:14.991000,False,0 days 00:01:14.991000,74.991,1.24985,0.020830833333333333,1
downtime_901,2022-11-15,11:21:05.811000,11:29:35.680000,00:08:29.869000,False,0 days 00:08:29.869000,509.869,8.497816666666667,0.14163027777777779,1
downtime_902,2022-11-15,11:44:06.047000,11:46:35.728000,00:02:29.681000,False,0 days 00:02:29.681000,149.681,2.4946833333333336,0.041578055555555556,1
downtime_903,2022-11-15,11:53:35.976000,14:04:21.245000,02:10:45.269000,False,0 days 02:10:45.269000,7845.269,130.75448333333333,2.179241388888889,1
downtime_904,2022-11-15,14:17:06.148000,14:20:36.158000,00:03:30.010000,False,0 days 00:03:30.010000,210.01,3.5001666666666664,0.05833611111111111,1
downtime_905,2022-11-15,14:27:51.454000,14:29:21.229000,00:01:29.775000,False,0 days 00:01:29.775000,89.775,1.49625,0.0249375,1
downtime_906,2022-11-15,14:30:51.211000,14:32:06.380000,00:01:15.169000,False,0 days 00:01:15.169000,75.169,1.2528166666666667,0.020880277777777775,1
downtime_907,2022-11-15,14:39:06.215000,14:45:36.230000,00:06:30.015000,False,0 days 00:06:30.015000,390.015,6.500249999999999,0.10833749999999999,1
downtime_908,2022-11-15,14:50:06.254000,14:51:06.247000,00:00:59.993000,False,0 days 00:00:59.993000,59.993,0.9998833333333333,0.016664722222222223,1
downtime_909,2022-11-15,14:56:06.261000,14:57:06.271000,00:01:00.010000,False,0 days 00:01:00.010000,60.01,1.0001666666666666,0.016669444444444445,1
downtime_910,2022-11-15,15:00:06.269000,15:02:06.348000,00:02:00.079000,False,0 days 00:02:00.079000,120.079,2.0013166666666664,0.033355277777777775,1
downtime_911,2022-11-15,15:16:06.380000,15:17:21.327000,00:01:14.947000,False,0 days 00:01:14.947000,74.947,1.2491166666666667,0.02081861111111111,1
downtime_912,2022-11-15,15:23:51.379000,15:25:06.356000,00:01:14.977000,False,0 days 00:01:14.977000,74.977,1.2496166666666668,0.020826944444444447,1
downtime_913,2022-11-21,13:34:51.214000,13:36:36.209000,00:01:44.995000,False,0 days 00:01:44.995000,104.995,1.7499166666666668,0.02916527777777778,1
downtime_914,2022-11-21,13:38:51.215000,13:41:36.225000,00:02:45.010000,False,0 days 00:02:45.010000,165.01,2.7501666666666664,0.045836111111111105,1
downtime_915,2022-11-21,13:44:06.241000,13:46:06.257000,00:02:00.016000,False,0 days 00:02:00.016000,120.016,2.0002666666666666,0.03333777777777778,1
downtime_916,2022-11-21,13:47:36.261000,13:49:51.246000,00:02:14.985000,False,0 days 00:02:14.985000,134.985,2.24975,0.03749583333333334,1
downtime_917,2022-11-21,13:52:36.265000,13:53:51.255000,00:01:14.990000,False,0 days 00:01:14.990000,74.99,1.2498333333333334,0.020830555555555554,1
downtime_918,2022-11-21,13:54:36.259000,13:56:06.298000,00:01:30.039000,False,0 days 00:01:30.039000,90.039,1.50065,0.025010833333333333,1
downtime_919,2022-11-21,13:57:06.277000,16:19:36.669000,02:22:30.392000,False,0 days 02:22:30.392000,8550.392,142.50653333333332,2.3751088888888887,1
downtime_920,2022-11-21,16:25:36.686000,16:27:51.692000,00:02:15.006000,False,0 days 00:02:15.006000,135.006,2.2501,0.03750166666666667,1
downtime_921,2022-11-21,16:29:21.697000,16:40:21.727000,00:11:00.030000,False,0 days 00:11:00.030000,660.03,11.000499999999999,0.18334166666666665,1
downtime_922,2022-11-21,16:43:06.768000,16:44:06.741000,00:00:59.973000,False,0 days 00:00:59.973000,59.973,0.9995499999999999,0.016659166666666666,1
downtime_923,2022-11-21,16:48:36.752000,16:49:36.754000,00:01:00.002000,False,0 days 00:01:00.002000,60.002,1.0000333333333333,0.016667222222222222,1
downtime_924,2022-11-21,16:54:21.790000,16:55:21.769000,00:00:59.979000,False,0 days 00:00:59.979000,59.979,0.99965,0.016660833333333333,1
downtime_925,2022-11-21,17:04:36.793000,17:07:21.802000,00:02:45.009000,False,0 days 00:02:45.009000,165.009,2.7501499999999997,0.04583583333333333,1
downtime_926,2022-11-21,17:09:06.837000,17:10:06.814000,00:00:59.977000,False,0 days 00:00:59.977000,59.977,0.9996166666666666,0.016660277777777777,1
downtime_927,2022-11-21,17:15:06.823000,17:16:51.829000,00:01:45.006000,False,0 days 00:01:45.006000,105.006,1.7501,0.029168333333333334,1
downtime_928,2022-11-21,17:19:51.839000,17:22:06.843000,00:02:15.004000,False,0 days 00:02:15.004000,135.004,2.2500666666666667,0.03750111111111111,1
downtime_929,2022-11-21,17:25:06.853000,17:27:06.866000,00:02:00.013000,False,0 days 00:02:00.013000,120.013,2.0002166666666668,0.03333694444444445,1
downtime_930,2022-11-21,17:32:06.870000,17:33:06.880000,00:01:00.010000,False,0 days 00:01:00.010000,60.01,1.0001666666666666,0.016669444444444445,1
downtime_931,2022-11-21,17:38:06.887000,17:39:36.895000,00:01:30.008000,False,0 days 00:01:30.008000,90.008,1.5001333333333333,0.02500222222222222,1
downtime_932,2022-11-21,17:41:06.922000,17:46:51.912000,00:05:44.990000,False,0 days 00:05:44.990000,344.99,5.749833333333333,0.09583055555555556,1
downtime_933,2022-11-23,15:09:28.502000,15:11:58.515000,00:02:30.013000,False,0 days 00:02:30.013000,150.013,2.5002166666666668,0.04167027777777778,1
downtime_934,2022-11-23,15:18:13.527000,15:19:13.536000,00:01:00.009000,False,0 days 00:01:00.009000,60.009,1.00015,0.016669166666666665,1
downtime_935,2022-11-23,15:30:43.591000,15:33:28.579000,00:02:44.988000,False,0 days 00:02:44.988000,164.988,2.7498,0.04583,1
downtime_936,2022-11-23,15:35:43.575000,15:37:43.578000,00:02:00.003000,False,0 days 00:02:00.003000,120.003,2.00005,0.033334166666666665,1
downtime_937,2022-11-23,15:40:43.587000,15:41:28.604000,00:00:45.017000,False,0 days 00:00:45.017000,45.017,0.7502833333333334,0.012504722222222223,1
downtime_938,2022-11-23,15:42:13.622000,15:44:58.619000,00:02:44.997000,False,0 days 00:02:44.997000,164.997,2.74995,0.045832500000000005,1
downtime_939,2022-11-23,15:45:43.600000,15:46:58.604000,00:01:15.004000,False,0 days 00:01:15.004000,75.004,1.2500666666666667,0.020834444444444447,1
downtime_940,2022-11-23,15:51:28.619000,15:52:43.625000,00:01:15.006000,False,0 days 00:01:15.006000,75.006,1.2501,0.020835,1
downtime_941,2022-11-23,15:55:28.632000,15:56:58.632000,00:01:30,False,0 days 00:01:30,90.0,1.5,0.025,1
downtime_942,2022-11-23,16:00:58.645000,16:02:13.650000,00:01:15.005000,False,0 days 00:01:15.005000,75.005,1.2500833333333332,0.02083472222222222,1
downtime_943,2022-11-23,16:18:58.695000,16:20:13.733000,00:01:15.038000,False,0 days 00:01:15.038000,75.038,1.2506333333333333,0.020843888888888887,1
downtime_944,2022-11-23,16:26:58.718000,16:27:58.721000,00:01:00.003000,False,0 days 00:01:00.003000,60.003,1.00005,0.016667500000000002,1
downtime_945,2022-11-23,16:43:28.769000,16:50:58.790000,00:07:30.021000,False,0 days 00:07:30.021000,450.021,7.50035,0.12500583333333334,1
downtime_946,2022-11-23,16:53:58.804000,16:56:29.045000,00:02:30.241000,False,0 days 00:02:30.241000,150.241,2.504016666666667,0.04173361111111112,1
downtime_947,2022-11-23,17:08:58.849000,17:13:28.851000,00:04:30.002000,False,0 days 00:04:30.002000,270.002,4.5000333333333336,0.07500055555555556,1
downtime_948,2022-11-28,12:49:41.096000,15:45:56.601000,02:56:15.505000,False,0 days 02:56:15.505000,10575.505,176.25841666666665,2.9376402777777777,1
downtime_949,2022-11-28,15:48:11.580000,15:54:56.602000,00:06:45.022000,False,0 days 00:06:45.022000,405.022,6.750366666666666,0.11250611111111111,1
downtime_950,2022-11-28,15:56:56.611000,16:06:26.632000,00:09:30.021000,False,0 days 00:09:30.021000,570.021,9.50035,0.15833916666666664,1
downtime_951,2022-11-28,16:08:41.656000,16:10:11.643000,00:01:29.987000,False,0 days 00:01:29.987000,89.987,1.4997833333333332,0.024996388888888887,1
downtime_952,2022-11-28,16:15:41.657000,16:18:41.695000,00:03:00.038000,False,0 days 00:03:00.038000,180.038,3.0006333333333335,0.05001055555555556,1
downtime_953,2022-11-28,16:21:41.676000,16:22:56.706000,00:01:15.030000,False,0 days 00:01:15.030000,75.03,1.2505,0.020841666666666668,1
downtime_954,2022-11-28,16:37:11.716000,16:41:26.727000,00:04:15.011000,False,0 days 00:04:15.011000,255.011,4.250183333333333,0.0708363888888889,1
downtime_955,2022-11-28,16:49:11.778000,16:53:56.763000,00:04:44.985000,False,0 days 00:04:44.985000,284.985,4.749750000000001,0.07916250000000001,1
downtime_956,2022-11-28,17:40:20.314000,17:42:20.310000,00:01:59.996000,False,0 days 00:01:59.996000,119.996,1.9999333333333333,0.03333222222222222,1
downtime_957,2022-11-28,17:50:50.333000,17:52:05.355000,00:01:15.022000,False,0 days 00:01:15.022000,75.022,1.2503666666666668,0.020839444444444445,1
downtime_958,2022-11-28,17:57:35.352000,18:05:05.374000,00:07:30.022000,False,0 days 00:07:30.022000,450.022,7.500366666666666,0.1250061111111111,1
downtime_959,2022-11-28,18:23:20.467000,18:25:20.464000,00:01:59.997000,False,0 days 00:01:59.997000,119.997,1.99995,0.0333325,1
downtime_960,2022-11-28,18:29:05.448000,18:31:05.461000,00:02:00.013000,False,0 days 00:02:00.013000,120.013,2.0002166666666668,0.03333694444444445,1
downtime_961,2022-12-02,12:09:51.321000,12:13:06.333000,00:03:15.012000,False,0 days 00:03:15.012000,195.012,3.2502,0.05417,1
downtime_962,2022-12-02,12:14:06.334000,13:11:21.526000,00:57:15.192000,False,0 days 00:57:15.192000,3435.192,57.2532,0.95422,1
downtime_963,2022-12-02,13:14:51.506000,13:24:51.536000,00:10:00.030000,False,0 days 00:10:00.030000,600.03,10.000499999999999,0.166675,1
downtime_964,2022-12-02,13:28:06.545000,13:29:36.550000,00:01:30.005000,False,0 days 00:01:30.005000,90.005,1.5000833333333332,0.02500138888888889,1
downtime_965,2022-12-02,13:31:06.564000,13:32:21.557000,00:01:14.993000,False,0 days 00:01:14.993000,74.993,1.2498833333333332,0.02083138888888889,1
downtime_966,2022-12-02,13:38:06.644000,13:43:36.591000,00:05:29.947000,False,0 days 00:05:29.947000,329.947,5.499116666666667,0.09165194444444444,1
downtime_967,2022-12-02,13:46:06.605000,13:47:21.600000,00:01:14.995000,False,0 days 00:01:14.995000,74.995,1.2499166666666668,0.020831944444444445,1
downtime_968,2022-12-02,13:49:06.830000,13:50:51.633000,00:01:44.803000,False,0 days 00:01:44.803000,104.803,1.7467166666666667,0.029111944444444444,1
downtime_969,2022-12-02,13:52:06.612000,13:54:06.639000,00:02:00.027000,False,0 days 00:02:00.027000,120.027,2.00045,0.03334083333333333,1
downtime_970,2022-12-02,13:59:06.632000,14:01:06.641000,00:02:00.009000,False,0 days 00:02:00.009000,120.009,2.00015,0.033335833333333335,1
downtime_971,2022-12-02,14:03:06.645000,14:08:21.661000,00:05:15.016000,False,0 days 00:05:15.016000,315.016,5.250266666666667,0.08750444444444445,1
downtime_972,2022-12-02,14:13:36.676000,14:14:36.679000,00:01:00.003000,False,0 days 00:01:00.003000,60.003,1.00005,0.016667500000000002,1
downtime_973,2022-12-02,14:16:21.685000,14:17:51.685000,00:01:30,False,0 days 00:01:30,90.0,1.5,0.025,1
downtime_974,2022-12-02,14:23:36.701000,14:27:21.715000,00:03:45.014000,False,0 days 00:03:45.014000,225.014,3.7502333333333335,0.06250388888888889,1
downtime_975,2022-12-02,14:31:51.727000,14:38:06.745000,00:06:15.018000,False,0 days 00:06:15.018000,375.018,6.250299999999999,0.10417166666666666,1
downtime_976,2022-12-02,14:39:21.756000,14:42:21.757000,00:03:00.001000,False,0 days 00:03:00.001000,180.001,3.0000166666666668,0.05000027777777778,1
downtime_977,2022-12-02,14:45:51.765000,14:48:06.770000,00:02:15.005000,False,0 days 00:02:15.005000,135.005,2.2500833333333334,0.03750138888888889,1
downtime_978,2022-12-02,14:49:21.801000,14:51:06.781000,00:01:44.980000,False,0 days 00:01:44.980000,104.98,1.7496666666666667,0.029161111111111113,1
downtime_979,2022-12-02,14:54:21.787000,14:56:37.021000,00:02:15.234000,False,0 days 00:02:15.234000,135.234,2.2539000000000002,0.037565,1
downtime_980,2022-12-05,11:54:04.952000,11:57:19.968000,00:03:15.016000,False,0 days 00:03:15.016000,195.016,3.2502666666666666,0.05417111111111111,1
downtime_981,2022-12-05,11:59:04.974000,12:04:49.977000,00:05:45.003000,False,0 days 00:05:45.003000,345.003,5.75005,0.09583416666666666,1
downtime_982,2022-12-05,12:12:50.022000,12:14:05.045000,00:01:15.023000,False,0 days 00:01:15.023000,75.023,1.2503833333333332,0.02083972222222222,1
downtime_983,2022-12-05,12:16:20.010000,12:18:20.021000,00:02:00.011000,False,0 days 00:02:00.011000,120.011,2.000183333333333,0.03333638888888889,1
downtime_984,2022-12-05,12:22:50.029000,13:59:35.303000,01:36:45.274000,False,0 days 01:36:45.274000,5805.274,96.75456666666668,1.6125761111111112,1
downtime_985,2022-12-05,14:03:35.313000,14:05:05.327000,00:01:30.014000,False,0 days 00:01:30.014000,90.014,1.5002333333333333,0.025003888888888888,1
downtime_986,2022-12-05,14:05:50.321000,14:06:50.351000,00:01:00.030000,False,0 days 00:01:00.030000,60.03,1.0005,0.016675,1
downtime_987,2022-12-05,14:25:20.375000,14:28:05.381000,00:02:45.006000,False,0 days 00:02:45.006000,165.006,2.7501,0.045835,1
downtime_988,2022-12-05,14:30:35.388000,14:31:35.392000,00:01:00.004000,False,0 days 00:01:00.004000,60.004,1.0000666666666667,0.016667777777777778,1
downtime_989,2022-12-05,14:32:20.392000,14:34:35.397000,00:02:15.005000,False,0 days 00:02:15.005000,135.005,2.2500833333333334,0.03750138888888889,1
downtime_990,2022-12-05,14:37:05.405000,14:40:05.430000,00:03:00.025000,False,0 days 00:03:00.025000,180.025,3.0004166666666667,0.050006944444444444,1
downtime_991,2022-12-05,14:46:05.436000,14:48:50.441000,00:02:45.005000,False,0 days 00:02:45.005000,165.005,2.7500833333333334,0.04583472222222222,1
downtime_992,2022-12-05,14:54:20.453000,14:56:05.461000,00:01:45.008000,False,0 days 00:01:45.008000,105.008,1.7501333333333333,0.029168888888888887,1
downtime_993,2022-12-05,15:02:05.475000,15:09:20.505000,00:07:15.030000,False,0 days 00:07:15.030000,435.03,7.2505,0.12084166666666665,1
downtime_994,2022-12-06,07:47:55.201000,07:49:10.205000,00:01:15.004000,False,0 days 00:01:15.004000,75.004,1.2500666666666667,0.020834444444444447,1
downtime_995,2022-12-06,07:51:25.213000,13:41:15.114000,05:49:49.901000,False,0 days 05:49:49.901000,20989.901,349.8316833333334,5.830528055555556,1
downtime_996,2022-12-06,13:49:45.138000,14:32:00.831000,00:42:15.693000,False,0 days 00:42:15.693000,2535.693,42.26155000000001,0.7043591666666668,1
downtime_997,2022-12-06,15:07:45.937000,15:12:15.948000,00:04:30.011000,False,0 days 00:04:30.011000,270.011,4.500183333333334,0.07500305555555556,1
downtime_998,2022-12-06,15:14:45.952000,15:16:15.958000,00:01:30.006000,False,0 days 00:01:30.006000,90.006,1.5001,0.025001666666666665,1
downtime_999,2022-12-06,15:27:30.992000,15:32:31.010000,00:05:00.018000,False,0 days 00:05:00.018000,300.018,5.000299999999999,0.08333833333333332,1
downtime_1000,2022-12-06,15:39:01.019000,15:42:46.050000,00:03:45.031000,False,0 days 00:03:45.031000,225.031,3.750516666666667,0.06250861111111111,1
downtime_1001,2022-12-06,15:54:01.066000,15:55:16.068000,00:01:15.002000,False,0 days 00:01:15.002000,75.002,1.2500333333333333,0.020833888888888888,1
downtime_1002,2022-12-06,15:57:16.073000,15:58:16.082000,00:01:00.009000,False,0 days 00:01:00.009000,60.009,1.00015,0.016669166666666665,1
downtime_1003,2022-12-06,16:06:01.099000,16:07:16.102000,00:01:15.003000,False,0 days 00:01:15.003000,75.003,1.25005,0.020834166666666668,1
downtime_1004,2022-12-08,11:12:35.429000,11:18:03.838000,00:05:28.409000,False,0 days 00:05:28.409000,328.409,5.473483333333333,0.09122472222222222,1
downtime_1005,2022-12-08,11:29:48.869000,11:34:18.887000,00:04:30.018000,False,0 days 00:04:30.018000,270.018,4.500299999999999,0.07500499999999999,1
downtime_1006,2022-12-08,11:45:03.917000,11:51:18.929000,00:06:15.012000,False,0 days 00:06:15.012000,375.012,6.2502,0.10417,1
downtime_1007,2022-12-08,12:13:04.014000,12:14:19.120000,00:01:15.106000,False,0 days 00:01:15.106000,75.106,1.2517666666666665,0.020862777777777775,1
downtime_1008,2022-12-08,12:27:04.032000,12:29:49.049000,00:02:45.017000,False,0 days 00:02:45.017000,165.017,2.7502833333333334,0.045838055555555555,1
downtime_1009,2022-12-08,12:34:34.054000,14:04:04.307000,01:29:30.253000,False,0 days 01:29:30.253000,5370.253,89.50421666666666,1.4917369444444444,1
downtime_1010,2022-12-08,14:05:04.306000,14:25:49.413000,00:20:45.107000,False,0 days 00:20:45.107000,1245.107,20.751783333333332,0.3458630555555555,1
downtime_1011,2022-12-08,14:47:04.432000,14:48:49.434000,00:01:45.002000,False,0 days 00:01:45.002000,105.002,1.7500333333333333,0.02916722222222222,1
downtime_1012,2022-12-08,14:50:19.447000,14:52:19.451000,00:02:00.004000,False,0 days 00:02:00.004000,120.004,2.0000666666666667,0.033334444444444444,1
downtime_1013,2022-12-08,15:12:04.499000,16:16:49.684000,01:04:45.185000,False,0 days 01:04:45.185000,3885.185,64.75308333333334,1.0792180555555555,1
downtime_1014,2022-12-08,16:24:04.713000,16:27:04.741000,00:03:00.028000,False,0 days 00:03:00.028000,180.028,3.0004666666666666,0.050007777777777776,1
downtime_1015,2022-12-08,17:09:19.832000,17:33:34.902000,00:24:15.070000,False,0 days 00:24:15.070000,1455.07,24.251166666666666,0.4041861111111111,1
downtime_1016,2022-12-08,17:39:49.921000,17:42:19.927000,00:02:30.006000,False,0 days 00:02:30.006000,150.006,2.5001,0.041668333333333335,1
downtime_1017,2022-12-08,17:47:34.943000,17:48:34.940000,00:00:59.997000,False,0 days 00:00:59.997000,59.997,0.99995,0.016665833333333335,1
downtime_1018,2022-12-13,07:06:42.889000,07:26:42.941000,00:20:00.052000,False,0 days 00:20:00.052000,1200.052,20.000866666666663,0.33334777777777774,1
downtime_1019,2022-12-13,07:27:27.939000,08:02:39.001000,00:35:11.062000,False,0 days 00:35:11.062000,2111.062,35.18436666666666,0.5864061111111111,1
downtime_1020,2022-12-13,08:04:54.025000,08:11:54.064000,00:07:00.039000,False,0 days 00:07:00.039000,420.039,7.000649999999999,0.11667749999999999,1
downtime_1021,2022-12-13,08:13:09.028000,09:59:39.329000,01:46:30.301000,False,0 days 01:46:30.301000,6390.301,106.50501666666668,1.7750836111111112,1
downtime_1022,2022-12-13,10:03:39.337000,10:10:54.357000,00:07:15.020000,False,0 days 00:07:15.020000,435.02,7.250333333333333,0.12083888888888888,1
downtime_1023,2022-12-13,10:16:54.376000,10:18:09.379000,00:01:15.003000,False,0 days 00:01:15.003000,75.003,1.25005,0.020834166666666668,1
downtime_1024,2022-12-13,10:32:39.421000,10:34:09.618000,00:01:30.197000,False,0 days 00:01:30.197000,90.197,1.5032833333333333,0.02505472222222222,1
downtime_1025,2022-12-13,10:44:54.451000,10:46:39.459000,00:01:45.008000,False,0 days 00:01:45.008000,105.008,1.7501333333333333,0.029168888888888887,1
downtime_1026,2022-12-13,10:51:39.478000,10:55:39.546000,00:04:00.068000,False,0 days 00:04:00.068000,240.068,4.001133333333334,0.06668555555555555,1
downtime_1027,2022-12-13,11:03:24.507000,11:06:09.537000,00:02:45.030000,False,0 days 00:02:45.030000,165.03,2.7505,0.04584166666666667,1
downtime_1028,2022-12-13,11:13:24.552000,11:16:54.547000,00:03:29.995000,False,0 days 00:03:29.995000,209.995,3.4999166666666666,0.05833194444444444,1
downtime_1029,2022-12-13,11:21:09.560000,11:24:39.570000,00:03:30.010000,False,0 days 00:03:30.010000,210.01,3.5001666666666664,0.05833611111111111,1
downtime_1030,2022-12-13,11:30:09.584000,11:37:09.602000,00:07:00.018000,False,0 days 00:07:00.018000,420.018,7.000299999999999,0.11667166666666666,1
downtime_1031,2022-12-13,11:38:54.607000,11:41:54.617000,00:03:00.010000,False,0 days 00:03:00.010000,180.01,3.0001666666666664,0.05000277777777778,1
downtime_1032,2022-12-13,11:47:39.635000,11:49:39.640000,00:02:00.005000,False,0 days 00:02:00.005000,120.005,2.0000833333333334,0.033334722222222224,1
downtime_1033,2022-12-13,11:51:24.669000,11:53:39.650000,00:02:14.981000,False,0 days 00:02:14.981000,134.981,2.249683333333333,0.03749472222222222,1
downtime_1034,2022-12-13,11:57:39.699000,11:59:09.674000,00:01:29.975000,False,0 days 00:01:29.975000,89.975,1.4995833333333333,0.024993055555555553,1
downtime_1035,2022-12-13,12:01:24.671000,12:02:24.673000,00:01:00.002000,False,0 days 00:01:00.002000,60.002,1.0000333333333333,0.016667222222222222,1
downtime_1036,2022-12-13,12:10:39.713000,13:57:24.996000,01:46:45.283000,False,0 days 01:46:45.283000,6405.283,106.75471666666667,1.7792452777777779,1
downtime_1037,2022-12-13,13:59:40.003000,14:01:40.013000,00:02:00.010000,False,0 days 00:02:00.010000,120.01,2.000166666666667,0.033336111111111115,1
downtime_1038,2022-12-13,14:04:25.020000,14:06:55.052000,00:02:30.032000,False,0 days 00:02:30.032000,150.032,2.5005333333333337,0.041675555555555556,1
downtime_1039,2022-12-13,14:10:25.035000,14:11:25.051000,00:01:00.016000,False,0 days 00:01:00.016000,60.016,1.0002666666666666,0.016671111111111112,1
downtime_1040,2022-12-13,14:15:40.053000,14:16:55.089000,00:01:15.036000,False,0 days 00:01:15.036000,75.036,1.2506,0.020843333333333335,1
downtime_1041,2022-12-13,14:20:10.088000,14:21:55.065000,00:01:44.977000,False,0 days 00:01:44.977000,104.977,1.7496166666666668,0.029160277777777778,1
downtime_1042,2022-12-13,14:24:55.073000,14:26:25.105000,00:01:30.032000,False,0 days 00:01:30.032000,90.032,1.5005333333333333,0.02500888888888889,1
downtime_1043,2022-12-13,14:29:55.094000,14:30:55.090000,00:00:59.996000,False,0 days 00:00:59.996000,59.996,0.9999333333333333,0.016665555555555555,1
downtime_1044,2022-12-13,14:38:25.114000,15:44:25.301000,01:06:00.187000,False,0 days 01:06:00.187000,3960.187,66.00311666666667,1.1000519444444443,1
downtime_1045,2022-12-13,15:50:10.319000,15:58:55.342000,00:08:45.023000,False,0 days 00:08:45.023000,525.023,8.750383333333334,0.14583972222222222,1
downtime_1046,2022-12-13,16:04:25.375000,16:06:55.370000,00:02:29.995000,False,0 days 00:02:29.995000,149.995,2.4999166666666666,0.04166527777777778,1
downtime_1047,2022-12-13,16:12:10.376000,16:13:55.383000,00:01:45.007000,False,0 days 00:01:45.007000,105.007,1.7501166666666668,0.029168611111111114,1
downtime_1048,2022-12-13,16:17:25.393000,16:18:55.398000,00:01:30.005000,False,0 days 00:01:30.005000,90.005,1.5000833333333332,0.02500138888888889,1
downtime_1049,2022-12-13,16:31:10.447000,16:32:40.436000,00:01:29.989000,False,0 days 00:01:29.989000,89.989,1.4998166666666668,0.024996944444444447,1
downtime_1050,2022-12-13,16:35:40.446000,16:36:55.446000,00:01:15,False,0 days 00:01:15,75.0,1.25,0.020833333333333332,1
downtime_1051,2022-12-13,16:46:55.479000,16:48:10.477000,00:01:14.998000,False,0 days 00:01:14.998000,74.998,1.2499666666666667,0.02083277777777778,1
downtime_1052,2022-12-13,16:48:55.480000,16:50:55.488000,00:02:00.008000,False,0 days 00:02:00.008000,120.008,2.0001333333333333,0.033335555555555556,1
downtime_1053,2022-12-13,16:54:55.499000,16:57:55.509000,00:03:00.010000,False,0 days 00:03:00.010000,180.01,3.0001666666666664,0.05000277777777778,1
downtime_1054,2022-12-16,16:33:17.065000,16:34:47.079000,00:01:30.014000,False,0 days 00:01:30.014000,90.014,1.5002333333333333,0.025003888888888888,1
downtime_1055,2022-12-16,16:35:47.195000,16:37:17.076000,00:01:29.881000,False,0 days 00:01:29.881000,89.881,1.4980166666666668,0.024966944444444444,1
downtime_1056,2022-12-16,16:38:02.079000,16:41:47.119000,00:03:45.040000,False,0 days 00:03:45.040000,225.04,3.7506666666666666,0.06251111111111111,1
downtime_1057,2022-12-16,16:43:02.120000,16:45:02.119000,00:01:59.999000,False,0 days 00:01:59.999000,119.999,1.9999833333333332,0.03333305555555555,1
downtime_1058,2022-12-16,16:51:47.120000,16:58:17.283000,00:06:30.163000,False,0 days 00:06:30.163000,390.163,6.502716666666667,0.10837861111111112,1
downtime_1059,2022-12-16,17:01:02.146000,17:15:02.182000,00:14:00.036000,False,0 days 00:14:00.036000,840.036,14.000599999999999,0.23334333333333332,1
downtime_1060,2022-12-16,17:20:47.418000,17:23:47.232000,00:02:59.814000,False,0 days 00:02:59.814000,179.814,2.9968999999999997,0.04994833333333333,1
downtime_1061,2022-12-16,17:25:02.211000,17:27:47.228000,00:02:45.017000,False,0 days 00:02:45.017000,165.017,2.7502833333333334,0.045838055555555555,1
downtime_1062,2022-12-19,11:05:21.005000,11:07:51.036000,00:02:30.031000,False,0 days 00:02:30.031000,150.031,2.500516666666667,0.041675277777777776,1
downtime_1063,2022-12-19,11:08:36.015000,11:13:51.033000,00:05:15.018000,False,0 days 00:05:15.018000,315.018,5.250299999999999,0.08750499999999999,1
downtime_1064,2022-12-19,11:21:21.053000,11:23:21.057000,00:02:00.004000,False,0 days 00:02:00.004000,120.004,2.0000666666666667,0.033334444444444444,1
downtime_1065,2022-12-19,11:24:51.066000,11:27:21.082000,00:02:30.016000,False,0 days 00:02:30.016000,150.016,2.5002666666666666,0.04167111111111111,1
downtime_1066,2022-12-19,11:31:36.084000,11:32:51.087000,00:01:15.003000,False,0 days 00:01:15.003000,75.003,1.25005,0.020834166666666668,1
downtime_1067,2022-12-19,11:33:51.088000,11:35:06.108000,00:01:15.020000,False,0 days 00:01:15.020000,75.02,1.2503333333333333,0.02083888888888889,1
downtime_1068,2022-12-19,11:37:06.098000,14:24:51.583000,02:47:45.485000,False,0 days 02:47:45.485000,10065.485,167.75808333333333,2.7959680555555555,1
downtime_1069,2022-12-19,14:26:21.585000,14:27:21.589000,00:01:00.004000,False,0 days 00:01:00.004000,60.004,1.0000666666666667,0.016667777777777778,1
downtime_1070,2022-12-19,14:33:21.606000,14:35:06.610000,00:01:45.004000,False,0 days 00:01:45.004000,105.004,1.7500666666666667,0.02916777777777778,1
downtime_1071,2022-12-19,14:36:06.610000,14:37:51.617000,00:01:45.007000,False,0 days 00:01:45.007000,105.007,1.7501166666666668,0.029168611111111114,1
downtime_1072,2022-12-19,14:39:36.641000,14:42:36.634000,00:02:59.993000,False,0 days 00:02:59.993000,179.993,2.9998833333333335,0.04999805555555555,1
downtime_1073,2022-12-19,14:44:06.634000,14:46:21.643000,00:02:15.009000,False,0 days 00:02:15.009000,135.009,2.2501499999999997,0.037502499999999994,1
downtime_1074,2022-12-19,14:49:06.650000,15:03:51.702000,00:14:45.052000,False,0 days 00:14:45.052000,885.052,14.750866666666667,0.24584777777777778,1
downtime_1075,2022-12-19,15:04:51.688000,15:06:36.708000,00:01:45.020000,False,0 days 00:01:45.020000,105.02,1.7503333333333333,0.02917222222222222,1
downtime_1076,2022-12-19,15:07:51.714000,15:10:06.736000,00:02:15.022000,False,0 days 00:02:15.022000,135.022,2.2503666666666664,0.03750611111111111,1
downtime_1077,2022-12-19,15:11:21.708000,15:14:06.715000,00:02:45.007000,False,0 days 00:02:45.007000,165.007,2.7501166666666665,0.04583527777777778,1
downtime_1078,2022-12-19,15:15:21.718000,15:17:21.724000,00:02:00.006000,False,0 days 00:02:00.006000,120.006,2.0001,0.033335000000000004,1
downtime_1079,2022-12-19,15:19:21.729000,15:45:36.820000,00:26:15.091000,False,0 days 00:26:15.091000,1575.091,26.251516666666664,0.4375252777777777,1
downtime_1080,2022-12-19,15:50:36.825000,15:54:36.834000,00:04:00.009000,False,0 days 00:04:00.009000,240.009,4.00015,0.06666916666666667,1
downtime_1081,2022-12-19,15:55:21.841000,16:34:21.952000,00:39:00.111000,False,0 days 00:39:00.111000,2340.111,39.00185,0.6500308333333333,1
downtime_1082,2022-12-19,16:35:36.953000,16:36:36.972000,00:01:00.019000,False,0 days 00:01:00.019000,60.019,1.0003166666666667,0.016671944444444444,1
downtime_1083,2022-12-19,16:37:21.980000,16:38:36.965000,00:01:14.985000,False,0 days 00:01:14.985000,74.985,1.24975,0.020829166666666666,1
downtime_1084,2022-12-19,16:39:21.980000,16:40:06.965000,00:00:44.985000,False,0 days 00:00:44.985000,44.985,0.74975,0.012495833333333333,1
downtime_1085,2022-12-19,16:40:52.002000,16:42:06.967000,00:01:14.965000,False,0 days 00:01:14.965000,74.965,1.2494166666666666,0.020823611111111112,1
downtime_1086,2022-12-19,16:43:36.973000,16:45:51.980000,00:02:15.007000,False,0 days 00:02:15.007000,135.007,2.2501166666666665,0.03750194444444445,1
downtime_1087,2022-12-20,11:40:31.933000,11:44:46.947000,00:04:15.014000,False,0 days 00:04:15.014000,255.014,4.250233333333333,0.07083722222222222,1
downtime_1088,2022-12-20,11:46:31.950000,11:48:16.955000,00:01:45.005000,False,0 days 00:01:45.005000,105.005,1.7500833333333332,0.029168055555555555,1
downtime_1089,2022-12-20,11:54:31.989000,11:56:46.985000,00:02:14.996000,False,0 days 00:02:14.996000,134.996,2.2499333333333333,0.037498888888888894,1
downtime_1090,2022-12-20,12:08:17.042000,12:13:56.390000,00:05:39.348000,False,0 days 00:05:39.348000,339.348,5.6558,0.09426333333333334,1
downtime_1091,2022-12-20,12:34:11.448000,14:20:56.755000,01:46:45.307000,False,0 days 01:46:45.307000,6405.307,106.75511666666667,1.7792519444444443,1
downtime_1092,2022-12-20,14:33:56.792000,14:35:41.799000,00:01:45.007000,False,0 days 00:01:45.007000,105.007,1.7501166666666668,0.029168611111111114,1
downtime_1093,2022-12-20,14:43:11.835000,14:46:56.828000,00:03:44.993000,False,0 days 00:03:44.993000,224.993,3.7498833333333335,0.06249805555555556,1
downtime_1094,2022-12-20,14:51:56.845000,14:54:11.849000,00:02:15.004000,False,0 days 00:02:15.004000,135.004,2.2500666666666667,0.03750111111111111,1
downtime_1095,2022-12-20,14:56:56.863000,14:57:56.862000,00:00:59.999000,False,0 days 00:00:59.999000,59.999,0.9999833333333333,0.01666638888888889,1
downtime_1096,2022-12-20,15:04:26.880000,15:05:56.883000,00:01:30.003000,False,0 days 00:01:30.003000,90.003,1.50005,0.025000833333333333,1
downtime_1097,2022-12-20,15:06:56.886000,15:07:56.900000,00:01:00.014000,False,0 days 00:01:00.014000,60.014,1.0002333333333333,0.016670555555555557,1
downtime_1098,2022-12-20,15:14:41.912000,15:18:11.923000,00:03:30.011000,False,0 days 00:03:30.011000,210.011,3.500183333333333,0.05833638888888889,1
downtime_1099,2022-12-20,15:28:11.946000,15:29:56.954000,00:01:45.008000,False,0 days 00:01:45.008000,105.008,1.7501333333333333,0.029168888888888887,1
downtime_1100,2022-12-20,15:39:41.987000,15:40:41.982000,00:00:59.995000,False,0 days 00:00:59.995000,59.995,0.9999166666666667,0.016665277777777775,1
downtime_1101,2022-12-20,15:46:57.031000,15:47:57.009000,00:00:59.978000,False,0 days 00:00:59.978000,59.978,0.9996333333333334,0.016660555555555557,1
downtime_1102,2022-12-20,15:50:57.021000,15:53:57.022000,00:03:00.001000,False,0 days 00:03:00.001000,180.001,3.0000166666666668,0.05000027777777778,1
downtime_1103,2022-12-20,15:57:12.047000,15:58:12.288000,00:01:00.241000,False,0 days 00:01:00.241000,60.241,1.0040166666666666,0.016733611111111112,1
downtime_1104,2022-12-20,16:04:42.071000,16:08:12.058000,00:03:29.987000,False,0 days 00:03:29.987000,209.987,3.4997833333333332,0.05832972222222222,1
downtime_1105,2022-12-20,16:23:57.098000,16:35:42.132000,00:11:45.034000,False,0 days 00:11:45.034000,705.034,11.750566666666666,0.19584277777777778,1
downtime_1106,2022-12-20,16:37:12.135000,16:39:27.147000,00:02:15.012000,False,0 days 00:02:15.012000,135.012,2.2502,0.03750333333333333,1
downtime_1107,2022-12-20,16:40:12.173000,16:41:42.174000,00:01:30.001000,False,0 days 00:01:30.001000,90.001,1.5000166666666668,0.025000277777777778,1
downtime_1108,2022-12-20,16:48:42.190000,16:49:42.353000,00:01:00.163000,False,0 days 00:01:00.163000,60.163,1.0027166666666667,0.016711944444444442,1
downtime_1109,2022-12-20,16:52:57.208000,16:54:42.187000,00:01:44.979000,False,0 days 00:01:44.979000,104.979,1.74965,0.029160833333333334,1
downtime_1110,2022-12-20,17:00:57.216000,17:02:42.210000,00:01:44.994000,False,0 days 00:01:44.994000,104.994,1.7499,0.029165,1
downtime_1111,2022-12-20,17:07:42.255000,17:13:27.244000,00:05:44.989000,False,0 days 00:05:44.989000,344.989,5.749816666666666,0.09583027777777776,1
downtime_1112,2022-12-20,17:28:57.318000,17:30:57.291000,00:01:59.973000,False,0 days 00:01:59.973000,119.973,1.99955,0.03332583333333333,1
downtime_1113,2022-12-21,10:04:12.006000,10:06:57.007000,00:02:45.001000,False,0 days 00:02:45.001000,165.001,2.7500166666666668,0.04583361111111111,1
downtime_1114,2022-12-21,10:12:42.073000,10:14:42.043000,00:01:59.970000,False,0 days 00:01:59.970000,119.97,1.9995,0.033325,1
downtime_1115,2022-12-21,10:18:12.035000,10:19:42.040000,00:01:30.005000,False,0 days 00:01:30.005000,90.005,1.5000833333333332,0.02500138888888889,1
downtime_1116,2022-12-21,10:23:57.066000,10:26:57.063000,00:02:59.997000,False,0 days 00:02:59.997000,179.997,2.99995,0.04999916666666667,1
downtime_1117,2022-12-21,10:31:27.069000,10:40:12.099000,00:08:45.030000,False,0 days 00:08:45.030000,525.03,8.750499999999999,0.14584166666666665,1
downtime_1118,2022-12-21,10:42:27.102000,10:43:57.108000,00:01:30.006000,False,0 days 00:01:30.006000,90.006,1.5001,0.025001666666666665,1
downtime_1119,2022-12-21,10:45:42.110000,10:47:12.117000,00:01:30.007000,False,0 days 00:01:30.007000,90.007,1.5001166666666668,0.025001944444444445,1
downtime_1120,2022-12-21,10:49:12.122000,10:51:12.125000,00:02:00.003000,False,0 days 00:02:00.003000,120.003,2.00005,0.033334166666666665,1
downtime_1121,2022-12-21,10:53:42.160000,10:54:57.149000,00:01:14.989000,False,0 days 00:01:14.989000,74.989,1.2498166666666668,0.020830277777777777,1
downtime_1122,2022-12-21,10:56:46.031000,11:00:01.039000,00:03:15.008000,False,0 days 00:03:15.008000,195.008,3.2501333333333333,0.05416888888888889,1
downtime_1123,2022-12-21,11:01:16.056000,11:02:16.045000,00:00:59.989000,False,0 days 00:00:59.989000,59.989,0.9998166666666666,0.01666361111111111,1
downtime_1124,2022-12-21,11:11:01.081000,11:13:16.136000,00:02:15.055000,False,0 days 00:02:15.055000,135.055,2.250916666666667,0.03751527777777778,1
downtime_1125,2022-12-21,11:15:01.084000,11:16:46.094000,00:01:45.010000,False,0 days 00:01:45.010000,105.01,1.7501666666666666,0.029169444444444446,1
downtime_1126,2022-12-21,11:18:16.093000,11:20:16.128000,00:02:00.035000,False,0 days 00:02:00.035000,120.035,2.000583333333333,0.033343055555555556,1
downtime_1127,2022-12-21,11:27:31.128000,11:29:16.141000,00:01:45.013000,False,0 days 00:01:45.013000,105.013,1.7502166666666668,0.029170277777777778,1
downtime_1128,2022-12-21,11:32:01.132000,11:37:16.149000,00:05:15.017000,False,0 days 00:05:15.017000,315.017,5.250283333333333,0.08750472222222222,1
downtime_1129,2022-12-21,11:38:01.177000,11:39:01.440000,00:01:00.263000,False,0 days 00:01:00.263000,60.263,1.0043833333333334,0.016739722222222222,1
downtime_1130,2022-12-21,11:40:01.181000,11:42:46.177000,00:02:44.996000,False,0 days 00:02:44.996000,164.996,2.7499333333333333,0.045832222222222226,1
downtime_1131,2022-12-21,11:48:31.181000,11:49:46.203000,00:01:15.022000,False,0 days 00:01:15.022000,75.022,1.2503666666666668,0.020839444444444445,1
downtime_1132,2022-12-21,11:53:31.195000,11:57:01.801000,00:03:30.606000,False,0 days 00:03:30.606000,210.606,3.5101,0.05850166666666667,1
downtime_1133,2022-12-21,12:03:31.846000,14:42:08.012000,02:38:36.166000,False,0 days 02:38:36.166000,9516.166,158.60276666666667,2.6433794444444443,1
downtime_1134,2022-12-21,14:42:52.991000,14:44:23.029000,00:01:30.038000,False,0 days 00:01:30.038000,90.038,1.5006333333333333,0.025010555555555553,1
downtime_1135,2022-12-21,14:45:23.001000,14:46:53.007000,00:01:30.006000,False,0 days 00:01:30.006000,90.006,1.5001,0.025001666666666665,1
downtime_1136,2022-12-21,14:55:53.033000,14:57:36.798000,00:01:43.765000,False,0 days 00:01:43.765000,103.765,1.7294166666666666,0.028823611111111112,1
downtime_1137,2022-12-21,14:59:53.069000,15:00:53.203000,00:01:00.134000,False,0 days 00:01:00.134000,60.134,1.0022333333333333,0.01670388888888889,1
downtime_1138,2022-12-21,15:02:23.062000,15:06:08.063000,00:03:45.001000,False,0 days 00:03:45.001000,225.001,3.7500166666666668,0.06250027777777778,1
downtime_1139,2022-12-21,15:07:08.071000,15:12:08.084000,00:05:00.013000,False,0 days 00:05:00.013000,300.013,5.000216666666666,0.08333694444444444,1
downtime_1140,2022-12-21,15:13:38.085000,15:14:38.090000,00:01:00.005000,False,0 days 00:01:00.005000,60.005,1.0000833333333334,0.016668055555555557,1
downtime_1141,2022-12-21,15:28:23.131000,15:29:53.145000,00:01:30.014000,False,0 days 00:01:30.014000,90.014,1.5002333333333333,0.025003888888888888,1
downtime_1142,2022-12-21,16:40:23.342000,16:51:53.386000,00:11:30.044000,False,0 days 00:11:30.044000,690.044,11.500733333333333,0.19167888888888887,1
downtime_1143,2022-12-21,16:59:23.564000,17:01:23.397000,00:01:59.833000,False,0 days 00:01:59.833000,119.833,1.9972166666666666,0.033286944444444445,1
downtime_1144,2022-12-21,17:14:08.433000,17:29:53.477000,00:15:45.044000,False,0 days 00:15:45.044000,945.044,15.750733333333333,0.2625122222222222,1
downtime_1145,2022-12-21,17:37:08.497000,17:38:38.515000,00:01:30.018000,False,0 days 00:01:30.018000,90.018,1.5003,0.025005,1
downtime_1146,2022-12-21,17:45:08.527000,17:46:38.525000,00:01:29.998000,False,0 days 00:01:29.998000,89.998,1.4999666666666667,0.024999444444444446,1
downtime_1147,2022-12-21,17:49:08.550000,17:52:23.543000,00:03:14.993000,False,0 days 00:03:14.993000,194.993,3.2498833333333335,0.05416472222222222,1
downtime_1148,2022-12-22,10:58:30.288000,11:00:45.291000,00:02:15.003000,False,0 days 00:02:15.003000,135.003,2.25005,0.03750083333333333,1
downtime_1149,2022-12-22,11:13:45.328000,11:15:00.330000,00:01:15.002000,False,0 days 00:01:15.002000,75.002,1.2500333333333333,0.020833888888888888,1
downtime_1150,2022-12-22,11:31:00.413000,11:32:30.397000,00:01:29.984000,False,0 days 00:01:29.984000,89.984,1.4997333333333331,0.024995555555555556,1
downtime_1151,2022-12-22,11:40:00.421000,11:41:00.411000,00:00:59.990000,False,0 days 00:00:59.990000,59.99,0.9998333333333334,0.016663888888888888,1
downtime_1152,2022-12-22,11:47:30.429000,11:53:30,00:05:59.571000,False,0 days 00:05:59.571000,359.571,5.992850000000001,0.09988083333333334,1
downtime_1153,2022-12-22,11:55:15.446000,11:56:15.454000,00:01:00.008000,False,0 days 00:01:00.008000,60.008,1.0001333333333333,0.01666888888888889,1
downtime_1154,2022-12-22,12:00:00.744000,12:10:30.713000,00:10:29.969000,False,0 days 00:10:29.969000,629.969,10.499483333333334,0.1749913888888889,1
downtime_1155,2022-12-22,12:12:15.528000,15:02:45.987000,02:50:30.459000,False,0 days 02:50:30.459000,10230.459,170.50765,2.841794166666667,1
downtime_1156,2022-12-22,16:19:46.210000,16:26:46.326000,00:07:00.116000,False,0 days 00:07:00.116000,420.116,7.001933333333333,0.11669888888888888,1
downtime_1157,2022-12-22,16:36:16.251000,16:37:46.257000,00:01:30.006000,False,0 days 00:01:30.006000,90.006,1.5001,0.025001666666666665,1
downtime_1158,2022-12-22,16:51:16.495000,16:55:16.373000,00:03:59.878000,False,0 days 00:03:59.878000,239.878,3.9979666666666662,0.06663277777777778,1
downtime_1159,2022-12-23,09:46:49.885000,09:56:19.911000,00:09:30.026000,False,0 days 00:09:30.026000,570.026,9.500433333333332,0.15834055555555554,1
downtime_1160,2022-12-23,09:57:19.957000,10:00:49.951000,00:03:29.994000,False,0 days 00:03:29.994000,209.994,3.4999,0.058331666666666664,1
downtime_1161,2022-12-23,10:21:34.985000,10:23:49.997000,00:02:15.012000,False,0 days 00:02:15.012000,135.012,2.2502,0.03750333333333333,1
downtime_1162,2022-12-23,10:24:50.002000,10:28:05.021000,00:03:15.019000,False,0 days 00:03:15.019000,195.019,3.250316666666667,0.054171944444444446,1
downtime_1163,2022-12-23,10:35:50.043000,10:39:35.042000,00:03:44.999000,False,0 days 00:03:44.999000,224.999,3.7499833333333332,0.06249972222222222,1
downtime_1164,2022-12-23,10:43:20.061000,10:52:05.074000,00:08:45.013000,False,0 days 00:08:45.013000,525.013,8.750216666666667,0.14583694444444445,1
downtime_1165,2022-12-23,11:01:50.124000,11:06:20.110000,00:04:29.986000,False,0 days 00:04:29.986000,269.986,4.499766666666667,0.07499611111111111,1
downtime_1166,2022-12-23,11:11:50.126000,11:21:05.157000,00:09:15.031000,False,0 days 00:09:15.031000,555.031,9.250516666666666,0.15417527777777776,1
downtime_1167,2022-12-23,11:30:35.182000,11:32:20.185000,00:01:45.003000,False,0 days 00:01:45.003000,105.003,1.75005,0.0291675,1
downtime_1168,2022-12-23,11:35:05.194000,11:36:05.207000,00:01:00.013000,False,0 days 00:01:00.013000,60.013,1.0002166666666665,0.016670277777777777,1
downtime_1169,2022-12-23,11:39:35.232000,11:43:50.218000,00:04:14.986000,False,0 days 00:04:14.986000,254.986,4.249766666666667,0.07082944444444444,1
downtime_1170,2022-12-23,11:48:50.233000,11:55:05.252000,00:06:15.019000,False,0 days 00:06:15.019000,375.019,6.2503166666666665,0.10417194444444444,1
downtime_1171,2022-12-23,12:03:35.277000,12:09:05.295000,00:05:30.018000,False,0 days 00:05:30.018000,330.018,5.500299999999999,0.09167166666666667,1
downtime_1172,2022-12-23,12:18:35.319000,12:19:35.321000,00:01:00.002000,False,0 days 00:01:00.002000,60.002,1.0000333333333333,0.016667222222222222,1
downtime_1173,2022-12-23,12:26:35.343000,12:27:35.344000,00:01:00.001000,False,0 days 00:01:00.001000,60.001,1.0000166666666666,0.016666944444444443,1
downtime_1174,2022-12-23,12:29:20.352000,12:30:50.362000,00:01:30.010000,False,0 days 00:01:30.010000,90.01,1.5001666666666666,0.02500277777777778,1
downtime_1175,2022-12-23,12:32:05.377000,12:33:50.363000,00:01:44.986000,False,0 days 00:01:44.986000,104.986,1.7497666666666667,0.02916277777777778,1
downtime_1176,2022-12-23,12:37:50.412000,12:39:50.382000,00:01:59.970000,False,0 days 00:01:59.970000,119.97,1.9995,0.033325,1
downtime_1177,2022-12-23,12:42:50.389000,12:44:20.401000,00:01:30.012000,False,0 days 00:01:30.012000,90.012,1.5002,0.025003333333333332,1
downtime_1178,2022-12-26,15:52:22.119000,16:04:37.155000,00:12:15.036000,False,0 days 00:12:15.036000,735.036,12.250599999999999,0.20417666666666665,1
downtime_1179,2022-12-26,16:21:52.255000,16:26:37.219000,00:04:44.964000,False,0 days 00:04:44.964000,284.964,4.7494,0.07915666666666667,1
downtime_1180,2022-12-26,16:32:52.233000,16:39:22.259000,00:06:30.026000,False,0 days 00:06:30.026000,390.026,6.5004333333333335,0.10834055555555556,1
downtime_1181,2022-12-27,10:50:21.234000,10:51:51.241000,00:01:30.007000,False,0 days 00:01:30.007000,90.007,1.5001166666666668,0.025001944444444445,1
downtime_1182,2022-12-27,11:19:06.320000,11:58:06.431000,00:39:00.111000,False,0 days 00:39:00.111000,2340.111,39.00185,0.6500308333333333,1
downtime_1183,2022-12-27,12:17:51.483000,12:19:51.504000,00:02:00.021000,False,0 days 00:02:00.021000,120.021,2.00035,0.03333916666666667,1
downtime_1184,2022-12-27,12:29:06.522000,15:11:52.001000,02:42:45.479000,False,0 days 02:42:45.479000,9765.479,162.75798333333333,2.7126330555555556,1
downtime_1185,2022-12-27,15:18:22.005000,15:20:52.015000,00:02:30.010000,False,0 days 00:02:30.010000,150.01,2.5001666666666664,0.04166944444444444,1
downtime_1186,2022-12-27,15:23:52.022000,15:26:22.034000,00:02:30.012000,False,0 days 00:02:30.012000,150.012,2.5002,0.04167,1
downtime_1187,2022-12-27,15:28:37.047000,15:33:07.050000,00:04:30.003000,False,0 days 00:04:30.003000,270.003,4.50005,0.07500083333333334,1
downtime_1188,2022-12-27,15:36:22.110000,15:45:37.287000,00:09:15.177000,False,0 days 00:09:15.177000,555.177,9.25295,0.15421583333333333,1
downtime_1189,2022-12-27,15:53:37.108000,16:00:52.145000,00:07:15.037000,False,0 days 00:07:15.037000,435.037,7.250616666666667,0.12084361111111111,1
downtime_1190,2022-12-27,16:05:37.139000,16:51:04.815000,00:45:27.676000,False,0 days 00:45:27.676000,2727.676,45.46126666666667,0.7576877777777777,1
downtime_1191,2022-12-27,16:55:49.780000,16:57:04.785000,00:01:15.005000,False,0 days 00:01:15.005000,75.005,1.2500833333333332,0.02083472222222222,1
downtime_1192,2022-12-27,16:59:19.802000,17:04:15.005000,00:04:55.203000,False,0 days 00:04:55.203000,295.203,4.92005,0.08200083333333333,1
downtime_1193,2022-12-28,11:17:49.068000,11:22:34.047000,00:04:44.979000,False,0 days 00:04:44.979000,284.979,4.74965,0.07916083333333333,1
downtime_1194,2022-12-28,11:25:34.060000,11:28:34.065000,00:03:00.005000,False,0 days 00:03:00.005000,180.005,3.0000833333333334,0.05000138888888889,1
downtime_1195,2022-12-28,11:31:34.091000,11:34:19.081000,00:02:44.990000,False,0 days 00:02:44.990000,164.99,2.7498333333333336,0.045830555555555555,1
downtime_1196,2022-12-28,11:38:34.097000,11:39:34.099000,00:01:00.002000,False,0 days 00:01:00.002000,60.002,1.0000333333333333,0.016667222222222222,1
downtime_1197,2022-12-28,11:41:34.107000,11:46:04.151000,00:04:30.044000,False,0 days 00:04:30.044000,270.044,4.500733333333333,0.07501222222222222,1
downtime_1198,2022-12-28,11:49:34.130000,12:01:34.164000,00:12:00.034000,False,0 days 00:12:00.034000,720.034,12.000566666666666,0.20000944444444443,1
downtime_1199,2022-12-28,12:12:34.190000,12:15:04.234000,00:02:30.044000,False,0 days 00:02:30.044000,150.044,2.5007333333333337,0.04167888888888889,1
downtime_1200,2022-12-28,12:20:34.252000,12:22:19.226000,00:01:44.974000,False,0 days 00:01:44.974000,104.974,1.7495666666666667,0.029159444444444446,1
downtime_1201,2022-12-28,12:25:04.241000,12:29:34.400000,00:04:30.159000,False,0 days 00:04:30.159000,270.159,4.50265,0.07504416666666666,1
downtime_1202,2022-12-28,12:33:49.252000,12:35:34.263000,00:01:45.011000,False,0 days 00:01:45.011000,105.011,1.7501833333333332,0.029169722222222222,1
downtime_1203,2022-12-28,12:37:04.275000,12:43:04.397000,00:06:00.122000,False,0 days 00:06:00.122000,360.122,6.002033333333333,0.1000338888888889,1
downtime_1204,2022-12-28,12:45:34.292000,12:46:34.291000,00:00:59.999000,False,0 days 00:00:59.999000,59.999,0.9999833333333333,0.01666638888888889,1
downtime_1205,2022-12-28,12:50:19.300000,14:34:04.609000,01:43:45.309000,False,0 days 01:43:45.309000,6225.309,103.75515,1.7292525,1
downtime_1206,2022-12-28,14:38:34.638000,14:39:34.749000,00:01:00.111000,False,0 days 00:01:00.111000,60.111,1.00185,0.0166975,1
downtime_1207,2022-12-28,14:42:19.623000,14:45:19.633000,00:03:00.010000,False,0 days 00:03:00.010000,180.01,3.0001666666666664,0.05000277777777778,1
downtime_1208,2022-12-28,14:49:19.641000,14:51:34.644000,00:02:15.003000,False,0 days 00:02:15.003000,135.003,2.25005,0.03750083333333333,1
downtime_1209,2022-12-28,14:54:49.656000,15:05:19.701000,00:10:30.045000,False,0 days 00:10:30.045000,630.045,10.50075,0.1750125,1
downtime_1210,2022-12-28,15:13:49.716000,15:22:19.734000,00:08:30.018000,False,0 days 00:08:30.018000,510.018,8.5003,0.14167166666666667,1
downtime_1211,2022-12-30,11:00:43.695000,11:05:13.707000,00:04:30.012000,False,0 days 00:04:30.012000,270.012,4.5002,0.07500333333333334,1
downtime_1212,2022-12-30,11:05:58.712000,11:07:28.713000,00:01:30.001000,False,0 days 00:01:30.001000,90.001,1.5000166666666668,0.025000277777777778,1
downtime_1213,2022-12-30,11:10:13.718000,11:11:13.721000,00:01:00.003000,False,0 days 00:01:00.003000,60.003,1.00005,0.016667500000000002,1
downtime_1214,2022-12-30,11:31:58.819000,11:34:43.792000,00:02:44.973000,False,0 days 00:02:44.973000,164.973,2.74955,0.045825833333333336,1
downtime_1215,2022-12-30,11:53:58.844000,11:57:58.852000,00:04:00.008000,False,0 days 00:04:00.008000,240.008,4.000133333333333,0.06666888888888889,1
downtime_1216,2022-12-30,12:00:58.863000,13:59:11.913000,01:58:13.050000,False,0 days 01:58:13.050000,7093.05,118.2175,1.9702916666666668,1
downtime_1217,2022-12-30,14:02:41.923000,14:04:56.959000,00:02:15.036000,False,0 days 00:02:15.036000,135.036,2.2506,0.03751,1
downtime_1218,2022-12-30,14:05:56.937000,14:22:41.987000,00:16:45.050000,False,0 days 00:16:45.050000,1005.05,16.750833333333333,0.27918055555555554,1
downtime_1219,2022-12-30,14:33:27.011000,14:37:27.077000,00:04:00.066000,False,0 days 00:04:00.066000,240.066,4.0011,0.066685,1
downtime_1220,2022-12-30,14:42:42.043000,14:43:57.052000,00:01:15.009000,False,0 days 00:01:15.009000,75.009,1.25015,0.020835833333333335,1
downtime_1221,2022-12-30,15:12:12.128000,15:13:12.127000,00:00:59.999000,False,0 days 00:00:59.999000,59.999,0.9999833333333333,0.01666638888888889,1
downtime_1222,2022-12-30,15:30:57.191000,15:39:57.202000,00:09:00.011000,False,0 days 00:09:00.011000,540.011,9.000183333333332,0.15000305555555554,1
downtime_1223,2022-12-30,15:44:12.212000,15:45:42.244000,00:01:30.032000,False,0 days 00:01:30.032000,90.032,1.5005333333333333,0.02500888888888889,1
downtime_1224,2022-12-30,15:53:12.241000,15:57:42.249000,00:04:30.008000,False,0 days 00:04:30.008000,270.008,4.500133333333333,0.07500222222222222,1
downtime_1225,2022-12-30,16:05:42.273000,16:13:27.318000,00:07:45.045000,False,0 days 00:07:45.045000,465.045,7.75075,0.12917916666666668,1
downtime_1226,2022-12-30,16:20:12.319000,16:28:42.343000,00:08:30.024000,False,0 days 00:08:30.024000,510.024,8.5004,0.14167333333333335,1
downtime_1227,2023-01-02,17:15:26.681000,17:16:26.674000,00:00:59.993000,False,0 days 00:00:59.993000,59.993,0.9998833333333333,0.016664722222222223,1
downtime_1228,2023-01-02,17:19:41.682000,17:21:26.684000,00:01:45.002000,False,0 days 00:01:45.002000,105.002,1.7500333333333333,0.02916722222222222,1
downtime_1229,2023-01-02,17:22:41.701000,17:25:56.761000,00:03:15.060000,False,0 days 00:03:15.060000,195.06,3.251,0.05418333333333333,1
downtime_1230,2023-01-02,17:30:11.745000,17:32:11.716000,00:01:59.971000,False,0 days 00:01:59.971000,119.971,1.9995166666666668,0.03332527777777778,1
downtime_1231,2023-01-02,17:33:26.721000,17:36:41.736000,00:03:15.015000,False,0 days 00:03:15.015000,195.015,3.25025,0.05417083333333333,1
downtime_1232,2023-01-02,17:39:11.735000,17:44:11.753000,00:05:00.018000,False,0 days 00:05:00.018000,300.018,5.000299999999999,0.08333833333333332,1
downtime_1233,2023-01-02,17:50:11.771000,17:52:26.780000,00:02:15.009000,False,0 days 00:02:15.009000,135.009,2.2501499999999997,0.037502499999999994,1
downtime_1234,2023-01-02,17:53:56.809000,17:57:56.794000,00:03:59.985000,False,0 days 00:03:59.985000,239.985,3.99975,0.0666625,1
downtime_1235,2023-01-02,17:59:11.794000,18:02:11.808000,00:03:00.014000,False,0 days 00:03:00.014000,180.014,3.0002333333333335,0.05000388888888889,1
downtime_1236,2023-01-11,15:27:04.804000,15:28:19.808000,00:01:15.004000,False,0 days 00:01:15.004000,75.004,1.2500666666666667,0.020834444444444447,1
downtime_1237,2023-01-11,15:35:49.831000,15:37:04.835000,00:01:15.004000,False,0 days 00:01:15.004000,75.004,1.2500666666666667,0.020834444444444447,1
downtime_1238,2023-01-11,15:39:49.839000,15:42:04.849000,00:02:15.010000,False,0 days 00:02:15.010000,135.01,2.2501666666666664,0.037502777777777774,1
downtime_1239,2023-01-11,15:45:49.859000,15:47:34.867000,00:01:45.008000,False,0 days 00:01:45.008000,105.008,1.7501333333333333,0.029168888888888887,1
downtime_1240,2023-01-11,15:51:05.091000,15:53:34.881000,00:02:29.790000,False,0 days 00:02:29.790000,149.79,2.4964999999999997,0.04160833333333333,1
downtime_1241,2023-01-11,15:56:04.897000,16:02:19.911000,00:06:15.014000,False,0 days 00:06:15.014000,375.014,6.250233333333333,0.10417055555555556,1
downtime_1242,2023-01-11,16:04:19.913000,16:08:04.924000,00:03:45.011000,False,0 days 00:03:45.011000,225.011,3.750183333333333,0.06250305555555555,1
downtime_1243,2023-01-11,16:19:19.976000,16:20:34.973000,00:01:14.997000,False,0 days 00:01:14.997000,74.997,1.24995,0.0208325,1
downtime_1244,2023-01-11,16:30:34.985000,16:32:05.020000,00:01:30.035000,False,0 days 00:01:30.035000,90.035,1.5005833333333334,0.02500972222222222,1
downtime_1245,2023-01-11,16:32:49.998000,16:33:49.996000,00:00:59.998000,False,0 days 00:00:59.998000,59.998,0.9999666666666667,0.01666611111111111,1
downtime_1246,2023-01-11,17:10:50.120000,17:15:20.115000,00:04:29.995000,False,0 days 00:04:29.995000,269.995,4.499916666666667,0.07499861111111111,1
downtime_1247,2023-01-11,17:25:50.175000,17:26:50.148000,00:00:59.973000,False,0 days 00:00:59.973000,59.973,0.9995499999999999,0.016659166666666666,1
downtime_1248,2023-01-13,14:32:39.551000,14:37:54.590000,00:05:15.039000,True,0 days 00:05:15.039000,315.039,5.250649999999999,0.08751083333333333,1
downtime_1249,2023-01-13,14:49:54.630000,14:51:54.603000,00:01:59.973000,True,0 days 00:01:59.973000,119.973,1.99955,0.03332583333333333,1
downtime_1250,2023-01-13,15:02:39.678000,15:04:09.636000,00:01:29.958000,True,0 days 00:01:29.958000,89.958,1.4993,0.024988333333333335,1
downtime_1251,2023-01-13,15:10:39.682000,15:13:09.667000,00:02:29.985000,True,0 days 00:02:29.985000,149.985,2.49975,0.041662500000000005,1
downtime_1252,2023-01-13,15:15:24.671000,15:16:39.677000,00:01:15.006000,True,0 days 00:01:15.006000,75.006,1.2501,0.020835,1
downtime_1253,2023-01-13,15:18:39.698000,15:22:09.687000,00:03:29.989000,True,0 days 00:03:29.989000,209.989,3.499816666666667,0.05833027777777778,1
downtime_1254,2023-01-13,15:38:39.765000,15:46:09.760000,00:07:29.995000,True,0 days 00:07:29.995000,449.995,7.499916666666667,0.12499861111111112,1
downtime_1255,2023-01-13,15:49:09.768000,15:52:09.775000,00:03:00.007000,True,0 days 00:03:00.007000,180.007,3.0001166666666665,0.050001944444444446,1
downtime_1256,2023-01-13,15:53:09.778000,15:54:24.781000,00:01:15.003000,True,0 days 00:01:15.003000,75.003,1.25005,0.020834166666666668,1
downtime_1257,2023-01-13,16:01:54.805000,16:05:39.823000,00:03:45.018000,True,0 days 00:03:45.018000,225.018,3.7503,0.062505,1
downtime_1258,2023-01-13,16:06:39.823000,16:09:12.262000,00:02:32.439000,True,0 days 00:02:32.439000,152.439,2.54065,0.04234416666666666,1
downtime_1259,2023-01-13,16:10:09.827000,16:12:09.837000,00:02:00.010000,True,0 days 00:02:00.010000,120.01,2.000166666666667,0.033336111111111115,1
downtime_1260,2023-01-13,16:13:09.835000,16:14:39.837000,00:01:30.002000,True,0 days 00:01:30.002000,90.002,1.5000333333333333,0.025000555555555554,1
downtime_1261,2023-01-13,16:16:09.844000,16:18:39.855000,00:02:30.011000,True,0 days 00:02:30.011000,150.011,2.500183333333333,0.04166972222222222,1
downtime_1262,2023-01-13,16:21:24.962000,16:23:24.862000,00:01:59.900000,True,0 days 00:01:59.900000,119.9,1.9983333333333335,0.03330555555555556,1
downtime_1263,2023-01-13,16:26:39.870000,16:27:39.881000,00:01:00.011000,True,0 days 00:01:00.011000,60.011,1.0001833333333334,0.016669722222222225,1
downtime_1264,2023-01-13,16:29:09.878000,16:30:39.881000,00:01:30.003000,True,0 days 00:01:30.003000,90.003,1.50005,0.025000833333333333,1
downtime_1265,2023-01-13,16:32:09.890000,16:42:54.964000,00:10:45.074000,True,0 days 00:10:45.074000,645.074,10.751233333333333,0.17918722222222222,1
downtime_1266,2023-01-16,12:03:05.613000,12:04:05.635000,00:01:00.022000,False,0 days 00:01:00.022000,60.022,1.0003666666666666,0.016672777777777776,1
downtime_1267,2023-01-16,12:04:50.621000,12:08:20.624000,00:03:30.003000,False,0 days 00:03:30.003000,210.003,3.50005,0.058334166666666666,1
downtime_1268,2023-01-16,12:09:35.630000,12:11:20.633000,00:01:45.003000,False,0 days 00:01:45.003000,105.003,1.75005,0.0291675,1
downtime_1269,2023-01-16,12:15:35.645000,12:17:50.663000,00:02:15.018000,False,0 days 00:02:15.018000,135.018,2.2503,0.037505000000000004,1
downtime_1270,2023-01-16,12:25:50.694000,12:27:35.686000,00:01:44.992000,False,0 days 00:01:44.992000,104.992,1.7498666666666667,0.029164444444444444,1
downtime_1271,2023-01-16,12:45:05.732000,14:47:36.083000,02:02:30.351000,False,0 days 02:02:30.351000,7350.351,122.50585,2.0417641666666664,1
downtime_1272,2023-01-16,14:52:51.093000,14:53:51.102000,00:01:00.009000,False,0 days 00:01:00.009000,60.009,1.00015,0.016669166666666665,1
downtime_1273,2023-01-16,14:58:51.108000,15:00:21.114000,00:01:30.006000,False,0 days 00:01:30.006000,90.006,1.5001,0.025001666666666665,1
downtime_1274,2023-01-16,15:03:36.122000,15:05:51.131000,00:02:15.009000,False,0 days 00:02:15.009000,135.009,2.2501499999999997,0.037502499999999994,1
downtime_1275,2023-01-16,15:09:51.141000,15:13:51.151000,00:04:00.010000,False,0 days 00:04:00.010000,240.01,4.000166666666667,0.06666944444444445,1
downtime_1276,2023-01-16,15:19:06.170000,15:27:06.189000,00:08:00.019000,False,0 days 00:08:00.019000,480.019,8.000316666666667,0.13333861111111112,1
downtime_1277,2023-01-16,15:38:06.258000,15:39:36.244000,00:01:29.986000,False,0 days 00:01:29.986000,89.986,1.4997666666666667,0.02499611111111111,1
downtime_1278,2023-01-16,15:47:21.245000,15:49:21.249000,00:02:00.004000,False,0 days 00:02:00.004000,120.004,2.0000666666666667,0.033334444444444444,1
downtime_1279,2023-01-16,15:59:06.280000,16:02:06.289000,00:03:00.009000,False,0 days 00:03:00.009000,180.009,3.0001499999999997,0.0500025,1
downtime_1280,2023-01-16,16:13:36.320000,16:17:06.327000,00:03:30.007000,False,0 days 00:03:30.007000,210.007,3.5001166666666665,0.05833527777777778,1
downtime_1281,2023-01-16,16:30:51.378000,16:40:06.439000,00:09:15.061000,False,0 days 00:09:15.061000,555.061,9.251016666666667,0.15418361111111112,1
downtime_1282,2023-01-16,16:46:36.427000,16:51:36.429000,00:05:00.002000,False,0 days 00:05:00.002000,300.002,5.0000333333333336,0.08333388888888889,1
downtime_1283,2023-01-16,17:01:36.456000,17:40:21.568000,00:38:45.112000,False,0 days 00:38:45.112000,2325.112,38.751866666666665,0.6458644444444445,1
downtime_1284,2023-01-16,17:47:06.587000,17:48:51.589000,00:01:45.002000,False,0 days 00:01:45.002000,105.002,1.7500333333333333,0.02916722222222222,1
downtime_1285,2023-01-16,17:53:06.614000,17:56:06.614000,00:03:00,False,0 days 00:03:00,180.0,3.0,0.05,1
downtime_1286,2023-01-16,18:00:51.624000,18:02:51.629000,00:02:00.005000,False,0 days 00:02:00.005000,120.005,2.0000833333333334,0.033334722222222224,1
downtime_1287,2023-01-19,15:23:13.383000,15:25:13.353000,00:01:59.970000,False,0 days 00:01:59.970000,119.97,1.9995,0.033325,1
downtime_1288,2023-01-19,16:10:58.494000,16:21:43.525000,00:10:45.031000,False,0 days 00:10:45.031000,645.031,10.750516666666666,0.17917527777777775,1
downtime_1289,2023-01-19,16:26:43.621000,16:28:13.765000,00:01:30.144000,False,0 days 00:01:30.144000,90.144,1.5024000000000002,0.025040000000000003,1
downtime_1290,2023-01-19,16:33:28.557000,16:40:13.570000,00:06:45.013000,False,0 days 00:06:45.013000,405.013,6.750216666666666,0.11250361111111111,1
downtime_1291,2023-01-19,16:51:43.644000,17:01:28.634000,00:09:44.990000,False,0 days 00:09:44.990000,584.99,9.749833333333333,0.16249722222222224,1
downtime_1292,2023-01-19,17:09:43.655000,17:10:58.690000,00:01:15.035000,False,0 days 00:01:15.035000,75.035,1.2505833333333334,0.020843055555555556,1
downtime_1293,2023-01-19,17:11:43.656000,17:13:13.662000,00:01:30.006000,False,0 days 00:01:30.006000,90.006,1.5001,0.025001666666666665,1
downtime_1294,2023-01-19,17:14:13.691000,17:17:43.686000,00:03:29.995000,False,0 days 00:03:29.995000,209.995,3.4999166666666666,0.05833194444444444,1
downtime_1295,2023-01-20,15:56:39.038000,15:59:54.052000,00:03:15.014000,False,0 days 00:03:15.014000,195.014,3.2502333333333335,0.054170555555555555,1
downtime_1296,2023-01-20,16:01:24.047000,16:03:09.055000,00:01:45.008000,False,0 days 00:01:45.008000,105.008,1.7501333333333333,0.029168888888888887,1
downtime_1297,2023-01-20,16:04:24.052000,16:08:09.062000,00:03:45.010000,False,0 days 00:03:45.010000,225.01,3.7501666666666664,0.06250277777777778,1
downtime_1298,2023-01-20,16:10:54.066000,16:14:24.080000,00:03:30.014000,False,0 days 00:03:30.014000,210.014,3.5002333333333335,0.05833722222222223,1
downtime_1299,2023-01-20,16:17:54.086000,16:19:09.124000,00:01:15.038000,False,0 days 00:01:15.038000,75.038,1.2506333333333333,0.020843888888888887,1
downtime_1300,2023-01-20,16:20:24.097000,16:24:09.105000,00:03:45.008000,False,0 days 00:03:45.008000,225.008,3.7501333333333333,0.06250222222222222,1
downtime_1301,2023-01-20,16:28:09.114000,16:32:09.127000,00:04:00.013000,False,0 days 00:04:00.013000,240.013,4.000216666666667,0.06667027777777777,1
downtime_1302,2023-01-20,16:37:09.208000,16:38:09.163000,00:00:59.955000,False,0 days 00:00:59.955000,59.955,0.99925,0.016654166666666668,1
downtime_1303,2023-01-20,16:39:39.156000,16:40:54.154000,00:01:14.998000,False,0 days 00:01:14.998000,74.998,1.2499666666666667,0.02083277777777778,1
downtime_1304,2023-01-20,16:49:54.179000,17:29:39.509000,00:39:45.330000,False,0 days 00:39:45.330000,2385.33,39.7555,0.6625916666666667,1
downtime_1305,2023-01-20,17:41:24.332000,17:42:39.323000,00:01:14.991000,False,0 days 00:01:14.991000,74.991,1.24985,0.020830833333333333,1
downtime_1306,2023-01-20,17:44:54.327000,17:46:54.332000,00:02:00.005000,False,0 days 00:02:00.005000,120.005,2.0000833333333334,0.033334722222222224,1
downtime_1307,2023-01-20,17:48:54.339000,17:53:39.352000,00:04:45.013000,False,0 days 00:04:45.013000,285.013,4.750216666666666,0.07917027777777777,1
downtime_1308,2023-01-20,18:01:39.375000,18:04:54.382000,00:03:15.007000,False,0 days 00:03:15.007000,195.007,3.2501166666666665,0.05416861111111111,1
downtime_1309,2023-01-20,18:47:24.524000,18:48:39.505000,00:01:14.981000,False,0 days 00:01:14.981000,74.981,1.2496833333333333,0.020828055555555555,1
downtime_1310,2023-01-24,15:26:13.249000,15:27:58.241000,00:01:44.992000,False,0 days 00:01:44.992000,104.992,1.7498666666666667,0.029164444444444444,1
downtime_1311,2023-01-24,15:34:28.256000,15:38:28.267000,00:04:00.011000,False,0 days 00:04:00.011000,240.011,4.000183333333333,0.06666972222222223,1
downtime_1312,2023-01-24,15:40:13.279000,15:41:43.289000,00:01:30.010000,False,0 days 00:01:30.010000,90.01,1.5001666666666666,0.02500277777777778,1
downtime_1313,2023-01-24,15:48:13.296000,15:51:13.306000,00:03:00.010000,False,0 days 00:03:00.010000,180.01,3.0001666666666664,0.05000277777777778,1
downtime_1314,2023-01-24,15:52:13.307000,15:57:13.320000,00:05:00.013000,False,0 days 00:05:00.013000,300.013,5.000216666666666,0.08333694444444444,1
downtime_1315,2023-01-24,16:02:13.332000,16:03:43.337000,00:01:30.005000,False,0 days 00:01:30.005000,90.005,1.5000833333333332,0.02500138888888889,1
downtime_1316,2023-01-24,16:16:28.400000,16:17:28.377000,00:00:59.977000,False,0 days 00:00:59.977000,59.977,0.9996166666666666,0.016660277777777777,1
downtime_1317,2023-01-24,16:21:13.594000,16:22:13.393000,00:00:59.799000,False,0 days 00:00:59.799000,59.799,0.99665,0.01661083333333333,1
downtime_1318,2023-01-24,16:22:58.395000,16:24:58.401000,00:02:00.006000,False,0 days 00:02:00.006000,120.006,2.0001,0.033335000000000004,1
downtime_1319,2023-01-27,11:08:02.447000,11:11:47.438000,00:03:44.991000,False,0 days 00:03:44.991000,224.991,3.7498500000000003,0.062497500000000004,1
downtime_1320,2023-01-27,11:26:17.462000,11:27:47.484000,00:01:30.022000,False,0 days 00:01:30.022000,90.022,1.5003666666666668,0.025006111111111114,1
downtime_1321,2023-01-27,11:33:32.483000,11:34:32.480000,00:00:59.997000,False,0 days 00:00:59.997000,59.997,0.99995,0.016665833333333335,1
downtime_1322,2023-01-27,11:45:17.511000,11:46:32.516000,00:01:15.005000,False,0 days 00:01:15.005000,75.005,1.2500833333333332,0.02083472222222222,1
downtime_1323,2023-01-27,11:47:47.532000,11:48:47.521000,00:00:59.989000,False,0 days 00:00:59.989000,59.989,0.9998166666666666,0.01666361111111111,1
downtime_1324,2023-01-27,11:50:02.536000,11:51:47.550000,00:01:45.014000,False,0 days 00:01:45.014000,105.014,1.7502333333333333,0.029170555555555554,1
downtime_1325,2023-01-27,11:56:47.545000,12:00:02.556000,00:03:15.011000,False,0 days 00:03:15.011000,195.011,3.250183333333333,0.05416972222222222,1
downtime_1326,2023-01-27,12:03:32.577000,12:22:59.049000,00:19:26.472000,False,0 days 00:19:26.472000,1166.472,19.4412,0.32402,1
downtime_1327,2023-01-27,12:32:29.089000,14:08:22.216000,01:35:53.127000,False,0 days 01:35:53.127000,5753.127,95.88545,1.5980908333333335,1
downtime_1328,2023-01-27,14:10:22.224000,14:12:07.225000,00:01:45.001000,False,0 days 00:01:45.001000,105.001,1.7500166666666668,0.029166944444444447,1
downtime_1329,2023-01-27,14:13:22.513000,14:20:37.251000,00:07:14.738000,False,0 days 00:07:14.738000,434.738,7.245633333333333,0.12076055555555555,1
downtime_1330,2023-01-27,14:28:52.280000,14:31:22.282000,00:02:30.002000,False,0 days 00:02:30.002000,150.002,2.5000333333333336,0.041667222222222224,1
downtime_1331,2023-01-27,14:51:07.346000,14:57:52.353000,00:06:45.007000,False,0 days 00:06:45.007000,405.007,6.750116666666667,0.11250194444444445,1
downtime_1332,2023-01-27,15:10:52.417000,15:13:37.399000,00:02:44.982000,False,0 days 00:02:44.982000,164.982,2.7497,0.04582833333333333,1
downtime_1333,2023-01-27,15:19:22.416000,15:32:37.453000,00:13:15.037000,False,0 days 00:13:15.037000,795.037,13.250616666666668,0.22084361111111112,1
downtime_1334,2023-01-27,15:49:37.504000,15:58:22.529000,00:08:45.025000,False,0 days 00:08:45.025000,525.025,8.750416666666666,0.14584027777777778,1
downtime_1335,2023-01-31,13:39:15.077000,13:42:30.090000,00:03:15.013000,False,0 days 00:03:15.013000,195.013,3.2502166666666668,0.05417027777777778,1
downtime_1336,2023-01-31,13:50:00.092000,13:51:45.100000,00:01:45.008000,False,0 days 00:01:45.008000,105.008,1.7501333333333333,0.029168888888888887,1
downtime_1337,2023-01-31,13:55:30.109000,13:56:45.111000,00:01:15.002000,False,0 days 00:01:15.002000,75.002,1.2500333333333333,0.020833888888888888,1
downtime_1338,2023-01-31,13:57:30.114000,13:59:30.129000,00:02:00.015000,False,0 days 00:02:00.015000,120.015,2.00025,0.0333375,1
downtime_1339,2023-01-31,14:04:30.345000,14:17:45.178000,00:13:14.833000,False,0 days 00:13:14.833000,794.833,13.247216666666667,0.22078694444444444,1
downtime_1340,2023-01-31,14:24:00.302000,14:25:15.193000,00:01:14.891000,False,0 days 00:01:14.891000,74.891,1.2481833333333334,0.020803055555555557,1
downtime_1341,2023-01-31,14:39:30.235000,14:41:00.243000,00:01:30.008000,False,0 days 00:01:30.008000,90.008,1.5001333333333333,0.02500222222222222,1
downtime_1342,2023-01-31,15:02:00.323000,15:06:15.394000,00:04:15.071000,False,0 days 00:04:15.071000,255.071,4.2511833333333335,0.07085305555555556,1
downtime_1343,2023-01-31,15:07:30.314000,15:09:00.320000,00:01:30.006000,False,0 days 00:01:30.006000,90.006,1.5001,0.025001666666666665,1
downtime_1344,2023-01-31,15:10:30.338000,15:17:00.339000,00:06:30.001000,False,0 days 00:06:30.001000,390.001,6.500016666666666,0.1083336111111111,1
downtime_1345,2023-01-31,15:25:30.379000,15:43:15.479000,00:17:45.100000,False,0 days 00:17:45.100000,1065.1,17.751666666666665,0.2958611111111111,1
downtime_1346,2023-01-31,15:52:45.484000,15:54:15.442000,00:01:29.958000,False,0 days 00:01:29.958000,89.958,1.4993,0.024988333333333335,1
downtime_1347,2023-01-31,16:08:30.482000,16:12:15.493000,00:03:45.011000,False,0 days 00:03:45.011000,225.011,3.750183333333333,0.06250305555555555,1
downtime_1348,2023-01-31,16:22:00.526000,16:23:15.554000,00:01:15.028000,False,0 days 00:01:15.028000,75.028,1.2504666666666668,0.020841111111111112,1
downtime_1349,2023-01-31,16:25:15.528000,16:30:30.544000,00:05:15.016000,False,0 days 00:05:15.016000,315.016,5.250266666666667,0.08750444444444445,1
downtime_1350,2023-01-31,16:35:45.560000,16:38:00.567000,00:02:15.007000,False,0 days 00:02:15.007000,135.007,2.2501166666666665,0.03750194444444445,1
downtime_1351,2023-01-31,16:39:00.574000,16:40:00.574000,00:01:00,False,0 days 00:01:00,60.0,1.0,0.016666666666666666,1
downtime_1352,2023-01-31,16:41:00.579000,16:42:15.586000,00:01:15.007000,False,0 days 00:01:15.007000,75.007,1.2501166666666668,0.02083527777777778,1
downtime_1353,2023-01-31,16:44:00.586000,16:46:15.615000,00:02:15.029000,False,0 days 00:02:15.029000,135.029,2.2504833333333334,0.03750805555555555,1
downtime_1354,2023-02-07,13:41:00.798000,13:42:00.808000,00:01:00.010000,False,0 days 00:01:00.010000,60.01,1.0001666666666666,0.016669444444444445,1
downtime_1355,2023-02-07,13:44:00.812000,13:58:01.006000,00:14:00.194000,False,0 days 00:14:00.194000,840.194,14.003233333333332,0.23338722222222222,1
downtime_1356,2023-02-07,13:59:30.877000,14:08:00.872000,00:08:29.995000,False,0 days 00:08:29.995000,509.995,8.499916666666667,0.1416652777777778,1
downtime_1357,2023-02-07,14:08:45.917000,14:10:00.881000,00:01:14.964000,False,0 days 00:01:14.964000,74.964,1.2494,0.020823333333333333,1
downtime_1358,2023-02-07,14:12:00.889000,14:15:45.897000,00:03:45.008000,False,0 days 00:03:45.008000,225.008,3.7501333333333333,0.06250222222222222,1
downtime_1359,2023-02-07,14:19:00.906000,14:21:46.001000,00:02:45.095000,False,0 days 00:02:45.095000,165.095,2.7515833333333335,0.045859722222222225,1
downtime_1360,2023-02-07,14:26:00.930000,14:30:15.954000,00:04:15.024000,False,0 days 00:04:15.024000,255.024,4.2504,0.07084,1
downtime_1361,2023-02-07,14:34:15.955000,14:35:30.957000,00:01:15.002000,False,0 days 00:01:15.002000,75.002,1.2500333333333333,0.020833888888888888,1
downtime_1362,2023-02-07,14:37:00.972000,14:38:15.957000,00:01:14.985000,False,0 days 00:01:14.985000,74.985,1.24975,0.020829166666666666,1
downtime_1363,2023-02-07,14:40:15.975000,14:41:16,00:01:00.025000,False,0 days 00:01:00.025000,60.025,1.0004166666666667,0.01667361111111111,1
downtime_1364,2023-02-07,14:45:15.977000,14:47:16.051000,00:02:00.074000,False,0 days 00:02:00.074000,120.074,2.0012333333333334,0.03335388888888889,1
downtime_1365,2023-02-07,14:49:00.991000,14:53:16.006000,00:04:15.015000,False,0 days 00:04:15.015000,255.015,4.250249999999999,0.0708375,1
downtime_1366,2023-02-07,14:55:46.014000,14:58:01.033000,00:02:15.019000,False,0 days 00:02:15.019000,135.019,2.250316666666667,0.037505277777777776,1
downtime_1367,2023-02-07,15:00:46.032000,15:11:01.112000,00:10:15.080000,False,0 days 00:10:15.080000,615.08,10.251333333333333,0.17085555555555557,1
downtime_1368,2023-02-07,16:00:46.253000,16:05:16.204000,00:04:29.951000,False,0 days 00:04:29.951000,269.951,4.499183333333334,0.0749863888888889,1
downtime_1369,2023-02-07,16:07:01.212000,16:08:46.222000,00:01:45.010000,False,0 days 00:01:45.010000,105.01,1.7501666666666666,0.029169444444444446,1
downtime_1370,2023-02-07,16:10:31.220000,16:12:16.293000,00:01:45.073000,False,0 days 00:01:45.073000,105.073,1.7512166666666666,0.029186944444444442,1
downtime_1371,2023-02-07,16:15:16.247000,16:19:01.248000,00:03:45.001000,False,0 days 00:03:45.001000,225.001,3.7500166666666668,0.06250027777777778,1
downtime_1372,2023-02-10,10:50:46.110000,11:00:01.142000,00:09:15.032000,False,0 days 00:09:15.032000,555.032,9.250533333333333,0.15417555555555557,1
downtime_1373,2023-02-10,11:11:46.181000,11:15:16.193000,00:03:30.012000,False,0 days 00:03:30.012000,210.012,3.5002,0.05833666666666667,1
downtime_1374,2023-02-10,11:20:31.201000,11:30:31.225000,00:10:00.024000,False,0 days 00:10:00.024000,600.024,10.0004,0.16667333333333334,1
downtime_1375,2023-02-10,11:36:01.240000,11:38:01.254000,00:02:00.014000,False,0 days 00:02:00.014000,120.014,2.000233333333333,0.03333722222222222,1
downtime_1376,2023-02-10,11:40:16.261000,11:43:16.274000,00:03:00.013000,False,0 days 00:03:00.013000,180.013,3.0002166666666668,0.05000361111111111,1
downtime_1377,2023-02-10,11:44:01.265000,11:48:16.275000,00:04:15.010000,False,0 days 00:04:15.010000,255.01,4.250166666666667,0.07083611111111111,1
downtime_1378,2023-02-10,11:49:16.288000,11:50:46.283000,00:01:29.995000,False,0 days 00:01:29.995000,89.995,1.4999166666666668,0.024998611111111114,1
downtime_1379,2023-02-10,11:51:46.295000,13:35:46.584000,01:44:00.289000,False,0 days 01:44:00.289000,6240.289,104.00481666666666,1.7334136111111111,1
downtime_1380,2023-02-10,13:40:46.598000,13:43:01.644000,00:02:15.046000,False,0 days 00:02:15.046000,135.046,2.2507666666666664,0.03751277777777778,1
downtime_1381,2023-02-10,13:47:46.856000,13:50:01.626000,00:02:14.770000,False,0 days 00:02:14.770000,134.77,2.246166666666667,0.037436111111111114,1
downtime_1382,2023-02-10,13:54:31.644000,13:58:01.659000,00:03:30.015000,False,0 days 00:03:30.015000,210.015,3.50025,0.058337499999999994,1
downtime_1383,2023-02-10,14:02:46.669000,14:15:16.702000,00:12:30.033000,False,0 days 00:12:30.033000,750.033,12.50055,0.2083425,1
downtime_1384,2023-02-10,14:29:01.737000,14:35:46.778000,00:06:45.041000,False,0 days 00:06:45.041000,405.041,6.750683333333333,0.11251138888888888,1
downtime_1385,2023-02-10,14:47:31.790000,14:50:31.801000,00:03:00.011000,False,0 days 00:03:00.011000,180.011,3.000183333333333,0.05000305555555556,1
downtime_1386,2023-02-10,14:55:16.815000,14:57:16.819000,00:02:00.004000,False,0 days 00:02:00.004000,120.004,2.0000666666666667,0.033334444444444444,1
downtime_1387,2023-02-10,15:04:01.959000,15:06:31.856000,00:02:29.897000,False,0 days 00:02:29.897000,149.897,2.498283333333333,0.04163805555555555,1
downtime_1388,2023-02-10,15:20:46.891000,15:22:46.902000,00:02:00.011000,False,0 days 00:02:00.011000,120.011,2.000183333333333,0.03333638888888889,1
