downtime_id,date,downtime_start_time,downtime_end_time,downtime_time,date_corrected,downtime_duration,downtime_seconds,downtime_minutes,downtime_hours,event_count,event_rank,event_pct,cumulative_minutes,cumulative_duration_pct
downtime_995,2022-12-06,07:51:25.213000,13:41:15.114000,05:49:49.901000,False,0 days 05:49:49.901000,20989.901,349.8316833333334,5.830528055555556,1,1,0.07204610951008646,349.8316833333334,4.420397439155444
downtime_073,2022-07-26,10:19:14.313000,13:17:29.814000,02:58:15.501000,False,0 days 02:58:15.501000,10695.501,178.25835,2.9709725,1,2,0.1440922190201729,528.0900333333334,6.672831370639185
downtime_948,2022-11-28,12:49:41.096000,15:45:56.601000,02:56:15.505000,False,0 days 02:56:15.505000,10575.505,176.25841666666665,2.9376402777777777,1,3,0.21613832853025938,704.3484500000001,8.899994577353478
downtime_1155,2022-12-22,12:12:15.528000,15:02:45.987000,02:50:30.459000,False,0 days 02:50:30.459000,10230.459,170.50765,2.841794166666667,1,4,0.2881844380403458,874.8561000000001,11.054492341063025
downtime_1068,2022-12-19,11:37:06.098000,14:24:51.583000,02:47:45.485000,False,0 days 02:47:45.485000,10065.485,167.75808333333333,2.7959680555555555,1,5,0.36023054755043227,1042.6141833333334,13.17424717544064
downtime_1184,2022-12-27,12:29:06.522000,15:11:52.001000,02:42:45.479000,False,0 days 02:42:45.479000,9765.479,162.75798333333333,2.712633055555556,1,6,0.43227665706051877,1205.3721666666668,15.230821828352356
downtime_1133,2022-12-21,12:03:31.846000,14:42:08.012000,02:38:36.166000,False,0 days 02:38:36.166000,9516.166,158.60276666666667,2.6433794444444443,1,7,0.5043227665706052,1363.9749333333334,17.234892062746415
downtime_919,2022-11-21,13:57:06.277000,16:19:36.669000,02:22:30.392000,False,0 days 02:22:30.392000,8550.392,142.50653333333332,2.3751088888888887,1,8,0.5763688760806917,1506.4814666666666,19.035573776327393
downtime_903,2022-11-15,11:53:35.976000,14:04:21.245000,02:10:45.269000,False,0 days 02:10:45.269000,7845.269,130.75448333333333,2.179241388888889,1,9,0.6484149855907781,1637.23595,20.687759129516323
downtime_498,2022-09-28,15:44:58.731000,17:53:29.079000,02:08:30.348000,False,0 days 02:08:30.348000,7710.348,128.5058,2.141763333333333,1,10,0.7204610951008645,1765.74175,22.311530606770898
downtime_1271,2023-01-16,12:45:05.732000,14:47:36.083000,02:02:30.351000,False,0 days 02:02:30.351000,7350.351,122.50585,2.0417641666666664,1,11,0.792507204610951,1888.2476,23.8594880143496
downtime_162,2022-09-02,12:21:36.662000,14:22:51.800000,02:01:15.138000,False,0 days 02:01:15.138000,7275.138,121.2523,2.020871666666667,1,12,0.8645533141210375,2009.4999,25.39160583542472
downtime_1216,2022-12-30,12:00:58.863000,13:59:11.913000,01:58:13.050000,False,0 days 01:58:13.050000,7093.05,118.2175,1.9702916666666668,1,13,0.9365994236311239,2127.7174,26.885376580498814
downtime_722,2022-10-25,12:29:13.482000,14:16:37.764000,01:47:24.282000,False,0 days 01:47:24.282000,6444.282,107.4047,1.7900783333333334,1,14,1.0086455331412103,2235.1221,28.24251912490603
downtime_1091,2022-12-20,12:34:11.448000,14:20:56.755000,01:46:45.307000,False,0 days 01:46:45.307000,6405.307,106.75511666666668,1.7792519444444443,1,15,1.080691642651297,2341.8772166666668,29.59145367489769
downtime_1036,2022-12-13,12:10:39.713000,13:57:24.996000,01:46:45.283000,False,0 days 01:46:45.283000,6405.283,106.75471666666668,1.779245277777778,1,16,1.1527377521613833,2448.6319333333336,30.94038317057592
downtime_1021,2022-12-13,08:13:09.028000,09:59:39.329000,01:46:30.301000,False,0 days 01:46:30.301000,6390.301,106.50501666666668,1.7750836111111112,1,17,1.2247838616714697,2555.13695,32.286157511094835
downtime_1379,2023-02-10,11:51:46.295000,13:35:46.584000,01:44:00.289000,False,0 days 01:44:00.289000,6240.289,104.00481666666666,1.7334136111111111,1,18,1.2968299711815563,2659.1417666666666,33.60033986551328
downtime_1205,2022-12-28,12:50:19.300000,14:34:04.609000,01:43:45.309000,False,0 days 01:43:45.309000,6225.309,103.75515,1.7292525,1,19,1.3688760806916427,2762.8969166666666,34.91136748596519
downtime_867,2022-11-08,13:04:08.866000,14:43:53.843000,01:39:44.977000,False,0 days 01:39:44.977000,5984.977,99.74961666666668,1.662493611111111,1,20,1.440922190201729,2862.646533333333,36.171782054104604
downtime_813,2022-11-03,12:04:40.528000,13:44:17.579000,01:39:37.051000,False,0 days 01:39:37.051000,5977.051,99.61751666666667,1.6602919444444446,1,21,1.5129682997118155,2962.2640499999998,37.430527435233444
downtime_984,2022-12-05,12:22:50.029000,13:59:35.303000,01:36:45.274000,False,0 days 01:36:45.274000,5805.274,96.75456666666668,1.6125761111111112,1,22,1.585014409221902,3059.0186166666663,38.65309719976905
downtime_1327,2023-01-27,12:32:29.089000,14:08:22.216000,01:35:53.127000,False,0 days 01:35:53.127000,5753.127,95.88545,1.5980908333333337,1,23,1.6570605187319885,3154.9040666666665,39.86468499420105
downtime_789,2022-10-31,12:00:38.066000,13:35:38.390000,01:35:00.324000,False,0 days 01:35:00.324000,5700.324,95.0054,1.5834233333333332,1,24,1.729106628242075,3249.9094666666665,41.06515266729566
downtime_350,2022-09-15,11:59:16.705000,13:31:46.964000,01:32:30.259000,False,0 days 01:32:30.259000,5550.259,92.50431666666668,1.541738611111111,1,25,1.8011527377521614,3342.4137833333334,42.234017192680966
downtime_1009,2022-12-08,12:34:34.054000,14:04:04.307000,01:29:30.253000,False,0 days 01:29:30.253000,5370.253,89.50421666666666,1.4917369444444444,1,26,1.8731988472622478,3431.918,43.36497310375539
downtime_126,2022-08-01,15:15:02.392000,16:28:47.833000,01:13:45.441000,False,0 days 01:13:45.441000,4425.441,73.75735,1.2292891666666663,1,27,1.9452449567723344,3505.67535,44.296955015605924
downtime_791,2022-10-31,14:09:53.444000,15:19:53.644000,01:10:00.200000,False,0 days 01:10:00.200000,4200.2,70.00333333333333,1.1667222222222222,1,28,2.0172910662824206,3575.6786833333335,45.1815019853101
downtime_872,2022-11-08,16:06:09.078000,17:12:24.259000,01:06:15.181000,False,0 days 01:06:15.181000,3975.181,66.25301666666667,1.1042169444444443,1,29,2.089337175792507,3641.9317,46.01866076526716
downtime_1044,2022-12-13,14:38:25.114000,15:44:25.301000,01:06:00.187000,False,0 days 01:06:00.187000,3960.187,66.00311666666667,1.1000519444444443,1,30,2.161383285302594,3707.934816666667,46.85266186290819
downtime_1013,2022-12-08,15:12:04.499000,16:16:49.684000,01:04:45.185000,False,0 days 01:04:45.185000,3885.185,64.75308333333334,1.0792180555555555,1,31,2.23342939481268,3772.6879000000004,47.67086780988456
downtime_962,2022-12-02,12:14:06.334000,13:11:21.526000,00:57:15.192000,False,0 days 00:57:15.192000,3435.192,57.2532,0.95422,1,32,2.3054755043227666,3829.9411000000005,48.394306854204366
downtime_889,2022-11-11,16:01:01.280000,16:56:06.106000,00:55:04.826000,False,0 days 00:55:04.826000,3304.826,55.08043333333333,0.9180072222222222,1,33,2.377521613832853,3885.021533333334,49.090291289159744
downtime_086,2022-07-26,14:23:45.002000,15:18:15.186000,00:54:30.184000,False,0 days 00:54:30.184000,3270.184,54.50306666666667,0.9083844444444444,1,34,2.4495677233429394,3939.5246000000006,49.77898024387026
downtime_714,2022-10-24,16:23:14.650000,17:16:29.788000,00:53:15.138000,False,0 days 00:53:15.138000,3195.138,53.2523,0.8875383333333333,1,35,2.521613832853026,3992.7769000000008,50.45186478167481
downtime_019,2022-07-22,13:04:18.974000,13:55:19.147000,00:51:00.173000,False,0 days 00:51:00.173000,3060.173,51.00288333333333,0.8500480555555555,1,36,2.5936599423631126,4043.7797833333343,51.096326177303716
downtime_071,2022-07-26,09:03:44.103000,09:51:44.236000,00:48:00.133000,False,0 days 00:48:00.133000,2880.133,48.00221666666666,0.8000369444444444,1,37,2.6657060518731988,4091.782000000001,51.70287179834438
downtime_1190,2022-12-27,16:05:37.139000,16:51:04.815000,00:45:27.676000,False,0 days 00:45:27.676000,2727.676,45.46126666666667,0.7576877777777777,1,38,2.7377521613832854,4137.243266666667,52.27731052510377
downtime_996,2022-12-06,13:49:45.138000,14:32:00.831000,00:42:15.693000,False,0 days 00:42:15.693000,2535.693,42.26155000000001,0.7043591666666668,1,39,2.809798270893372,4179.5048166666675,52.811318324553824
downtime_793,2022-10-31,15:49:23.878000,16:31:23.831000,00:41:59.953000,False,0 days 00:41:59.953000,2519.953,41.99921666666667,0.6999869444444444,1,40,2.881844380403458,4221.5040333333345,53.34201133677872
downtime_1304,2023-01-20,16:49:54.179000,17:29:39.509000,00:39:45.330000,False,0 days 00:39:45.330000,2385.33,39.7555,0.6625916666666667,1,41,2.9538904899135447,4261.259533333335,53.844353230794354
downtime_1182,2022-12-27,11:19:06.320000,11:58:06.431000,00:39:00.111000,False,0 days 00:39:00.111000,2340.111,39.00185,0.6500308333333333,1,42,3.025936599423631,4300.261383333334,54.33717216651679
downtime_1081,2022-12-19,15:55:21.841000,16:34:21.952000,00:39:00.111000,False,0 days 00:39:00.111000,2340.111,39.00185,0.6500308333333333,1,43,3.0979827089337175,4339.263233333334,54.82999110223923
downtime_1283,2023-01-16,17:01:36.456000,17:40:21.568000,00:38:45.112000,False,0 days 00:38:45.112000,2325.112,38.751866666666665,0.6458644444444445,1,44,3.170028818443804,4378.0151000000005,55.31965130266369
downtime_828,2022-11-03,14:36:18.215000,15:12:32.817000,00:36:14.602000,False,0 days 00:36:14.602000,2174.602,36.24336666666667,0.6040561111111111,1,45,3.2420749279538903,4414.258466666667,55.77761463998397
downtime_467,2022-09-22,14:49:35.430000,15:25:20.465000,00:35:45.035000,False,0 days 00:35:45.035000,2145.035,35.75058333333333,0.5958430555555555,1,46,3.314121037463977,4450.009050000001,56.22935127375365
downtime_697,2022-10-24,15:01:59.423000,15:37:29.522000,00:35:30.099000,False,0 days 00:35:30.099000,2130.099,35.501650000000005,0.5916941666666667,1,47,3.386167146974063,4485.510700000001,56.6779424397981
downtime_1019,2022-12-13,07:27:27.939000,08:02:39.001000,00:35:11.062000,False,0 days 00:35:11.062000,2111.062,35.18436666666666,0.5864061111111111,1,48,3.45821325648415,4520.695066666667,57.1225244823098
downtime_070,2022-07-22,20:25:09.648000,20:59:24.683000,00:34:15.035000,False,0 days 00:34:15.035000,2055.035,34.25058333333333,0.5708430555555555,1,49,3.5302593659942363,4554.945650000001,57.55530744071321
downtime_1079,2022-12-19,15:19:21.729000,15:45:36.820000,00:26:15.091000,False,0 days 00:26:15.091000,1575.091,26.251516666666664,0.4375252777777777,1,50,3.602305475504323,4581.197166666667,57.88701592389456
downtime_137,2022-08-01,17:33:58.169000,18:00:13.241000,00:26:15.072000,False,0 days 00:26:15.072000,1575.072,26.2512,0.4375199999999999,1,51,3.674351585014409,4607.4483666666665,58.21872040574445
downtime_312,2022-09-12,15:50:32.343000,16:16:29.694000,00:25:57.351000,False,0 days 00:25:57.351000,1557.351,25.95585,0.4325975,1,52,3.7463976945244957,4633.404216666667,58.54669290891472
downtime_072,2022-07-26,09:53:44.242000,10:18:14.312000,00:24:30.070000,False,0 days 00:24:30.070000,1470.07,24.501166666666663,0.4083527777777778,1,53,3.818443804034582,4657.905383333334,58.856284348311185
downtime_1015,2022-12-08,17:09:19.832000,17:33:34.902000,00:24:15.070000,False,0 days 00:24:15.070000,1455.07,24.251166666666663,0.4041861111111111,1,54,3.890489913544669,4682.156550000001,59.16271684181328
downtime_124,2022-08-01,14:48:06.059000,15:11:17.381000,00:23:11.322000,False,0 days 00:23:11.322000,1391.322,23.1887,0.3864783333333333,1,55,3.962536023054755,4705.34525,59.455724236457044
downtime_152,2022-08-04,16:00:04.356000,16:22:49.413000,00:22:45.057000,False,0 days 00:22:45.057000,1365.057,22.75095,0.3791825,1,56,4.034582132564841,4728.0962,59.74320031683975
downtime_879,2022-11-08,18:23:09.468000,18:44:39.546000,00:21:30.078000,False,0 days 00:21:30.078000,1290.078,21.5013,0.358355,1,57,4.106628242074928,4749.5975,60.014886090274835
downtime_390,2022-09-15,15:48:17.384000,16:09:32.425000,00:21:15.041000,False,0 days 00:21:15.041000,1275.041,21.25068333333333,0.3541780555555555,1,58,4.178674351585014,4770.8481833333335,60.283405125749
downtime_1010,2022-12-08,14:05:04.306000,14:25:49.413000,00:20:45.107000,False,0 days 00:20:45.107000,1245.107,20.75178333333333,0.3458630555555555,1,59,4.250720461095101,4791.599966666667,60.54562016879635
downtime_1018,2022-12-13,07:06:42.889000,07:26:42.941000,00:20:00.052000,False,0 days 00:20:00.052000,1200.052,20.000866666666663,0.3333477777777777,1,60,4.322766570605188,4811.600833333333,60.79834679135894
downtime_1326,2023-01-27,12:03:32.577000,12:22:59.049000,00:19:26.472000,False,0 days 00:19:26.472000,1166.472,19.4412,0.32402,1,61,4.394812680115274,4831.042033333333,61.04400158704599
downtime_1345,2023-01-31,15:25:30.379000,15:43:15.479000,00:17:45.100000,False,0 days 00:17:45.100000,1065.1,17.751666666666665,0.2958611111111111,1,62,4.46685878962536,4848.7937,61.268307805186076
downtime_1218,2022-12-30,14:05:56.937000,14:22:41.987000,00:16:45.050000,False,0 days 00:16:45.050000,1005.05,16.750833333333333,0.2791805555555555,1,63,4.538904899135447,4865.544533333334,61.479967709928985
downtime_1144,2022-12-21,17:14:08.433000,17:29:53.477000,00:15:45.044000,False,0 days 00:15:45.044000,945.044,15.750733333333333,0.2625122222222222,1,64,4.610951008645533,4881.295266666667,61.67899056751603
downtime_117,2022-07-26,17:48:00.574000,18:03:15.624000,00:15:15.050000,False,0 days 00:15:15.050000,915.05,15.250833333333333,0.2541805555555555,1,65,4.68299711815562,4896.5461000000005,61.871696796892685
downtime_1074,2022-12-19,14:49:06.650000,15:03:51.702000,00:14:45.052000,False,0 days 00:14:45.052000,885.052,14.750866666666669,0.2458477777777777,1,66,4.755043227665706,4911.296966666667,62.05808555567336
downtime_881,2022-11-11,14:51:01.030000,15:05:16.123000,00:14:15.093000,False,0 days 00:14:15.093000,855.093,14.25155,0.2375258333333333,1,67,4.827089337175792,4925.548516666667,62.2381650571174
downtime_585,2022-10-10,14:30:42.119000,14:44:57.173000,00:14:15.054000,False,0 days 00:14:15.054000,855.054,14.2509,0.237515,1,68,4.899135446685879,4939.799416666667,62.41823634530211
downtime_1355,2023-02-07,13:44:00.812000,13:58:01.006000,00:14:00.194000,False,0 days 00:14:00.194000,840.194,14.003233333333332,0.2333872222222222,1,69,4.971181556195965,4953.80265,62.59517817108746
downtime_1059,2022-12-16,17:01:02.146000,17:15:02.182000,00:14:00.036000,False,0 days 00:14:00.036000,840.036,14.0006,0.2333433333333333,1,70,5.043227665706052,4967.80325,62.772086722642726
downtime_1333,2023-01-27,15:19:22.416000,15:32:37.453000,00:13:15.037000,False,0 days 00:13:15.037000,795.037,13.250616666666668,0.2208436111111111,1,71,5.115273775216139,4981.053866666666,62.93951864711125
downtime_1339,2023-01-31,14:04:30.345000,14:17:45.178000,00:13:14.833000,False,0 days 00:13:14.833000,794.833,13.247216666666668,0.2207869444444444,1,72,5.187319884726225,4994.301083333333,63.10690760991561
downtime_548,2022-10-07,15:58:09.383000,16:11:09.418000,00:13:00.035000,False,0 days 00:13:00.035000,780.035,13.000583333333331,0.2166763888888888,1,73,5.259365994236311,5007.301666666666,63.27118016729697
downtime_670,2022-10-20,15:03:25.499000,15:16:25.514000,00:13:00.015000,False,0 days 00:13:00.015000,780.015,13.00025,0.2166708333333333,1,74,5.3314121037463975,5020.301916666666,63.43544851275048
downtime_527,2022-10-07,14:52:54.208000,15:05:24.243000,00:12:30.035000,False,0 days 00:12:30.035000,750.035,12.500583333333331,0.2083430555555555,1,75,5.403458213256484,5032.8025,63.59340317834309
downtime_1383,2023-02-10,14:02:46.669000,14:15:16.702000,00:12:30.033000,False,0 days 00:12:30.033000,750.033,12.50055,0.2083425,1,76,5.475504322766571,5045.3030499999995,63.751357422742906
downtime_1178,2022-12-26,15:52:22.119000,16:04:37.155000,00:12:15.036000,False,0 days 00:12:15.036000,735.036,12.2506,0.2041766666666666,1,77,5.547550432276657,5057.55365,63.90615335303753
downtime_562,2022-10-07,16:59:54.723000,17:12:09.596000,00:12:14.873000,False,0 days 00:12:14.873000,734.873,12.247883333333334,0.2041313888888889,1,78,5.619596541786744,5069.801533333333,64.0609149561201
downtime_1198,2022-12-28,11:49:34.130000,12:01:34.164000,00:12:00.034000,False,0 days 00:12:00.034000,720.034,12.000566666666666,0.2000094444444444,1,79,5.69164265129683,5081.8021,64.21255151932756
downtime_769,2022-11-28,16:40:17.683000,16:52:17.695000,00:12:00.012000,False,0 days 00:12:00.012000,720.012,12.0002,0.2000033333333333,1,80,5.763688760806916,5093.8023,64.3641834494144
downtime_1105,2022-12-20,16:23:57.098000,16:35:42.132000,00:11:45.034000,False,0 days 00:11:45.034000,705.034,11.750566666666666,0.1958427777777777,1,81,5.835734870317003,5105.552866666667,64.51266106672747
downtime_1142,2022-12-21,16:40:23.342000,16:51:53.386000,00:11:30.044000,False,0 days 00:11:30.044000,690.044,11.500733333333333,0.1916788888888888,1,82,5.9077809798270895,5117.0536,64.65798184411011
downtime_794,2022-10-31,17:04:53.916000,17:16:08.952000,00:11:15.036000,False,0 days 00:11:15.036000,675.036,11.2506,0.1875099999999999,1,83,5.979827089337176,5128.3042000000005,64.80014199082723
downtime_921,2022-11-21,16:29:21.697000,16:40:21.727000,00:11:00.030000,False,0 days 00:11:00.030000,660.03,11.0005,0.1833416666666666,1,84,6.051873198847262,5139.304700000001,64.9391419280716
downtime_1265,2023-01-13,16:32:09.890000,16:42:54.964000,00:10:45.074000,True,0 days 00:10:45.074000,645.074,10.751233333333332,0.1791872222222222,1,85,6.123919308357348,5150.055933333334,65.07499218566291
downtime_1288,2023-01-19,16:10:58.494000,16:21:43.525000,00:10:45.031000,False,0 days 00:10:45.031000,645.031,10.750516666666666,0.1791752777777777,1,86,6.195965417867435,5160.806450000001,65.2108333876093
downtime_025,2022-07-22,15:15:38.653000,15:26:23.684000,00:10:45.031000,False,0 days 00:10:45.031000,645.031,10.750516666666666,0.1791752777777777,1,87,6.268011527377522,5171.556966666668,65.3466745895557
downtime_148,2022-08-04,12:17:06.283000,12:27:51.301000,00:10:45.018000,False,0 days 00:10:45.018000,645.018,10.7503,0.1791716666666666,1,88,6.340057636887608,5182.307266666668,65.48251305374899
downtime_1209,2022-12-28,14:54:49.656000,15:05:19.701000,00:10:30.045000,False,0 days 00:10:30.045000,630.045,10.50075,0.1750125,1,89,6.412103746397695,5192.808016666668,65.61519825815051
downtime_1154,2022-12-22,12:00:00.744000,12:10:30.713000,00:10:29.969000,False,0 days 00:10:29.969000,629.969,10.499483333333334,0.1749913888888889,1,90,6.484149855907781,5203.307500000001,65.74786745722616
downtime_1367,2023-02-07,15:00:46.032000,15:11:01.112000,00:10:15.080000,False,0 days 00:10:15.080000,615.08,10.251333333333331,0.1708555555555555,1,91,6.556195965417867,5213.558833333334,65.87740108660707
downtime_815,2022-11-03,13:48:02.576000,13:58:17.638000,00:10:15.062000,False,0 days 00:10:15.062000,615.062,10.251033333333334,0.1708505555555555,1,92,6.628242074927954,5223.809866666667,66.00693092525289
downtime_963,2022-12-02,13:14:51.506000,13:24:51.536000,00:10:00.030000,False,0 days 00:10:00.030000,600.03,10.0005,0.166675,1,93,6.7002881844380395,5233.8103666666675,66.13329507891976
downtime_1374,2023-02-10,11:20:31.201000,11:30:31.225000,00:10:00.024000,False,0 days 00:10:00.024000,600.024,10.0004,0.1666733333333333,1,94,6.772334293948126,5243.810766666667,66.25965796900827
downtime_221,2022-09-06,15:36:43.549000,15:46:28.574000,00:09:45.025000,False,0 days 00:09:45.025000,585.025,9.750416666666666,0.1625069444444444,1,95,6.844380403458213,5253.561183333334,66.3828621237988
downtime_775,2022-11-28,17:05:32.722000,17:15:17.741000,00:09:45.019000,False,0 days 00:09:45.019000,585.019,9.750316666666668,0.1625052777777778,1,96,6.9164265129683,5263.311500000001,66.50606501501098
downtime_1291,2023-01-19,16:51:43.644000,17:01:28.634000,00:09:44.990000,False,0 days 00:09:44.990000,584.99,9.749833333333331,0.1624972222222222,1,97,6.988472622478387,5273.061333333334,66.62926179892776
downtime_1159,2022-12-23,09:46:49.885000,09:56:19.911000,00:09:30.026000,False,0 days 00:09:30.026000,570.026,9.500433333333332,0.1583405555555555,1,98,7.060518731988473,5282.561766666668,66.74930721842031
downtime_950,2022-11-28,15:56:56.611000,16:06:26.632000,00:09:30.021000,False,0 days 00:09:30.021000,570.021,9.50035,0.1583391666666666,1,99,7.132564841498559,5292.062116666668,66.8693515849309
downtime_882,2022-11-11,15:06:16.100000,15:15:46.111000,00:09:30.011000,False,0 days 00:09:30.011000,570.011,9.500183333333332,0.1583363888888888,1,100,7.204610951008646,5301.562300000001,66.98939384547754
downtime_1188,2022-12-27,15:36:22.110000,15:45:37.287000,00:09:15.177000,False,0 days 00:09:15.177000,555.177,9.25295,0.1542158333333333,1,101,7.2766570605187315,5310.8152500000015,67.10631211913105
downtime_1281,2023-01-16,16:30:51.378000,16:40:06.439000,00:09:15.061000,False,0 days 00:09:15.061000,555.061,9.251016666666668,0.1541836111111111,1,102,7.348703170028818,5320.0662666666685,67.22320596360298
downtime_1372,2023-02-10,10:50:46.110000,11:00:01.142000,00:09:15.032000,False,0 days 00:09:15.032000,555.032,9.250533333333331,0.1541755555555555,1,103,7.420749279538905,5329.316800000001,67.3400937007795
downtime_1166,2022-12-23,11:11:50.126000,11:21:05.157000,00:09:15.031000,False,0 days 00:09:15.031000,555.031,9.250516666666666,0.1541752777777777,1,104,7.492795389048991,5338.567316666668,67.45698122735963
downtime_884,2022-11-11,15:27:01.134000,15:36:01.161000,00:09:00.027000,False,0 days 00:09:00.027000,540.027,9.00045,0.1500075,1,105,7.564841498559077,5347.567766666669,67.57070896565983
downtime_1222,2022-12-30,15:30:57.191000,15:39:57.202000,00:09:00.011000,False,0 days 00:09:00.011000,540.011,9.000183333333332,0.1500030555555555,1,106,7.636887608069164,5356.567950000002,67.68443333441773
downtime_724,2022-10-25,16:14:23.088000,16:23:08.176000,00:08:45.088000,False,0 days 00:08:45.088000,525.088,8.751466666666666,0.1458577777777777,1,107,7.708933717579251,5365.319416666669,67.79501497320351
downtime_1117,2022-12-21,10:31:27.069000,10:40:12.099000,00:08:45.030000,False,0 days 00:08:45.030000,525.03,8.750499999999999,0.1458416666666666,1,108,7.780979827089338,5374.069916666669,67.9055843973985
downtime_1334,2023-01-27,15:49:37.504000,15:58:22.529000,00:08:45.025000,False,0 days 00:08:45.025000,525.025,8.750416666666666,0.1458402777777777,1,109,7.853025936599424,5382.820333333336,68.01615276861152
downtime_1045,2022-12-13,15:50:10.319000,15:58:55.342000,00:08:45.023000,False,0 days 00:08:45.023000,525.023,8.750383333333334,0.1458397222222222,1,110,7.92507204610951,5391.570716666669,68.12672071863174
downtime_1164,2022-12-23,10:43:20.061000,10:52:05.074000,00:08:45.013000,False,0 days 00:08:45.013000,525.013,8.750216666666667,0.1458369444444444,1,111,7.997118155619597,5400.320933333335,68.23728656268806
downtime_1226,2022-12-30,16:20:12.319000,16:28:42.343000,00:08:30.024000,False,0 days 00:08:30.024000,510.024,8.5004,0.1416733333333333,1,112,8.069164265129682,5408.821333333335,68.34469577741031
downtime_1210,2022-12-28,15:13:49.716000,15:22:19.734000,00:08:30.018000,False,0 days 00:08:30.018000,510.018,8.5003,0.1416716666666666,1,113,8.141210374639769,5417.321633333335,68.45210372855419
downtime_1356,2023-02-07,13:59:30.877000,14:08:00.872000,00:08:29.995000,False,0 days 00:08:29.995000,509.995,8.499916666666667,0.1416652777777778,1,114,8.213256484149856,5425.8215500000015,68.55950683598105
downtime_901,2022-11-15,11:21:05.811000,11:29:35.680000,00:08:29.869000,False,0 days 00:08:29.869000,509.869,8.497816666666667,0.1416302777777777,1,115,8.285302593659942,5434.319366666668,68.66688340826241
downtime_898,2022-11-14,16:13:08.690000,16:21:08.720000,00:08:00.030000,False,0 days 00:08:00.030000,480.03,8.000499999999999,0.1333416666666666,1,116,8.357348703170029,5442.3198666666685,68.76797599477426
downtime_1276,2023-01-16,15:19:06.170000,15:27:06.189000,00:08:00.019000,False,0 days 00:08:00.019000,480.019,8.000316666666667,0.1333386111111111,1,117,8.429394812680115,5450.320183333335,68.86906626472579
downtime_819,2022-11-03,14:06:32.641000,14:14:32.653000,00:08:00.012000,False,0 days 00:08:00.012000,480.012,8.0002,0.1333366666666666,1,118,8.501440922190202,5458.3203833333355,68.97015506050256
downtime_068,2022-07-22,20:11:24.628000,20:19:24.633000,00:08:00.005000,False,0 days 00:08:00.005000,480.005,8.000083333333333,0.1333347222222222,1,119,8.573487031700289,5466.320466666669,69.0712423821046
downtime_1225,2022-12-30,16:05:42.273000,16:13:27.318000,00:07:45.045000,False,0 days 00:07:45.045000,465.045,7.75075,0.1291791666666666,1,120,8.645533141210375,5474.071216666669,69.16917918166799
downtime_131,2022-08-01,16:46:32.883000,16:54:17.905000,00:07:45.022000,False,0 days 00:07:45.022000,465.022,7.750366666666666,0.1291727777777777,1,121,8.717579250720462,5481.821583333336,69.26711113751432
downtime_958,2022-11-28,17:57:35.352000,18:05:05.374000,00:07:30.022000,False,0 days 00:07:30.022000,450.022,7.500366666666666,0.1250061111111111,1,122,8.789625360230549,5489.321950000003,69.36188414746628
downtime_945,2022-11-23,16:43:28.769000,16:50:58.790000,00:07:30.021000,False,0 days 00:07:30.021000,450.021,7.50035,0.1250058333333333,1,123,8.861671469740633,5496.822300000003,69.45665694682185
downtime_1254,2023-01-13,15:38:39.765000,15:46:09.760000,00:07:29.995000,True,0 days 00:07:29.995000,449.995,7.499916666666667,0.1249986111111111,1,124,8.93371757925072,5504.32221666667,69.5514242706712
downtime_064,2022-07-22,18:41:24.240000,18:48:39.306000,00:07:15.066000,False,0 days 00:07:15.066000,435.066,7.251099999999999,0.1208516666666666,1,125,9.005763688760807,5511.5733166666705,69.64304760097008
downtime_1189,2022-12-27,15:53:37.108000,16:00:52.145000,00:07:15.037000,False,0 days 00:07:15.037000,435.037,7.250616666666667,0.1208436111111111,1,126,9.077809798270893,5518.823933333337,69.73466482397355
downtime_993,2022-12-05,15:02:05.475000,15:09:20.505000,00:07:15.030000,False,0 days 00:07:15.030000,435.03,7.2505,0.1208416666666666,1,127,9.14985590778098,5526.074433333337,69.82628057280226
downtime_1022,2022-12-13,10:03:39.337000,10:10:54.357000,00:07:15.020000,False,0 days 00:07:15.020000,435.02,7.250333333333333,0.1208388888888888,1,128,9.221902017291066,5533.32476666667,69.91789421566706
downtime_1329,2023-01-27,14:13:22.513000,14:20:37.251000,00:07:14.738000,False,0 days 00:07:14.738000,434.738,7.245633333333333,0.1207605555555555,1,129,9.293948126801153,5540.570400000003,70.00944847034904
downtime_1156,2022-12-22,16:19:46.210000,16:26:46.326000,00:07:00.116000,False,0 days 00:07:00.116000,420.116,7.001933333333333,0.1166988888888888,1,130,9.36599423631124,5547.572333333336,70.09792338457318
downtime_1020,2022-12-13,08:04:54.025000,08:11:54.064000,00:07:00.039000,False,0 days 00:07:00.039000,420.039,7.000649999999999,0.1166774999999999,1,131,9.438040345821326,5554.572983333336,70.18638208287507
downtime_1030,2022-12-13,11:30:09.584000,11:37:09.602000,00:07:00.018000,False,0 days 00:07:00.018000,420.018,7.000299999999999,0.1166716666666666,1,132,9.510086455331413,5561.573283333336,70.27483635865269
downtime_1384,2023-02-10,14:29:01.737000,14:35:46.778000,00:06:45.041000,False,0 days 00:06:45.041000,405.041,6.750683333333333,0.1125113888888888,1,133,9.5821325648415,5568.32396666667,70.360136532253
downtime_949,2022-11-28,15:48:11.580000,15:54:56.602000,00:06:45.022000,False,0 days 00:06:45.022000,405.022,6.750366666666666,0.1125061111111111,1,134,9.654178674351584,5575.074333333337,70.44543270452182
downtime_1290,2023-01-19,16:33:28.557000,16:40:13.570000,00:06:45.013000,False,0 days 00:06:45.013000,405.013,6.750216666666666,0.1125036111111111,1,135,9.72622478386167,5581.824550000003,70.53072698142311
downtime_1331,2023-01-27,14:51:07.346000,14:57:52.353000,00:06:45.007000,False,0 days 00:06:45.007000,405.007,6.750116666666667,0.1125019444444444,1,136,9.798270893371757,5588.57466666667,70.61601999474605
downtime_134,2022-08-01,17:09:17.971000,17:16:02.968000,00:06:44.997000,False,0 days 00:06:44.997000,404.997,6.74995,0.1124991666666666,1,137,9.870317002881844,5595.32461666667,70.70131090210505
downtime_1058,2022-12-16,16:51:47.120000,16:58:17.283000,00:06:30.163000,False,0 days 00:06:30.163000,390.163,6.502716666666667,0.1083786111111111,1,138,9.94236311239193,5601.827333333337,70.78347782257092
downtime_161,2022-09-02,12:12:35.966000,12:19:06.014000,00:06:30.048000,False,0 days 00:06:30.048000,390.048,6.5008,0.1083466666666666,1,139,10.014409221902017,5608.328133333337,70.86562052445157
downtime_1180,2022-12-26,16:32:52.233000,16:39:22.259000,00:06:30.026000,False,0 days 00:06:30.026000,390.026,6.5004333333333335,0.1083405555555555,1,140,10.086455331412104,5614.828566666671,70.9477585932116
downtime_907,2022-11-15,14:39:06.215000,14:45:36.230000,00:06:30.015000,False,0 days 00:06:30.015000,390.015,6.500249999999999,0.1083374999999999,1,141,10.15850144092219,5621.328816666671,71.02989434541131
downtime_1344,2023-01-31,15:10:30.338000,15:17:00.339000,00:06:30.001000,False,0 days 00:06:30.001000,390.001,6.500016666666666,0.1083336111111111,1,142,10.230547550432277,5627.828833333338,71.11202714926151
downtime_171,2022-09-02,14:43:36.899000,14:50:06.882000,00:06:29.983000,False,0 days 00:06:29.983000,389.983,6.499716666666667,0.1083286111111111,1,143,10.302593659942364,5634.328550000004,71.19415616237661
downtime_1170,2022-12-23,11:48:50.233000,11:55:05.252000,00:06:15.019000,False,0 days 00:06:15.019000,375.019,6.2503166666666665,0.1041719444444444,1,144,10.37463976945245,5640.57886666667,71.27313381106751
downtime_975,2022-12-02,14:31:51.727000,14:38:06.745000,00:06:15.018000,False,0 days 00:06:15.018000,375.018,6.250299999999999,0.1041716666666666,1,145,10.446685878962537,5646.82916666667,71.35211124916201
downtime_1241,2023-01-11,15:56:04.897000,16:02:19.911000,00:06:15.014000,False,0 days 00:06:15.014000,375.014,6.250233333333333,0.1041705555555555,1,146,10.518731988472622,5653.079400000003,71.43108784487093
downtime_1006,2022-12-08,11:45:03.917000,11:51:18.929000,00:06:15.012000,False,0 days 00:06:15.012000,375.012,6.2502,0.10417,1,147,10.590778097982708,5659.329600000004,71.51006401938709
downtime_1203,2022-12-28,12:37:04.275000,12:43:04.397000,00:06:00.122000,False,0 days 00:06:00.122000,360.122,6.002033333333333,0.1000338888888889,1,148,10.662824207492795,5665.331633333337,71.58590441361208
downtime_002,2022-07-22,12:01:48.813000,12:07:48.822000,00:06:00.009000,False,0 days 00:06:00.009000,360.009,6.0001500000000005,0.1000025,1,149,10.734870317002882,5671.331783333337,71.66172101044465
downtime_1152,2022-12-22,11:47:30.429000,11:53:30,00:05:59.571000,False,0 days 00:05:59.571000,359.571,5.992850000000001,0.0998808333333333,1,150,10.806916426512968,5677.324633333336,71.73744536605713
downtime_981,2022-12-05,11:59:04.974000,12:04:49.977000,00:05:45.003000,False,0 days 00:05:45.003000,345.003,5.75005,0.0958341666666666,1,151,10.878962536023055,5683.074683333336,71.81010175341697
downtime_932,2022-11-21,17:41:06.922000,17:46:51.912000,00:05:44.990000,False,0 days 00:05:44.990000,344.99,5.749833333333333,0.0958305555555555,1,152,10.951008645533141,5688.824516666669,71.88275540302371
downtime_1111,2022-12-20,17:07:42.255000,17:13:27.244000,00:05:44.989000,False,0 days 00:05:44.989000,344.989,5.749816666666666,0.0958302777777777,1,153,11.023054755043228,5694.574333333336,71.95540884203406
downtime_1090,2022-12-20,12:08:17.042000,12:13:56.390000,00:05:39.348000,False,0 days 00:05:39.348000,339.348,5.6558,0.0942633333333333,1,154,11.095100864553315,5700.230133333336,72.02687430679174
downtime_1171,2022-12-23,12:03:35.277000,12:09:05.295000,00:05:30.018000,False,0 days 00:05:30.018000,330.018,5.500299999999999,0.0916716666666666,1,155,11.167146974063401,5705.730433333336,72.09637490720311
downtime_045,2022-07-22,16:59:23.943000,17:04:53.956000,00:05:30.013000,False,0 days 00:05:30.013000,330.013,5.500216666666666,0.0916702777777777,1,156,11.239193083573488,5711.230650000002,72.1658744546325
downtime_966,2022-12-02,13:38:06.644000,13:43:36.591000,00:05:29.947000,False,0 days 00:05:29.947000,329.947,5.499116666666667,0.0916519444444444,1,157,11.311239193083573,5716.729766666669,72.23536010269997
downtime_1004,2022-12-08,11:12:35.429000,11:18:03.838000,00:05:28.409000,False,0 days 00:05:28.409000,328.409,5.473483333333333,0.0912247222222222,1,158,11.38328530259366,5722.203250000002,72.30452185351508
downtime_466,2022-09-22,14:42:13.197000,14:47:35.356000,00:05:22.159000,False,0 days 00:05:22.159000,322.159,5.369316666666666,0.0894886111111111,1,159,11.455331412103746,5727.5725666666685,72.37236737687418
downtime_1248,2023-01-13,14:32:39.551000,14:37:54.590000,00:05:15.039000,True,0 days 00:05:15.039000,315.039,5.250649999999999,0.0875108333333333,1,160,11.527377521613833,5732.8232166666685,72.43871345391543
downtime_1063,2022-12-19,11:08:36.015000,11:13:51.033000,00:05:15.018000,False,0 days 00:05:15.018000,315.018,5.250299999999999,0.0875049999999999,1,161,11.59942363112392,5738.073516666668,72.50505510843242
downtime_1128,2022-12-21,11:32:01.132000,11:37:16.149000,00:05:15.017000,False,0 days 00:05:15.017000,315.017,5.250283333333333,0.0875047222222222,1,162,11.671469740634006,5743.323800000002,72.57139655235302
downtime_1349,2023-01-31,16:25:15.528000,16:30:30.544000,00:05:15.016000,False,0 days 00:05:15.016000,315.016,5.250266666666667,0.0875044444444444,1,163,11.743515850144092,5748.574066666669,72.63773778567723
downtime_971,2022-12-02,14:03:06.645000,14:08:21.661000,00:05:15.016000,False,0 days 00:05:15.016000,315.016,5.250266666666667,0.0875044444444444,1,164,11.815561959654179,5753.824333333336,72.70407901900143
downtime_120,2022-07-26,18:10:30.642000,18:15:45.657000,00:05:15.015000,False,0 days 00:05:15.015000,315.015,5.250249999999999,0.0875041666666666,1,165,11.887608069164266,5759.074583333336,72.77042004172924
downtime_386,2022-09-15,15:23:47.289000,15:29:02.292000,00:05:15.003000,False,0 days 00:05:15.003000,315.003,5.25005,0.0875008333333333,1,166,11.959654178674352,5764.324633333335,72.83675853730034
downtime_030,2022-07-22,15:48:53.774000,15:53:53.793000,00:05:00.019000,False,0 days 00:05:00.019000,300.019,5.0003166666666665,0.0833386111111111,1,167,12.031700288184439,5769.324950000002,72.89994145651934
downtime_1232,2023-01-02,17:39:11.735000,17:44:11.753000,00:05:00.018000,False,0 days 00:05:00.018000,300.018,5.000299999999999,0.0833383333333333,1,168,12.103746397694524,5774.325250000002,72.96312416514196
downtime_999,2022-12-06,15:27:30.992000,15:32:31.010000,00:05:00.018000,False,0 days 00:05:00.018000,300.018,5.000299999999999,0.0833383333333333,1,169,12.17579250720461,5779.325550000001,73.02630687376457
downtime_1139,2022-12-21,15:07:08.071000,15:12:08.084000,00:05:00.013000,False,0 days 00:05:00.013000,300.013,5.000216666666666,0.0833369444444444,1,170,12.247838616714697,5784.325766666668,73.08948852940522
downtime_1314,2023-01-24,15:52:13.307000,15:57:13.320000,00:05:00.013000,False,0 days 00:05:00.013000,300.013,5.000216666666666,0.0833369444444444,1,171,12.319884726224783,5789.325983333334,73.15267018504586
downtime_1282,2023-01-16,16:46:36.427000,16:51:36.429000,00:05:00.002000,False,0 days 00:05:00.002000,300.002,5.0000333333333336,0.0833338888888888,1,172,12.39193083573487,5794.326016666668,73.2158495241262
downtime_595,2022-10-10,16:25:27.470000,16:30:27.449000,00:04:59.979000,False,0 days 00:04:59.979000,299.979,4.99965,0.0833275,1,173,12.463976945244957,5799.3256666666675,73.27902401948948
downtime_1192,2022-12-27,16:59:19.802000,17:04:15.005000,00:04:55.203000,False,0 days 00:04:55.203000,295.203,4.92005,0.0820008333333333,1,174,12.536023054755043,5804.245716666667,73.34119270648
downtime_187,2022-09-02,15:38:52.040000,15:43:37.593000,00:04:45.553000,False,0 days 00:04:45.553000,285.553,4.759216666666666,0.0793202777777777,1,175,12.608069164265128,5809.004933333334,73.40132913827847
downtime_311,2022-09-12,15:45:02.324000,15:49:47.340000,00:04:45.016000,False,0 days 00:04:45.016000,285.016,4.750266666666667,0.0791711111111111,1,176,12.680115273775217,5813.7552000000005,73.46135247981393
downtime_1307,2023-01-20,17:48:54.339000,17:53:39.352000,00:04:45.013000,False,0 days 00:04:45.013000,285.013,4.750216666666666,0.0791702777777777,1,177,12.752161383285301,5818.505416666667,73.52137518956019
downtime_955,2022-11-28,16:49:11.778000,16:53:56.763000,00:04:44.985000,False,0 days 00:04:44.985000,284.985,4.749750000000001,0.0791625,1,178,12.82420749279539,5823.255166666667,73.58139200260746
downtime_1193,2022-12-28,11:17:49.068000,11:22:34.047000,00:04:44.979000,False,0 days 00:04:44.979000,284.979,4.74965,0.0791608333333333,1,179,12.896253602305475,5828.004816666667,73.64140755207636
downtime_1179,2022-12-26,16:21:52.255000,16:26:37.219000,00:04:44.964000,False,0 days 00:04:44.964000,284.964,4.7494,0.0791566666666666,1,180,12.968299711815561,5832.754216666666,73.70141994259939
downtime_1201,2022-12-28,12:25:04.241000,12:29:34.400000,00:04:30.159000,False,0 days 00:04:30.159000,270.159,4.50265,0.0750441666666666,1,181,13.04034582132565,5837.256866666667,73.75831445352465
downtime_1197,2022-12-28,11:41:34.107000,11:46:04.151000,00:04:30.044000,False,0 days 00:04:30.044000,270.044,4.500733333333333,0.0750122222222222,1,182,13.112391930835734,5841.7576,73.81518474586474
downtime_313,2022-09-12,16:18:14.697000,16:22:44.720000,00:04:30.023000,False,0 days 00:04:30.023000,270.023,4.500383333333334,0.0750063888888889,1,183,13.184438040345823,5846.257983333333,73.87205061568055
downtime_1005,2022-12-08,11:29:48.869000,11:34:18.887000,00:04:30.018000,False,0 days 00:04:30.018000,270.018,4.500299999999999,0.0750049999999999,1,184,13.256484149855908,5850.758283333333,73.9289154325144
downtime_147,2022-08-04,12:10:21.220000,12:14:51.237000,00:04:30.017000,False,0 days 00:04:30.017000,270.017,4.500283333333333,0.0750047222222222,1,185,13.328530259365994,5855.258566666666,73.98578003875188
downtime_1211,2022-12-30,11:00:43.695000,11:05:13.707000,00:04:30.012000,False,0 days 00:04:30.012000,270.012,4.5002,0.0750033333333333,1,186,13.400576368876079,5859.758766666667,74.0426435920074
downtime_997,2022-12-06,15:07:45.937000,15:12:15.948000,00:04:30.011000,False,0 days 00:04:30.011000,270.011,4.500183333333334,0.0750030555555555,1,187,13.472622478386167,5864.25895,74.09950693466651
downtime_1224,2022-12-30,15:53:12.241000,15:57:42.249000,00:04:30.008000,False,0 days 00:04:30.008000,270.008,4.500133333333333,0.0750022222222222,1,188,13.544668587896252,5868.759083333333,74.15636964553643
downtime_1187,2022-12-27,15:28:37.047000,15:33:07.050000,00:04:30.003000,False,0 days 00:04:30.003000,270.003,4.50005,0.0750008333333333,1,189,13.61671469740634,5873.259133333333,74.2132313034244
downtime_947,2022-11-23,17:08:58.849000,17:13:28.851000,00:04:30.002000,False,0 days 00:04:30.002000,270.002,4.5000333333333336,0.0750005555555555,1,190,13.688760806916425,5877.759166666667,74.27009275071597
downtime_1246,2023-01-11,17:10:50.120000,17:15:20.115000,00:04:29.995000,False,0 days 00:04:29.995000,269.995,4.499916666666667,0.0749986111111111,1,191,13.760806916426512,5882.259083333333,74.32695272383279
downtime_1165,2022-12-23,11:01:50.124000,11:06:20.110000,00:04:29.986000,False,0 days 00:04:29.986000,269.986,4.499766666666667,0.0749961111111111,1,192,13.8328530259366,5886.75885,74.38381080158209
downtime_188,2022-09-02,15:44:22.595000,15:48:52.581000,00:04:29.986000,False,0 days 00:04:29.986000,269.986,4.499766666666667,0.0749961111111111,1,193,13.904899135446685,5891.258616666667,74.44066887933137
downtime_1368,2023-02-07,16:00:46.253000,16:05:16.204000,00:04:29.951000,False,0 days 00:04:29.951000,269.951,4.499183333333334,0.0749863888888889,1,194,13.976945244956774,5895.7578,74.4975195862069
downtime_1342,2023-01-31,15:02:00.323000,15:06:15.394000,00:04:15.071000,False,0 days 00:04:15.071000,255.071,4.2511833333333335,0.0708530555555555,1,195,14.048991354466859,5900.008983333334,74.55123661875523
downtime_116,2022-07-26,17:42:00.559000,17:46:15.599000,00:04:15.040000,False,0 days 00:04:15.040000,255.04,4.250666666666667,0.0708444444444444,1,196,14.121037463976945,5904.259650000001,74.60494712281536
downtime_1360,2023-02-07,14:26:00.930000,14:30:15.954000,00:04:15.024000,False,0 days 00:04:15.024000,255.024,4.2504,0.07084,1,197,14.19308357348703,5908.510050000001,74.6586542573332
downtime_1365,2023-02-07,14:49:00.991000,14:53:16.006000,00:04:15.015000,False,0 days 00:04:15.015000,255.015,4.250249999999999,0.0708375,1,198,14.265129682997118,5912.760300000001,74.71235949648349
downtime_1087,2022-12-20,11:40:31.933000,11:44:46.947000,00:04:15.014000,False,0 days 00:04:15.014000,255.014,4.250233333333333,0.0708372222222222,1,199,14.337175792507203,5917.010533333334,74.76606452503741
downtime_954,2022-11-28,16:37:11.716000,16:41:26.727000,00:04:15.011000,False,0 days 00:04:15.011000,255.011,4.250183333333333,0.0708363888888889,1,200,14.409221902017292,5921.260716666668,74.81976892180214
downtime_1377,2023-02-10,11:44:01.265000,11:48:16.275000,00:04:15.010000,False,0 days 00:04:15.010000,255.01,4.250166666666667,0.0708361111111111,1,201,14.481268011527376,5925.510883333334,74.87347310797048
downtime_1169,2022-12-23,11:39:35.232000,11:43:50.218000,00:04:14.986000,False,0 days 00:04:14.986000,254.986,4.249766666666667,0.0708294444444444,1,202,14.553314121037463,5929.760650000001,74.9271722398254
downtime_1026,2022-12-13,10:51:39.478000,10:55:39.546000,00:04:00.068000,False,0 days 00:04:00.068000,240.068,4.001133333333334,0.0666855555555555,1,203,14.625360230547551,5933.761783333334,74.97772969469015
downtime_1219,2022-12-30,14:33:27.011000,14:37:27.077000,00:04:00.066000,False,0 days 00:04:00.066000,240.066,4.0011,0.066685,1,204,14.697406340057636,5937.762883333335,75.02828672836213
downtime_031,2022-07-22,15:58:08.773000,16:02:08.797000,00:04:00.024000,False,0 days 00:04:00.024000,240.024,4.0004,0.0666733333333333,1,205,14.769452449567725,5941.763283333335,75.07883491698558
downtime_138,2022-08-04,10:33:35.947000,10:37:35.963000,00:04:00.016000,False,0 days 00:04:00.016000,240.016,4.000266666666667,0.0666711111111111,1,206,14.84149855907781,5945.7635500000015,75.12938142083792
downtime_1301,2023-01-20,16:28:09.114000,16:32:09.127000,00:04:00.013000,False,0 days 00:04:00.013000,240.013,4.000216666666667,0.0666702777777777,1,207,14.913544668587896,5949.763766666668,75.17992729290106
downtime_499,2022-09-28,17:54:44.079000,17:58:44.090000,00:04:00.011000,False,0 days 00:04:00.011000,240.011,4.000183333333333,0.0666697222222222,1,208,14.985590778097983,5953.763950000001,75.2304727437714
downtime_1311,2023-01-24,15:34:28.256000,15:38:28.267000,00:04:00.011000,False,0 days 00:04:00.011000,240.011,4.000183333333333,0.0666697222222222,1,209,15.05763688760807,5957.764133333335,75.28101819464177
downtime_1275,2023-01-16,15:09:51.141000,15:13:51.151000,00:04:00.010000,False,0 days 00:04:00.010000,240.01,4.000166666666667,0.0666694444444444,1,210,15.129682997118154,5961.764300000002,75.33156343491572
downtime_1080,2022-12-19,15:50:36.825000,15:54:36.834000,00:04:00.009000,False,0 days 00:04:00.009000,240.009,4.00015,0.0666691666666666,1,211,15.201729106628243,5965.7644500000015,75.3821084645933
downtime_057,2022-07-22,18:06:39.125000,18:10:39.133000,00:04:00.008000,False,0 days 00:04:00.008000,240.008,4.000133333333333,0.0666688888888888,1,212,15.273775216138327,5969.7645833333345,75.43265328367447
downtime_1215,2022-12-30,11:53:58.844000,11:57:58.852000,00:04:00.008000,False,0 days 00:04:00.008000,240.008,4.000133333333333,0.0666688888888888,1,213,15.345821325648416,5973.7647166666675,75.48319810275565
downtime_896,2022-11-14,15:53:53.645000,15:57:53.652000,00:04:00.007000,False,0 days 00:04:00.007000,240.007,4.000116666666667,0.0666686111111111,1,214,15.417867435158502,5977.7648333333345,75.53374271124044
downtime_037,2022-07-22,16:25:38.850000,16:29:38.856000,00:04:00.006000,False,0 days 00:04:00.006000,240.006,4.0001,0.0666683333333333,1,215,15.489913544668587,5981.764933333335,75.58428710912882
downtime_551,2022-10-07,16:17:09.467000,16:21:09.466000,00:03:59.999000,False,0 days 00:03:59.999000,239.999,3.999983333333333,0.0666663888888888,1,216,15.561959654178676,5985.764916666668,75.63483003284246
downtime_055,2022-07-22,17:51:24.094000,17:55:24.092000,00:03:59.998000,False,0 days 00:03:59.998000,239.998,3.9999666666666656,0.0666661111111111,1,217,15.63400576368876,5989.764883333334,75.68537274595971
downtime_1234,2023-01-02,17:53:56.809000,17:57:56.794000,00:03:59.985000,False,0 days 00:03:59.985000,239.985,3.99975,0.0666625,1,218,15.706051873198849,5993.764633333334,75.73591272132386
downtime_895,2022-11-14,15:48:23.668000,15:52:23.628000,00:03:59.960000,False,0 days 00:03:59.960000,239.96,3.999333333333333,0.0666555555555555,1,219,15.778097982708934,5997.763966666667,75.78644743177816
downtime_1158,2022-12-22,16:51:16.495000,16:55:16.373000,00:03:59.878000,False,0 days 00:03:59.878000,239.878,3.997966666666666,0.0666327777777777,1,220,15.85014409221902,6001.761933333334,75.83696487332826
downtime_715,2022-10-24,17:17:44.805000,17:21:29.987000,00:03:45.182000,False,0 days 00:03:45.182000,225.182,3.753033333333333,0.0625505555555555,1,221,15.922190201729105,6005.5149666666675,75.88438739028743
downtime_061,2022-07-22,18:29:39.189000,18:33:24.252000,00:03:45.063000,False,0 days 00:03:45.063000,225.063,3.75105,0.0625175,1,222,15.994236311239193,6009.266016666667,75.93178484627585
downtime_1056,2022-12-16,16:38:02.079000,16:41:47.119000,00:03:45.040000,False,0 days 00:03:45.040000,225.04,3.7506666666666666,0.0625111111111111,1,223,16.06628242074928,6013.016683333334,75.97917745854723
downtime_198,2022-09-02,16:15:22.652000,16:19:07.688000,00:03:45.036000,False,0 days 00:03:45.036000,225.036,3.7506,0.06251,1,224,16.138328530259365,6016.7672833333345,76.02656922843303
downtime_056,2022-07-22,17:59:09.104000,18:02:54.137000,00:03:45.033000,False,0 days 00:03:45.033000,225.033,3.75055,0.0625091666666666,1,225,16.210374639769455,6020.517833333334,76.07396036652965
downtime_1000,2022-12-06,15:39:01.019000,15:42:46.050000,00:03:45.031000,False,0 days 00:03:45.031000,225.031,3.750516666666667,0.0625086111111111,1,226,16.282420749279538,6024.268350000001,76.12135108343348
downtime_1257,2023-01-13,16:01:54.805000,16:05:39.823000,00:03:45.018000,True,0 days 00:03:45.018000,225.018,3.7503,0.062505,1,227,16.354466858789625,6028.018650000001,76.16873906258421
downtime_974,2022-12-02,14:23:36.701000,14:27:21.715000,00:03:45.014000,False,0 days 00:03:45.014000,225.014,3.7502333333333335,0.0625038888888888,1,228,16.42651296829971,6031.768883333334,76.21612619934936
downtime_1347,2023-01-31,16:08:30.482000,16:12:15.493000,00:03:45.011000,False,0 days 00:03:45.011000,225.011,3.750183333333333,0.0625030555555555,1,229,16.498559077809798,6035.519066666668,76.26351270432535
downtime_049,2022-07-22,17:22:09.002000,17:25:54.013000,00:03:45.011000,False,0 days 00:03:45.011000,225.011,3.750183333333333,0.0625030555555555,1,230,16.570605187319885,6039.269250000001,76.31089920930133
downtime_1242,2023-01-11,16:04:19.913000,16:08:04.924000,00:03:45.011000,False,0 days 00:03:45.011000,225.011,3.750183333333333,0.0625030555555555,1,231,16.64265129682997,6043.019433333335,76.35828571427732
downtime_1297,2023-01-20,16:04:24.052000,16:08:09.062000,00:03:45.010000,False,0 days 00:03:45.010000,225.01,3.7501666666666655,0.0625027777777777,1,232,16.714697406340058,6046.769600000001,76.4056720086569
downtime_1358,2023-02-07,14:12:00.889000,14:15:45.897000,00:03:45.008000,False,0 days 00:03:45.008000,225.008,3.750133333333333,0.0625022222222222,1,233,16.786743515850144,6050.519733333334,76.4530578818437
downtime_1300,2023-01-20,16:20:24.097000,16:24:09.105000,00:03:45.008000,False,0 days 00:03:45.008000,225.008,3.750133333333333,0.0625022222222222,1,234,16.85878962536023,6054.269866666667,76.50044375503049
downtime_074,2022-07-26,13:18:59.822000,13:22:44.827000,00:03:45.005000,False,0 days 00:03:45.005000,225.005,3.750083333333333,0.0625013888888888,1,235,16.930835734870318,6058.019950000001,76.54782899642811
downtime_391,2022-09-15,16:13:17.437000,16:17:02.441000,00:03:45.004000,False,0 days 00:03:45.004000,225.004,3.750066666666666,0.0625011111111111,1,236,17.002881844380404,6061.770016666667,76.59521402722935
downtime_1138,2022-12-21,15:02:23.062000,15:06:08.063000,00:03:45.001000,False,0 days 00:03:45.001000,225.001,3.7500166666666663,0.0625002777777777,1,237,17.07492795389049,6065.520033333334,76.64259842624139
downtime_1371,2023-02-07,16:15:16.247000,16:19:01.248000,00:03:45.001000,False,0 days 00:03:45.001000,225.001,3.7500166666666663,0.0625002777777777,1,238,17.146974063400577,6069.270050000001,76.68998282525344
downtime_1163,2022-12-23,10:35:50.043000,10:39:35.042000,00:03:44.999000,False,0 days 00:03:44.999000,224.999,3.749983333333333,0.0624997222222222,1,239,17.219020172910664,6073.020033333334,76.7373668030727
downtime_058,2022-07-22,18:14:24.160000,18:18:09.157000,00:03:44.997000,False,0 days 00:03:44.997000,224.997,3.74995,0.0624991666666666,1,240,17.29106628242075,6076.7699833333345,76.78475035969919
downtime_1093,2022-12-20,14:43:11.835000,14:46:56.828000,00:03:44.993000,False,0 days 00:03:44.993000,224.993,3.7498833333333335,0.0624980555555555,1,241,17.363112391930834,6080.519866666667,76.83213307394008
downtime_1319,2023-01-27,11:08:02.447000,11:11:47.438000,00:03:44.991000,False,0 days 00:03:44.991000,224.991,3.74985,0.0624975,1,242,17.435158501440924,6084.269716666668,76.8795153669882
downtime_588,2022-10-10,15:58:27.425000,16:02:12.378000,00:03:44.953000,False,0 days 00:03:44.953000,224.953,3.749216666666667,0.0624869444444444,1,243,17.507204610951007,6088.018933333335,76.9268896573734
downtime_1132,2022-12-21,11:53:31.195000,11:57:01.801000,00:03:30.606000,False,0 days 00:03:30.606000,210.606,3.5101,0.0585016666666666,1,244,17.579250720461097,6091.529033333335,76.97124252130881
downtime_894,2022-11-14,15:42:08.607000,15:45:38.712000,00:03:30.105000,False,0 days 00:03:30.105000,210.105,3.50175,0.0583625,1,245,17.65129682997118,6095.030783333335,77.01548987645135
downtime_001,2022-07-22,11:58:03.777000,12:01:33.820000,00:03:30.043000,False,0 days 00:03:30.043000,210.043,3.500716666666667,0.0583452777777777,1,246,17.723342939481267,6098.531500000002,77.05972417461754
downtime_078,2022-07-26,13:38:14.871000,13:41:44.902000,00:03:30.031000,False,0 days 00:03:30.031000,210.031,3.500516666666667,0.0583419444444444,1,247,17.795389048991357,6102.032016666669,77.103955945627
downtime_006,2022-07-22,12:12:33.846000,12:16:03.870000,00:03:30.024000,False,0 days 00:03:30.024000,210.024,3.5004,0.05834,1,248,17.86743515850144,6105.532416666669,77.14818624246172
downtime_646,2022-10-13,13:50:33.828000,13:54:03.847000,00:03:30.019000,False,0 days 00:03:30.019000,210.019,3.500316666666667,0.0583386111111111,1,249,17.93948126801153,6109.032733333335,77.19241548631446
downtime_1382,2023-02-10,13:54:31.644000,13:58:01.659000,00:03:30.015000,False,0 days 00:03:30.015000,210.015,3.50025,0.0583374999999999,1,250,18.011527377521613,6112.532983333335,77.23664388778163
downtime_1298,2023-01-20,16:10:54.066000,16:14:24.080000,00:03:30.014000,False,0 days 00:03:30.014000,210.014,3.500233333333333,0.0583372222222222,1,251,18.0835734870317,6116.0332166666685,77.28087207865241
downtime_1373,2023-02-10,11:11:46.181000,11:15:16.193000,00:03:30.012000,False,0 days 00:03:30.012000,210.012,3.5002,0.0583366666666666,1,252,18.155619596541786,6119.533416666669,77.32509984833041
downtime_1098,2022-12-20,15:14:41.912000,15:18:11.923000,00:03:30.011000,False,0 days 00:03:30.011000,210.011,3.500183333333333,0.0583363888888888,1,253,18.227665706051873,6123.0336000000025,77.36932740741202
downtime_1029,2022-12-13,11:21:09.560000,11:24:39.570000,00:03:30.010000,False,0 days 00:03:30.010000,210.01,3.5001666666666664,0.0583361111111111,1,254,18.29971181556196,6126.533766666669,77.41355475589722
downtime_904,2022-11-15,14:17:06.148000,14:20:36.158000,00:03:30.010000,False,0 days 00:03:30.010000,210.01,3.5001666666666664,0.0583361111111111,1,255,18.371757925072046,6130.033933333336,77.45778210438243
downtime_1280,2023-01-16,16:13:36.320000,16:17:06.327000,00:03:30.007000,False,0 days 00:03:30.007000,210.007,3.5001166666666665,0.0583352777777777,1,256,18.443804034582133,6133.534050000003,77.50200882107846
downtime_067,2022-07-22,20:06:39.603000,20:10:09.610000,00:03:30.007000,False,0 days 00:03:30.007000,210.007,3.5001166666666665,0.0583352777777777,1,257,18.51585014409222,6137.03416666667,77.54623553777449
downtime_337,2022-09-15,10:59:16.544000,11:02:46.549000,00:03:30.005000,False,0 days 00:03:30.005000,210.005,3.500083333333333,0.0583347222222222,1,258,18.587896253602306,6140.534250000003,77.59046183327774
downtime_1267,2023-01-16,12:04:50.621000,12:08:20.624000,00:03:30.003000,False,0 days 00:03:30.003000,210.003,3.50005,0.0583341666666666,1,259,18.659942363112393,6144.034300000003,77.6346877075882
downtime_1028,2022-12-13,11:13:24.552000,11:16:54.547000,00:03:29.995000,False,0 days 00:03:29.995000,209.995,3.4999166666666666,0.0583319444444444,1,260,18.73198847262248,6147.53421666667,77.6789118971275
downtime_1294,2023-01-19,17:14:13.691000,17:17:43.686000,00:03:29.995000,False,0 days 00:03:29.995000,209.995,3.4999166666666666,0.0583319444444444,1,261,18.804034582132566,6151.034133333336,77.72313608666683
downtime_1160,2022-12-23,09:57:19.957000,10:00:49.951000,00:03:29.994000,False,0 days 00:03:29.994000,209.994,3.4999,0.0583316666666666,1,262,18.876080691642652,6154.534033333336,77.76736006560975
downtime_422,2022-09-20,11:55:10.455000,11:58:40.446000,00:03:29.991000,False,0 days 00:03:29.991000,209.991,3.4998500000000003,0.0583308333333333,1,263,18.948126801152736,6158.033883333336,77.81158341276348
downtime_1253,2023-01-13,15:18:39.698000,15:22:09.687000,00:03:29.989000,True,0 days 00:03:29.989000,209.989,3.499816666666667,0.0583302777777777,1,264,19.020172910662826,6161.533700000003,77.85580633872445
downtime_1104,2022-12-20,16:04:42.071000,16:08:12.058000,00:03:29.987000,False,0 days 00:03:29.987000,209.987,3.499783333333333,0.0583297222222222,1,265,19.09221902017291,6165.033483333336,77.90002884349262
downtime_592,2022-10-10,16:16:27.550000,16:19:57.441000,00:03:29.891000,False,0 days 00:03:29.891000,209.891,3.498183333333333,0.0583030555555555,1,266,19.164265129683,6168.5316666666695,77.94423113100706
downtime_664,2022-10-13,16:11:34.256000,16:14:49.486000,00:03:15.230000,False,0 days 00:03:15.230000,195.23,3.253833333333333,0.0542305555555555,1,267,19.236311239193082,6171.785500000003,77.98534586480434
downtime_547,2022-10-07,15:53:39.368000,15:56:54.441000,00:03:15.073000,False,0 days 00:03:15.073000,195.073,3.251216666666666,0.0541869444444444,1,268,19.30835734870317,6175.036716666669,78.02642753496794
downtime_1229,2023-01-02,17:22:41.701000,17:25:56.761000,00:03:15.060000,False,0 days 00:03:15.060000,195.06,3.251,0.0541833333333333,1,269,19.38040345821326,6178.287716666669,78.06750646737841
downtime_590,2022-10-10,16:07:12.385000,16:10:27.426000,00:03:15.041000,False,0 days 00:03:15.041000,195.041,3.2506833333333334,0.0541780555555555,1,270,19.45244956772334,6181.538400000003,78.10858139845743
downtime_1162,2022-12-23,10:24:50.002000,10:28:05.021000,00:03:15.019000,False,0 days 00:03:15.019000,195.019,3.250316666666667,0.0541719444444444,1,271,19.524495677233432,6184.78871666667,78.1496516964158
downtime_980,2022-12-05,11:54:04.952000,11:57:19.968000,00:03:15.016000,False,0 days 00:03:15.016000,195.016,3.250266666666666,0.0541711111111111,1,272,19.596541786743515,6188.038983333337,78.190721362585
downtime_1231,2023-01-02,17:33:26.721000,17:36:41.736000,00:03:15.015000,False,0 days 00:03:15.015000,195.015,3.25025,0.0541708333333333,1,273,19.6685878962536,6191.289233333337,78.23179081815779
downtime_1295,2023-01-20,15:56:39.038000,15:59:54.052000,00:03:15.014000,False,0 days 00:03:15.014000,195.014,3.250233333333333,0.0541705555555555,1,274,19.740634005763688,6194.53946666667,78.27286006313419
downtime_1335,2023-01-31,13:39:15.077000,13:42:30.090000,00:03:15.013000,False,0 days 00:03:15.013000,195.013,3.2502166666666668,0.0541702777777777,1,275,19.812680115273775,6197.789683333336,78.3139290975142
downtime_168,2022-09-02,14:34:51.841000,14:38:06.854000,00:03:15.013000,False,0 days 00:03:15.013000,195.013,3.2502166666666668,0.0541702777777777,1,276,19.88472622478386,6201.0399000000025,78.3549981318942
downtime_961,2022-12-02,12:09:51.321000,12:13:06.333000,00:03:15.012000,False,0 days 00:03:15.012000,195.012,3.2502,0.05417,1,277,19.956772334293948,6204.290100000003,78.39606695567782
downtime_1325,2023-01-27,11:56:47.545000,12:00:02.556000,00:03:15.011000,False,0 days 00:03:15.011000,195.011,3.250183333333333,0.0541697222222222,1,278,20.028818443804035,6207.540283333336,78.43713556886506
downtime_591,2022-10-10,16:11:42.396000,16:14:57.406000,00:03:15.010000,False,0 days 00:03:15.010000,195.01,3.2501666666666664,0.0541694444444444,1,279,20.10086455331412,6210.790450000003,78.47820397145588
downtime_506,2022-09-28,18:23:59.162000,18:27:14.172000,00:03:15.010000,False,0 days 00:03:15.010000,195.01,3.2501666666666664,0.0541694444444444,1,280,20.172910662824208,6214.04061666667,78.51927237404672
downtime_423,2022-09-20,11:59:40.446000,12:02:55.455000,00:03:15.009000,False,0 days 00:03:15.009000,195.009,3.25015,0.0541691666666666,1,281,20.244956772334294,6217.29076666667,78.56034056604115
downtime_504,2022-09-28,18:15:14.135000,18:18:29.143000,00:03:15.008000,False,0 days 00:03:15.008000,195.008,3.2501333333333333,0.0541688888888888,1,282,20.31700288184438,6220.540900000003,78.6014085474392
downtime_1122,2022-12-21,10:56:46.031000,11:00:01.039000,00:03:15.008000,False,0 days 00:03:15.008000,195.008,3.2501333333333333,0.0541688888888888,1,283,20.389048991354468,6223.791033333336,78.64247652883724
downtime_1308,2023-01-20,18:01:39.375000,18:04:54.382000,00:03:15.007000,False,0 days 00:03:15.007000,195.007,3.2501166666666665,0.0541686111111111,1,284,20.461095100864554,6227.041150000003,78.6835442996389
downtime_083,2022-07-26,14:03:59.950000,14:07:14.955000,00:03:15.005000,False,0 days 00:03:15.005000,195.005,3.250083333333333,0.0541680555555555,1,285,20.533141210374637,6230.291233333336,78.72461164924776
downtime_1147,2022-12-21,17:49:08.550000,17:52:23.543000,00:03:14.993000,False,0 days 00:03:14.993000,194.993,3.249883333333333,0.0541647222222222,1,286,20.605187319884728,6233.541116666669,78.7656764716999
downtime_139,2022-08-04,11:19:21.110000,11:22:36.082000,00:03:14.972000,False,0 days 00:03:14.972000,194.972,3.2495333333333334,0.0541588888888888,1,287,20.67723342939481,6236.790650000003,78.80673687162782
downtime_102,2022-07-26,16:32:45.649000,16:36:00.403000,00:03:14.754000,False,0 days 00:03:14.754000,194.754,3.2459,0.0540983333333333,1,288,20.7492795389049,6240.0365500000025,78.84775136154204
downtime_612,2022-10-11,11:55:32.336000,11:58:32.840000,00:03:00.504000,False,0 days 00:03:00.504000,180.504,3.0084,0.05014,1,289,20.821325648414984,6243.044950000002,78.88576485285662
downtime_614,2022-10-11,12:04:17.396000,12:07:17.621000,00:03:00.225000,False,0 days 00:03:00.225000,180.225,3.00375,0.0500624999999999,1,290,20.893371757925074,6246.048700000002,78.92371958777755
downtime_389,2022-09-15,15:42:17.330000,15:45:17.371000,00:03:00.041000,False,0 days 00:03:00.041000,180.041,3.0006833333333334,0.0500113888888888,1,291,20.965417867435157,6249.049383333336,78.9616355729622
downtime_952,2022-11-28,16:15:41.657000,16:18:41.695000,00:03:00.038000,False,0 days 00:03:00.038000,180.038,3.000633333333333,0.0500105555555555,1,292,21.037463976945244,6252.050016666669,78.99955092635766
downtime_1014,2022-12-08,16:24:04.713000,16:27:04.741000,00:03:00.028000,False,0 days 00:03:00.028000,180.028,3.0004666666666666,0.0500077777777777,1,293,21.109510086455334,6255.050483333335,79.03746417378917
downtime_990,2022-12-05,14:37:05.405000,14:40:05.430000,00:03:00.025000,False,0 days 00:03:00.025000,180.025,3.0004166666666667,0.0500069444444444,1,294,21.181556195965417,6258.050900000002,79.07537678943153
downtime_1235,2023-01-02,17:59:11.794000,18:02:11.808000,00:03:00.014000,False,0 days 00:03:00.014000,180.014,3.000233333333333,0.0500038888888888,1,295,21.253602305475503,6261.051133333335,79.11328708851354
downtime_1376,2023-02-10,11:40:16.261000,11:43:16.274000,00:03:00.013000,False,0 days 00:03:00.013000,180.013,3.0002166666666668,0.0500036111111111,1,296,21.32564841498559,6264.051350000002,79.15119717699918
downtime_028,2022-07-22,15:40:08.719000,15:43:08.731000,00:03:00.012000,False,0 days 00:03:00.012000,180.012,3.0002,0.0500033333333333,1,297,21.397694524495677,6267.051550000002,79.18910705488842
downtime_1385,2023-02-10,14:47:31.790000,14:50:31.801000,00:03:00.011000,False,0 days 00:03:00.011000,180.011,3.000183333333333,0.0500030555555555,1,298,21.469740634005763,6270.0517333333355,79.22701672218128
downtime_1031,2022-12-13,11:38:54.607000,11:41:54.617000,00:03:00.010000,False,0 days 00:03:00.010000,180.01,3.0001666666666664,0.0500027777777777,1,299,21.54178674351585,6273.051900000002,79.26492617887774
downtime_1313,2023-01-24,15:48:13.296000,15:51:13.306000,00:03:00.010000,False,0 days 00:03:00.010000,180.01,3.0001666666666664,0.0500027777777777,1,300,21.613832853025936,6276.052066666669,79.30283563557418
downtime_156,2022-09-02,11:52:50.907000,11:55:50.917000,00:03:00.010000,False,0 days 00:03:00.010000,180.01,3.0001666666666664,0.0500027777777777,1,301,21.685878962536023,6279.052233333336,79.34074509227065
downtime_1053,2022-12-13,16:54:55.499000,16:57:55.509000,00:03:00.010000,False,0 days 00:03:00.010000,180.01,3.0001666666666664,0.0500027777777777,1,302,21.75792507204611,6282.052400000002,79.37865454896709
downtime_1207,2022-12-28,14:42:19.623000,14:45:19.633000,00:03:00.010000,False,0 days 00:03:00.010000,180.01,3.0001666666666664,0.0500027777777777,1,303,21.829971181556196,6285.052566666669,79.41656400566355
downtime_1279,2023-01-16,15:59:06.280000,16:02:06.289000,00:03:00.009000,False,0 days 00:03:00.009000,180.009,3.00015,0.0500025,1,304,21.902017291066283,6288.052716666669,79.45447325176362
downtime_505,2022-09-28,18:19:44.148000,18:22:44.157000,00:03:00.009000,False,0 days 00:03:00.009000,180.009,3.00015,0.0500025,1,305,21.97406340057637,6291.052866666669,79.49238249786367
downtime_054,2022-07-22,17:44:39.063000,17:47:39.071000,00:03:00.008000,False,0 days 00:03:00.008000,180.008,3.0001333333333333,0.0500022222222222,1,306,22.046109510086456,6294.053000000002,79.53029153336733
downtime_107,2022-07-26,16:57:00.435000,17:00:00.443000,00:03:00.008000,False,0 days 00:03:00.008000,180.008,3.0001333333333333,0.0500022222222222,1,307,22.118155619596543,6297.053133333335,79.568200568871
downtime_500,2022-09-28,18:00:14.095000,18:03:14.102000,00:03:00.007000,False,0 days 00:03:00.007000,180.007,3.0001166666666665,0.0500019444444444,1,308,22.19020172910663,6300.053250000002,79.60610939377828
downtime_1255,2023-01-13,15:49:09.768000,15:52:09.775000,00:03:00.007000,True,0 days 00:03:00.007000,180.007,3.0001166666666665,0.0500019444444444,1,309,22.262247838616712,6303.053366666669,79.64401821868556
downtime_310,2022-09-12,15:41:02.315000,15:44:02.322000,00:03:00.007000,False,0 days 00:03:00.007000,180.007,3.0001166666666665,0.0500019444444444,1,310,22.334293948126803,6306.053483333336,79.68192704359285
downtime_1194,2022-12-28,11:25:34.060000,11:28:34.065000,00:03:00.005000,False,0 days 00:03:00.005000,180.005,3.000083333333333,0.0500013888888888,1,311,22.406340057636886,6309.053566666669,79.71983544730733
downtime_085,2022-07-26,14:14:59.977000,14:17:59.981000,00:03:00.004000,False,0 days 00:03:00.004000,180.004,3.0000666666666667,0.0500011111111111,1,312,22.478386167146976,6312.053633333336,79.75774364042543
downtime_1102,2022-12-20,15:50:57.021000,15:53:57.022000,00:03:00.001000,False,0 days 00:03:00.001000,180.001,3.0000166666666668,0.0500002777777777,1,313,22.55043227665706,6315.053650000003,79.79565120175435
downtime_976,2022-12-02,14:39:21.756000,14:42:21.757000,00:03:00.001000,False,0 days 00:03:00.001000,180.001,3.0000166666666668,0.0500002777777777,1,314,22.622478386167145,6318.053666666669,79.83355876308326
downtime_1285,2023-01-16,17:53:06.614000,17:56:06.614000,00:03:00,False,0 days 00:03:00,180.0,3.0,0.05,1,315,22.694524495677236,6321.053666666669,79.87146611381579
downtime_1116,2022-12-21,10:23:57.066000,10:26:57.063000,00:02:59.997000,False,0 days 00:02:59.997000,179.997,2.99995,0.0499991666666666,1,316,22.76657060518732,6324.05361666667,79.90937283275915
downtime_801,2022-11-03,11:28:10.440000,11:31:10.435000,00:02:59.995000,False,0 days 00:02:59.995000,179.995,2.9999166666666666,0.0499986111111111,1,317,22.83861671469741,6327.053533333336,79.94727913050971
downtime_1072,2022-12-19,14:39:36.641000,14:42:36.634000,00:02:59.993000,False,0 days 00:02:59.993000,179.993,2.999883333333333,0.0499980555555555,1,318,22.910662824207492,6330.053416666669,79.98518500706747
downtime_865,2022-11-03,16:52:03.105000,16:55:03.094000,00:02:59.989000,False,0 days 00:02:59.989000,179.989,2.999816666666667,0.0499969444444444,1,319,22.98270893371758,6333.053233333336,80.02309004123967
downtime_567,2022-10-07,17:27:24.673000,17:30:24.653000,00:02:59.980000,False,0 days 00:02:59.980000,179.98,2.9996666666666667,0.0499944444444444,1,320,23.054755043227665,6336.052900000002,80.06099318004433
downtime_160,2022-09-02,12:05:51.085000,12:08:50.952000,00:02:59.867000,False,0 days 00:02:59.867000,179.867,2.997783333333333,0.0499630555555555,1,321,23.12680115273775,6339.050683333336,80.0988725214566
downtime_1060,2022-12-16,17:20:47.418000,17:23:47.232000,00:02:59.814000,False,0 days 00:02:59.814000,179.814,2.9969,0.0499483333333333,1,322,23.19884726224784,6342.047583333336,80.13674070126004
downtime_1359,2023-02-07,14:19:00.906000,14:21:46.001000,00:02:45.095000,False,0 days 00:02:45.095000,165.095,2.751583333333333,0.0458597222222222,1,323,23.270893371757925,6344.799166666669,80.17150911275553
downtime_140,2022-08-04,11:25:36.111000,11:28:21.156000,00:02:45.045000,False,0 days 00:02:45.045000,165.045,2.75075,0.0458458333333333,1,324,23.34293948126801,6347.54991666667,80.20626699443135
downtime_655,2022-10-13,15:29:19.089000,15:32:04.127000,00:02:45.038000,False,0 days 00:02:45.038000,165.038,2.750633333333333,0.0458438888888888,1,325,23.414985590778098,6350.300550000003,80.24102340193244
downtime_108,2022-07-26,17:03:00.448000,17:05:45.483000,00:02:45.035000,False,0 days 00:02:45.035000,165.035,2.750583333333333,0.0458430555555555,1,326,23.487031700288185,6353.051133333336,80.27577917764434
downtime_1027,2022-12-13,11:03:24.507000,11:06:09.537000,00:02:45.030000,False,0 days 00:02:45.030000,165.03,2.7505,0.0458416666666666,1,327,23.55907780979827,6355.801633333336,80.31053390037427
downtime_129,2022-08-01,16:39:32.863000,16:42:17.883000,00:02:45.020000,False,0 days 00:02:45.020000,165.02,2.7503333333333333,0.0458388888888888,1,328,23.631123919308358,6358.55196666667,80.34528651714028
downtime_1008,2022-12-08,12:27:04.032000,12:29:49.049000,00:02:45.017000,False,0 days 00:02:45.017000,165.017,2.7502833333333334,0.0458380555555555,1,329,23.703170028818445,6361.302250000003,80.38003850211712
downtime_1061,2022-12-16,17:25:02.211000,17:27:47.228000,00:02:45.017000,False,0 days 00:02:45.017000,165.017,2.7502833333333334,0.0458380555555555,1,330,23.77521613832853,6364.052533333337,80.41479048709394
downtime_661,2022-10-13,15:58:19.167000,16:01:04.183000,00:02:45.016000,False,0 days 00:02:45.016000,165.016,2.750266666666666,0.0458377777777777,1,331,23.847262247838614,6366.802800000004,80.44954226147438
downtime_018,2022-07-22,13:01:03.973000,13:03:48.988000,00:02:45.015000,False,0 days 00:02:45.015000,165.015,2.75025,0.0458374999999999,1,332,23.919308357348704,6369.553050000004,80.48429382525842
downtime_589,2022-10-10,16:03:27.375000,16:06:12.386000,00:02:45.011000,False,0 days 00:02:45.011000,165.011,2.750183333333333,0.0458363888888888,1,333,23.991354466858787,6372.303233333338,80.5190445466569
downtime_914,2022-11-21,13:38:51.215000,13:41:36.225000,00:02:45.010000,False,0 days 00:02:45.010000,165.01,2.7501666666666664,0.0458361111111111,1,334,24.063400576368878,6375.053400000004,80.55379505745897
downtime_925,2022-11-21,17:04:36.793000,17:07:21.802000,00:02:45.009000,False,0 days 00:02:45.009000,165.009,2.75015,0.0458358333333333,1,335,24.13544668587896,6377.803550000004,80.58854535766467
downtime_033,2022-07-22,16:07:23.797000,16:10:08.805000,00:02:45.008000,False,0 days 00:02:45.008000,165.008,2.7501333333333333,0.0458355555555555,1,336,24.207492795389047,6380.553683333337,80.62329544727395
downtime_663,2022-10-13,16:06:04.192000,16:08:49.199000,00:02:45.007000,False,0 days 00:02:45.007000,165.007,2.7501166666666665,0.0458352777777777,1,337,24.279538904899137,6383.303800000004,80.65804532628685
downtime_1077,2022-12-19,15:11:21.708000,15:14:06.715000,00:02:45.007000,False,0 days 00:02:45.007000,165.007,2.7501166666666665,0.0458352777777777,1,338,24.35158501440922,6386.053916666671,80.69279520529976
downtime_987,2022-12-05,14:25:20.375000,14:28:05.381000,00:02:45.006000,False,0 days 00:02:45.006000,165.006,2.7501,0.045835,1,339,24.42363112391931,6388.8040166666715,80.72754487371625
downtime_991,2022-12-05,14:46:05.436000,14:48:50.441000,00:02:45.005000,False,0 days 00:02:45.005000,165.005,2.750083333333333,0.0458347222222222,1,340,24.495677233429394,6391.554100000005,80.76229433153638
downtime_087,2022-07-26,15:23:00.170000,15:25:45.173000,00:02:45.003000,False,0 days 00:02:45.003000,165.003,2.75005,0.0458341666666666,1,341,24.56772334293948,6394.3041500000045,80.7970433681637
downtime_291,2022-09-12,14:39:02.146000,14:41:47.148000,00:02:45.002000,False,0 days 00:02:45.002000,165.002,2.7500333333333336,0.0458338888888888,1,342,24.639769452449567,6397.054183333338,80.83179219419463
downtime_1113,2022-12-21,10:04:12.006000,10:06:57.007000,00:02:45.001000,False,0 days 00:02:45.001000,165.001,2.7500166666666668,0.0458336111111111,1,343,24.711815561959654,6399.804200000005,80.86654080962919
downtime_501,2022-09-28,18:04:14.115000,18:06:59.114000,00:02:44.999000,False,0 days 00:02:44.999000,164.999,2.749983333333333,0.0458330555555555,1,344,24.78386167146974,6402.554183333338,80.90128900387093
downtime_938,2022-11-23,15:42:13.622000,15:44:58.619000,00:02:44.997000,False,0 days 00:02:44.997000,164.997,2.74995,0.0458325,1,345,24.855907780979827,6405.3041333333385,80.9360367769199
downtime_080,2022-07-26,13:48:44.914000,13:51:29.911000,00:02:44.997000,False,0 days 00:02:44.997000,164.997,2.74995,0.0458325,1,346,24.927953890489913,6408.054083333339,80.97078454996888
downtime_081,2022-07-26,13:53:59.927000,13:56:44.923000,00:02:44.996000,False,0 days 00:02:44.996000,164.996,2.7499333333333333,0.0458322222222222,1,347,25.0,6410.804016666672,81.00553211242146
downtime_1130,2022-12-21,11:40:01.181000,11:42:46.177000,00:02:44.996000,False,0 days 00:02:44.996000,164.996,2.7499333333333333,0.0458322222222222,1,348,25.072046109510087,6413.553950000006,81.04027967487404
downtime_128,2022-08-01,16:34:02.863000,16:36:47.854000,00:02:44.991000,False,0 days 00:02:44.991000,164.991,2.7498500000000003,0.0458308333333333,1,349,25.144092219020177,6416.303800000006,81.07502618434465
downtime_1195,2022-12-28,11:31:34.091000,11:34:19.081000,00:02:44.990000,False,0 days 00:02:44.990000,164.99,2.7498333333333336,0.0458305555555555,1,350,25.216138328530256,6419.053633333339,81.10977248321886
downtime_935,2022-11-23,15:30:43.591000,15:33:28.579000,00:02:44.988000,False,0 days 00:02:44.988000,164.988,2.7498,0.04583,1,351,25.288184438040346,6421.803433333339,81.14451836090029
downtime_616,2022-10-11,12:12:17.404000,12:15:02.391000,00:02:44.987000,False,0 days 00:02:44.987000,164.987,2.749783333333333,0.0458297222222222,1,352,25.360230547550433,6424.553216666673,81.17926402798534
downtime_1332,2023-01-27,15:10:52.417000,15:13:37.399000,00:02:44.982000,False,0 days 00:02:44.982000,164.982,2.7497,0.0458283333333333,1,353,25.43227665706052,6427.302916666673,81.21400864208842
downtime_1214,2022-12-30,11:31:58.819000,11:34:43.792000,00:02:44.973000,False,0 days 00:02:44.973000,164.973,2.74955,0.0458258333333333,1,354,25.504322766570603,6430.052466666673,81.24875136082397
downtime_613,2022-10-11,12:00:02.383000,12:02:47.354000,00:02:44.971000,False,0 days 00:02:44.971000,164.971,2.7495166666666666,0.0458252777777777,1,355,25.57636887608069,6432.80198333334,81.28349365836671
downtime_519,2022-10-07,14:28:39.182000,14:31:24.136000,00:02:44.954000,False,0 days 00:02:44.954000,164.954,2.7492333333333336,0.0458205555555555,1,356,25.64841498559078,6435.551216666673,81.31823237577078
downtime_652,2022-10-13,15:15:04.259000,15:17:49.082000,00:02:44.823000,False,0 days 00:02:44.823000,164.823,2.74705,0.0457841666666666,1,357,25.720461095100866,6438.298266666673,81.35294350504738
downtime_1258,2023-01-13,16:06:39.823000,16:09:12.262000,00:02:32.439000,True,0 days 00:02:32.439000,152.439,2.54065,0.0423441666666666,1,358,25.79250720461095,6440.838916666673,81.38504660859357
downtime_946,2022-11-23,16:53:58.804000,16:56:29.045000,00:02:30.241000,False,0 days 00:02:30.241000,150.241,2.504016666666667,0.0417336111111111,1,359,25.864553314121036,6443.34293333334,81.41668682126804
downtime_653,2022-10-13,15:18:49.071000,15:21:19.127000,00:02:30.056000,False,0 days 00:02:30.056000,150.056,2.5009333333333337,0.0416822222222222,1,360,25.936599423631122,6445.843866666673,81.44828807360983
downtime_598,2022-10-11,11:06:17.204000,11:08:47.250000,00:02:30.046000,False,0 days 00:02:30.046000,150.046,2.5007666666666664,0.0416794444444444,1,361,26.008645533141213,6448.34463333334,81.47988721998767
downtime_1199,2022-12-28,12:12:34.190000,12:15:04.234000,00:02:30.044000,False,0 days 00:02:30.044000,150.044,2.5007333333333337,0.0416788888888888,1,362,26.0806916426513,6450.845366666674,81.51148594517275
downtime_566,2022-10-07,17:23:24.652000,17:25:54.685000,00:02:30.033000,False,0 days 00:02:30.033000,150.033,2.50055,0.0416758333333333,1,363,26.152737752161382,6453.3459166666735,81.54308235379747
downtime_1038,2022-12-13,14:04:25.020000,14:06:55.052000,00:02:30.032000,False,0 days 00:02:30.032000,150.032,2.5005333333333337,0.0416755555555555,1,364,26.22478386167147,6455.846450000006,81.57467855182581
downtime_1062,2022-12-19,11:05:21.005000,11:07:51.036000,00:02:30.031000,False,0 days 00:02:30.031000,150.031,2.500516666666667,0.0416752777777777,1,365,26.296829971181555,6458.346966666673,81.60627453925777
downtime_1065,2022-12-19,11:24:51.066000,11:27:21.082000,00:02:30.016000,False,0 days 00:02:30.016000,150.016,2.500266666666666,0.0416711111111111,1,366,26.368876080691646,6460.84723333334,81.63786736774384
downtime_606,2022-10-11,11:32:47.271000,11:35:17.284000,00:02:30.013000,False,0 days 00:02:30.013000,150.013,2.5002166666666668,0.0416702777777777,1,367,26.440922190201725,6463.347450000007,81.66945956444071
downtime_933,2022-11-23,15:09:28.502000,15:11:58.515000,00:02:30.013000,False,0 days 00:02:30.013000,150.013,2.5002166666666668,0.0416702777777777,1,368,26.512968299711815,6465.847666666673,81.70105176113759
downtime_1186,2022-12-27,15:23:52.022000,15:26:22.034000,00:02:30.012000,False,0 days 00:02:30.012000,150.012,2.5002,0.04167,1,369,26.585014409221902,6468.347866666673,81.73264374723807
downtime_1261,2023-01-13,16:16:09.844000,16:18:39.855000,00:02:30.011000,True,0 days 00:02:30.011000,150.011,2.500183333333333,0.0416697222222222,1,370,26.65706051873199,6470.848050000007,81.76423552274218
downtime_439,2022-09-20,14:34:40.878000,14:37:10.889000,00:02:30.011000,False,0 days 00:02:30.011000,150.011,2.500183333333333,0.0416697222222222,1,371,26.72910662824208,6473.34823333334,81.79582729824627
downtime_1185,2022-12-27,15:18:22.005000,15:20:52.015000,00:02:30.010000,False,0 days 00:02:30.010000,150.01,2.5001666666666664,0.0416694444444444,1,372,26.801152737752158,6475.848400000007,81.82741886315397
downtime_082,2022-07-26,13:58:59.928000,14:01:29.936000,00:02:30.008000,False,0 days 00:02:30.008000,150.008,2.5001333333333333,0.0416688888888888,1,373,26.87319884726225,6478.34853333334,81.85901000686889
downtime_094,2022-07-26,15:54:30.255000,15:57:00.263000,00:02:30.008000,False,0 days 00:02:30.008000,150.008,2.5001333333333333,0.0416688888888888,1,374,26.945244956772335,6480.848666666673,81.89060115058379
downtime_084,2022-07-26,14:09:59.961000,14:12:29.969000,00:02:30.008000,False,0 days 00:02:30.008000,150.008,2.5001333333333333,0.0416688888888888,1,375,27.01729106628242,6483.348800000006,81.9221922942987
downtime_259,2022-09-08,14:56:04.977000,14:58:34.984000,00:02:30.007000,False,0 days 00:02:30.007000,150.007,2.5001166666666665,0.0416686111111111,1,376,27.089337175792505,6485.848916666673,81.95378322741723
downtime_666,2022-10-13,16:19:19.229000,16:21:49.236000,00:02:30.007000,False,0 days 00:02:30.007000,150.007,2.5001166666666665,0.0416686111111111,1,377,27.16138328530259,6488.34903333334,81.98537416053576
downtime_195,2022-09-02,16:06:37.630000,16:09:07.636000,00:02:30.006000,False,0 days 00:02:30.006000,150.006,2.5001,0.0416683333333333,1,378,27.23342939481268,6490.84913333334,82.01696488305788
downtime_076,2022-07-26,13:29:14.846000,13:31:44.852000,00:02:30.006000,False,0 days 00:02:30.006000,150.006,2.5001,0.0416683333333333,1,379,27.305475504322768,6493.349233333341,82.04855560558002
downtime_253,2022-09-08,14:25:34.893000,14:28:04.899000,00:02:30.006000,False,0 days 00:02:30.006000,150.006,2.5001,0.0416683333333333,1,380,27.37752161383285,6495.849333333341,82.08014632810216
downtime_1016,2022-12-08,17:39:49.921000,17:42:19.927000,00:02:30.006000,False,0 days 00:02:30.006000,150.006,2.5001,0.0416683333333333,1,381,27.449567723342938,6498.349433333341,82.11173705062428
downtime_657,2022-10-13,15:37:04.131000,15:39:34.136000,00:02:30.005000,False,0 days 00:02:30.005000,150.005,2.500083333333333,0.0416680555555555,1,382,27.521613832853024,6500.849516666674,82.14332756255001
downtime_111,2022-07-26,17:18:00.493000,17:20:30.498000,00:02:30.005000,False,0 days 00:02:30.005000,150.005,2.500083333333333,0.0416680555555555,1,383,27.593659942363114,6503.349600000008,82.17491807447576
downtime_266,2022-09-08,15:29:20.072000,15:31:50.076000,00:02:30.004000,False,0 days 00:02:30.004000,150.004,2.5000666666666667,0.0416677777777777,1,384,27.6657060518732,6505.849666666674,82.2065083758051
downtime_1330,2023-01-27,14:28:52.280000,14:31:22.282000,00:02:30.002000,False,0 days 00:02:30.002000,150.002,2.5000333333333336,0.0416672222222222,1,385,27.737752161383284,6508.349700000008,82.23809825594165
downtime_610,2022-10-11,11:47:47.397000,11:50:17.395000,00:02:29.998000,False,0 days 00:02:29.998000,149.998,2.4999666666666664,0.0416661111111111,1,386,27.80979827089337,6510.849666666674,82.26968729369264
downtime_284,2022-09-12,14:14:47.084000,14:17:17.080000,00:02:29.996000,False,0 days 00:02:29.996000,149.996,2.4999333333333333,0.0416655555555555,1,387,27.881844380403457,6513.349600000008,82.30127591025084
downtime_1046,2022-12-13,16:04:25.375000,16:06:55.370000,00:02:29.995000,False,0 days 00:02:29.995000,149.995,2.4999166666666666,0.0416652777777777,1,388,27.953890489913547,6515.849516666674,82.33286431621264
downtime_436,2022-09-20,14:24:10.861000,14:26:40.856000,00:02:29.995000,False,0 days 00:02:29.995000,149.995,2.4999166666666666,0.0416652777777777,1,389,28.02593659942363,6518.349433333341,82.36445272217445
downtime_609,2022-10-11,11:44:02.317000,11:46:32.311000,00:02:29.994000,False,0 days 00:02:29.994000,149.994,2.4999,0.041665,1,390,28.097982708933717,6520.849333333341,82.39604091753986
downtime_027,2022-07-22,15:33:23.723000,15:35:53.715000,00:02:29.992000,False,0 days 00:02:29.992000,149.992,2.4998666666666667,0.0416644444444444,1,391,28.170028818443804,6523.349200000008,82.4276286917125
downtime_1251,2023-01-13,15:10:39.682000,15:13:09.667000,00:02:29.985000,True,0 days 00:02:29.985000,149.985,2.49975,0.0416625,1,392,28.24207492795389,6525.848950000008,82.45921499171035
downtime_051,2022-07-22,17:29:54.053000,17:32:24.033000,00:02:29.980000,False,0 days 00:02:29.980000,149.98,2.4996666666666667,0.0416611111111111,1,393,28.31412103746398,6528.348616666674,82.49080023872628
downtime_877,2022-11-08,18:16:24.463000,18:18:54.443000,00:02:29.980000,False,0 days 00:02:29.980000,149.98,2.4996666666666667,0.0416611111111111,1,394,28.38616714697406,6530.848283333341,82.52238548574219
downtime_427,2022-09-20,13:50:55.788000,13:53:25.762000,00:02:29.974000,False,0 days 00:02:29.974000,149.974,2.4995666666666665,0.0416594444444444,1,395,28.45821325648415,6533.347850000007,82.55396946917973
downtime_601,2022-10-11,11:16:47.306000,11:19:17.274000,00:02:29.968000,False,0 days 00:02:29.968000,149.968,2.4994666666666663,0.0416577777777777,1,396,28.530259365994237,6535.8473166666745,82.58555218903894
downtime_433,2022-09-20,14:12:25.890000,14:14:55.824000,00:02:29.934000,False,0 days 00:02:29.934000,149.934,2.4989,0.0416483333333333,1,397,28.602305475504323,6538.346216666674,82.61712774862076
downtime_1387,2023-02-10,15:04:01.959000,15:06:31.856000,00:02:29.897000,False,0 days 00:02:29.897000,149.897,2.498283333333333,0.0416380555555555,1,398,28.674351585014406,6540.844500000007,82.64869551613607
downtime_432,2022-09-20,14:08:40.957000,14:11:10.818000,00:02:29.861000,False,0 days 00:02:29.861000,149.861,2.4976833333333333,0.0416280555555555,1,399,28.746397694524497,6543.3421833333405,82.68025570218121
downtime_658,2022-10-13,15:40:49.396000,15:43:19.202000,00:02:29.806000,False,0 days 00:02:29.806000,149.806,2.496766666666667,0.0416127777777777,1,400,28.818443804034583,6545.838950000008,82.71180430542475
downtime_1240,2023-01-11,15:51:05.091000,15:53:34.881000,00:02:29.790000,False,0 days 00:02:29.790000,149.79,2.4965,0.0416083333333333,1,401,28.89048991354467,6548.335450000008,82.74334953912602
downtime_902,2022-11-15,11:44:06.047000,11:46:35.728000,00:02:29.681000,False,0 days 00:02:29.681000,149.681,2.4946833333333336,0.0415780555555555,1,402,28.962536023054753,6550.830133333341,82.77487181782043
downtime_135,2022-08-01,17:25:18.396000,17:27:48.026000,00:02:29.630000,False,0 days 00:02:29.630000,149.63,2.4938333333333333,0.0415638888888888,1,403,29.03458213256484,6553.323966666674,82.8063833560988
downtime_611,2022-10-11,11:51:49.079000,11:54:17.343000,00:02:28.264000,False,0 days 00:02:28.264000,148.264,2.4710666666666667,0.0411844444444444,1,404,29.106628242074926,6555.795033333341,82.8376072197044
downtime_979,2022-12-02,14:54:21.787000,14:56:37.021000,00:02:15.234000,False,0 days 00:02:15.234000,135.234,2.2539,0.037565,1,405,29.178674351585016,6558.048933333341,82.86608701230975
downtime_1124,2022-12-21,11:11:01.081000,11:13:16.136000,00:02:15.055000,False,0 days 00:02:15.055000,135.055,2.250916666666667,0.0375152777777777,1,406,29.250720461095103,6560.299850000008,82.89452910816075
downtime_608,2022-10-11,11:40:17.295000,11:42:32.347000,00:02:15.052000,False,0 days 00:02:15.052000,135.052,2.2508666666666666,0.0375144444444444,1,407,29.322766570605186,6562.550716666674,82.92297057222257
downtime_649,2022-10-13,15:03:49.030000,15:06:04.076000,00:02:15.046000,False,0 days 00:02:15.046000,135.046,2.2507666666666664,0.0375127777777777,1,408,29.394812680115272,6564.801483333341,82.95141077270604
downtime_401,2022-09-20,10:45:25.252000,10:47:40.298000,00:02:15.046000,False,0 days 00:02:15.046000,135.046,2.2507666666666664,0.0375127777777777,1,409,29.466858789625363,6567.052250000008,82.97985097318951
downtime_1380,2023-02-10,13:40:46.598000,13:43:01.644000,00:02:15.046000,False,0 days 00:02:15.046000,135.046,2.2507666666666664,0.0375127777777777,1,410,29.53890489913545,6569.303016666675,83.00829117367299
downtime_1217,2022-12-30,14:02:41.923000,14:04:56.959000,00:02:15.036000,False,0 days 00:02:15.036000,135.036,2.2506,0.03751,1,411,29.610951008645532,6571.553616666675,83.03672926819253
downtime_1353,2023-01-31,16:44:00.586000,16:46:15.615000,00:02:15.029000,False,0 days 00:02:15.029000,135.029,2.2504833333333334,0.0375080555555555,1,412,29.68299711815562,6573.8041000000085,83.06516588853732
downtime_502,2022-09-28,18:07:59.117000,18:10:14.144000,00:02:15.027000,False,0 days 00:02:15.027000,135.027,2.25045,0.0375075,1,413,29.755043227665706,6576.054550000008,83.09360208768932
downtime_016,2022-07-22,12:51:03.925000,12:53:18.951000,00:02:15.026000,False,0 days 00:02:15.026000,135.026,2.250433333333333,0.0375072222222222,1,414,29.827089337175792,6578.304983333342,83.12203807624495
downtime_170,2022-09-02,14:40:06.854000,14:42:21.878000,00:02:15.024000,False,0 days 00:02:15.024000,135.024,2.2504,0.0375066666666666,1,415,29.899135446685882,6580.5553833333415,83.15047364360775
downtime_396,2022-09-20,10:28:25.193000,10:30:40.217000,00:02:15.024000,False,0 days 00:02:15.024000,135.024,2.2504,0.0375066666666666,1,416,29.971181556195965,6582.805783333341,83.17890921097059
downtime_429,2022-09-20,13:58:10.782000,14:00:25.806000,00:02:15.024000,False,0 days 00:02:15.024000,135.024,2.2504,0.0375066666666666,1,417,30.043227665706052,6585.056183333341,83.20734477833341
downtime_399,2022-09-20,10:38:40.223000,10:40:55.246000,00:02:15.023000,False,0 days 00:02:15.023000,135.023,2.250383333333333,0.0375063888888888,1,418,30.11527377521614,6587.306566666674,83.23578013509983
downtime_1076,2022-12-19,15:07:51.714000,15:10:06.736000,00:02:15.022000,False,0 days 00:02:15.022000,135.022,2.2503666666666664,0.0375061111111111,1,419,30.18731988472623,6589.5569333333415,83.26421528126988
downtime_1366,2023-02-07,14:55:46.014000,14:58:01.033000,00:02:15.019000,False,0 days 00:02:15.019000,135.019,2.250316666666667,0.0375052777777777,1,420,30.25936599423631,6591.807250000008,83.29264979565075
downtime_1269,2023-01-16,12:15:35.645000,12:17:50.663000,00:02:15.018000,False,0 days 00:02:15.018000,135.018,2.2503,0.037505,1,421,30.3314121037464,6594.057550000008,83.32108409943521
downtime_113,2022-07-26,17:28:30.520000,17:30:45.537000,00:02:15.017000,False,0 days 00:02:15.017000,135.017,2.2502833333333334,0.0375047222222222,1,422,30.403458213256485,6596.3078333333415,83.34951819262328
downtime_398,2022-09-20,10:35:10.211000,10:37:25.227000,00:02:15.016000,False,0 days 00:02:15.016000,135.016,2.250266666666666,0.0375044444444444,1,423,30.47550432276657,6598.558100000008,83.37795207521496
downtime_437,2022-09-20,14:27:55.859000,14:30:10.874000,00:02:15.015000,False,0 days 00:02:15.015000,135.015,2.25025,0.0375041666666666,1,424,30.547550432276655,6600.808350000008,83.40638574721025
downtime_1161,2022-12-23,10:21:34.985000,10:23:49.997000,00:02:15.012000,False,0 days 00:02:15.012000,135.012,2.2502,0.0375033333333333,1,425,30.61959654178674,6603.058550000009,83.43481878741636
downtime_1106,2022-12-20,16:37:12.135000,16:39:27.147000,00:02:15.012000,False,0 days 00:02:15.012000,135.012,2.2502,0.0375033333333333,1,426,30.69164265129683,6605.308750000009,83.46325182762249
downtime_008,2022-07-22,12:18:33.833000,12:20:48.845000,00:02:15.012000,False,0 days 00:02:15.012000,135.012,2.2502,0.0375033333333333,1,427,30.763688760806918,6607.55895000001,83.4916848678286
downtime_296,2022-09-12,14:57:02.186000,14:59:17.197000,00:02:15.011000,False,0 days 00:02:15.011000,135.011,2.250183333333333,0.0375030555555555,1,428,30.835734870317005,6609.809133333343,83.52011769743832
downtime_237,2022-09-06,17:03:13.789000,17:05:28.800000,00:02:15.011000,False,0 days 00:02:15.011000,135.011,2.250183333333333,0.0375030555555555,1,429,30.907780979827088,6612.059316666677,83.54855052704804
downtime_1238,2023-01-11,15:39:49.839000,15:42:04.849000,00:02:15.010000,False,0 days 00:02:15.010000,135.01,2.2501666666666664,0.0375027777777777,1,430,30.979827089337174,6614.309483333343,83.57698314606135
downtime_1073,2022-12-19,14:44:06.634000,14:46:21.643000,00:02:15.009000,False,0 days 00:02:15.009000,135.009,2.25015,0.0375024999999999,1,431,31.051873198847264,6616.559633333343,83.60541555447828
downtime_435,2022-09-20,14:20:40.839000,14:22:55.848000,00:02:15.009000,False,0 days 00:02:15.009000,135.009,2.25015,0.0375024999999999,1,432,31.12391930835735,6618.809783333343,83.63384796289522
downtime_660,2022-10-13,15:47:19.136000,15:49:34.145000,00:02:15.009000,False,0 days 00:02:15.009000,135.009,2.25015,0.0375024999999999,1,433,31.195965417867434,6621.059933333343,83.66228037131215
downtime_1274,2023-01-16,15:03:36.122000,15:05:51.131000,00:02:15.009000,False,0 days 00:02:15.009000,135.009,2.25015,0.0375024999999999,1,434,31.26801152737752,6623.310083333343,83.69071277972907
downtime_1233,2023-01-02,17:50:11.771000,17:52:26.780000,00:02:15.009000,False,0 days 00:02:15.009000,135.009,2.25015,0.0375024999999999,1,435,31.340057636887607,6625.560233333343,83.719145188146
downtime_411,2022-09-20,11:18:25.330000,11:20:40.338000,00:02:15.008000,False,0 days 00:02:15.008000,135.008,2.2501333333333333,0.0375022222222222,1,436,31.412103746397698,6627.810366666676,83.74757738596654
downtime_119,2022-07-26,18:07:00.632000,18:09:15.639000,00:02:15.007000,False,0 days 00:02:15.007000,135.007,2.2501166666666665,0.0375019444444444,1,437,31.484149855907784,6630.060483333343,83.77600937319069
downtime_1086,2022-12-19,16:43:36.973000,16:45:51.980000,00:02:15.007000,False,0 days 00:02:15.007000,135.007,2.2501166666666665,0.0375019444444444,1,438,31.556195965417867,6632.31060000001,83.80444136041484
downtime_1350,2023-01-31,16:35:45.560000,16:38:00.567000,00:02:15.007000,False,0 days 00:02:15.007000,135.007,2.2501166666666665,0.0375019444444444,1,439,31.628242074927954,6634.560716666677,83.83287334763898
downtime_405,2022-09-20,10:58:55.276000,11:01:10.283000,00:02:15.007000,False,0 days 00:02:15.007000,135.007,2.2501166666666665,0.0375019444444444,1,440,31.70028818443804,6636.810833333344,83.86130533486313
downtime_372,2022-09-15,14:35:17.142000,14:37:32.149000,00:02:15.007000,False,0 days 00:02:15.007000,135.007,2.2501166666666665,0.0375019444444444,1,441,31.77233429394813,6639.060950000011,83.88973732208729
downtime_920,2022-11-21,16:25:36.686000,16:27:51.692000,00:02:15.006000,False,0 days 00:02:15.006000,135.006,2.2501,0.0375016666666666,1,442,31.84438040345821,6641.311050000011,83.91816909871504
downtime_046,2022-07-22,17:10:38.972000,17:12:53.978000,00:02:15.006000,False,0 days 00:02:15.006000,135.006,2.2501,0.0375016666666666,1,443,31.9164265129683,6643.561150000011,83.9466008753428
downtime_412,2022-09-20,11:21:55.344000,11:24:10.349000,00:02:15.005000,False,0 days 00:02:15.005000,135.005,2.250083333333333,0.0375013888888888,1,444,31.988472622478387,6645.811233333345,83.97503244137415
downtime_440,2022-09-20,14:38:25.891000,14:40:40.896000,00:02:15.005000,False,0 days 00:02:15.005000,135.005,2.250083333333333,0.0375013888888888,1,445,32.06051873198847,6648.061316666678,84.00346400740551
downtime_404,2022-09-20,10:55:40.268000,10:57:55.273000,00:02:15.005000,False,0 days 00:02:15.005000,135.005,2.250083333333333,0.0375013888888888,1,446,32.13256484149856,6650.311400000011,84.03189557343687
downtime_425,2022-09-20,13:43:55.738000,13:46:10.743000,00:02:15.005000,False,0 days 00:02:15.005000,135.005,2.250083333333333,0.0375013888888888,1,447,32.20461095100865,6652.561483333345,84.06032713946823
downtime_989,2022-12-05,14:32:20.392000,14:34:35.397000,00:02:15.005000,False,0 days 00:02:15.005000,135.005,2.250083333333333,0.0375013888888888,1,448,32.27665706051873,6654.811566666678,84.08875870549959
downtime_977,2022-12-02,14:45:51.765000,14:48:06.770000,00:02:15.005000,False,0 days 00:02:15.005000,135.005,2.250083333333333,0.0375013888888888,1,449,32.34870317002882,6657.0616500000115,84.11719027153094
downtime_1094,2022-12-20,14:51:56.845000,14:54:11.849000,00:02:15.004000,False,0 days 00:02:15.004000,135.004,2.2500666666666667,0.0375011111111111,1,450,32.42074927953891,6659.311716666678,84.1456216269659
downtime_428,2022-09-20,13:54:40.770000,13:56:55.774000,00:02:15.004000,False,0 days 00:02:15.004000,135.004,2.2500666666666667,0.0375011111111111,1,451,32.49279538904899,6661.5617833333445,84.17405298240087
downtime_430,2022-09-20,14:01:40.790000,14:03:55.794000,00:02:15.004000,False,0 days 00:02:15.004000,135.004,2.2500666666666667,0.0375011111111111,1,452,32.564841498559076,6663.811850000011,84.20248433783584
downtime_928,2022-11-21,17:19:51.839000,17:22:06.843000,00:02:15.004000,False,0 days 00:02:15.004000,135.004,2.2500666666666667,0.0375011111111111,1,453,32.636887608069166,6666.0619166666775,84.2309156932708
downtime_719,2022-10-24,18:20:44.970000,18:22:59.974000,00:02:15.004000,False,0 days 00:02:15.004000,135.004,2.2500666666666667,0.0375011111111111,1,454,32.70893371757925,6668.311983333344,84.25934704870576
downtime_096,2022-07-26,16:04:30.293000,16:06:45.296000,00:02:15.003000,False,0 days 00:02:15.003000,135.003,2.25005,0.0375008333333333,1,455,32.78097982708933,6670.562033333344,84.28777819354433
downtime_1148,2022-12-22,10:58:30.288000,11:00:45.291000,00:02:15.003000,False,0 days 00:02:15.003000,135.003,2.25005,0.0375008333333333,1,456,32.85302593659942,6672.812083333343,84.31620933838289
downtime_1208,2022-12-28,14:49:19.641000,14:51:34.644000,00:02:15.003000,False,0 days 00:02:15.003000,135.003,2.25005,0.0375008333333333,1,457,32.92507204610951,6675.062133333343,84.34464048322147
downtime_662,2022-10-13,16:02:34.189000,16:04:49.190000,00:02:15.001000,False,0 days 00:02:15.001000,135.001,2.2500166666666668,0.0375002777777777,1,458,32.997118155619596,6677.31215000001,84.37307120686725
downtime_431,2022-09-20,14:05:10.812000,14:07:25.809000,00:02:14.997000,False,0 days 00:02:14.997000,134.997,2.24995,0.0374991666666666,1,459,33.069164265129686,6679.56210000001,84.40150108812747
downtime_1089,2022-12-20,11:54:31.989000,11:56:46.985000,00:02:14.996000,False,0 days 00:02:14.996000,134.996,2.2499333333333333,0.0374988888888888,1,460,33.14121037463977,6681.812033333344,84.4299307587913
downtime_615,2022-10-11,12:08:32.383000,12:10:47.377000,00:02:14.994000,False,0 days 00:02:14.994000,134.994,2.2499,0.0374983333333333,1,461,33.21325648414985,6684.061933333343,84.45836000826233
downtime_403,2022-09-20,10:52:10.282000,10:54:25.272000,00:02:14.990000,False,0 days 00:02:14.990000,134.99,2.2498333333333336,0.0374972222222222,1,462,33.28530259365994,6686.311766666677,84.4867884153478
downtime_418,2022-09-20,11:41:55.423000,11:44:10.408000,00:02:14.985000,False,0 days 00:02:14.985000,134.985,2.24975,0.0374958333333333,1,463,33.35734870317003,6688.561516666677,84.5152157694513
downtime_916,2022-11-21,13:47:36.261000,13:49:51.246000,00:02:14.985000,False,0 days 00:02:14.985000,134.985,2.24975,0.0374958333333333,1,464,33.429394812680115,6690.811266666677,84.5436431235548
downtime_594,2022-10-10,16:22:27.450000,16:24:42.434000,00:02:14.984000,False,0 days 00:02:14.984000,134.984,2.2497333333333334,0.0374955555555555,1,465,33.5014409221902,6693.06100000001,84.57207026706189
downtime_1033,2022-12-13,11:51:24.669000,11:53:39.650000,00:02:14.981000,False,0 days 00:02:14.981000,134.981,2.249683333333333,0.0374947222222222,1,466,33.57348703170029,6695.310683333343,84.60049677877983
downtime_777,2022-11-28,17:19:02.907000,17:21:17.782000,00:02:14.875000,False,0 days 00:02:14.875000,134.875,2.247916666666667,0.0374652777777777,1,467,33.64553314121038,6697.558600000009,84.6289009672801
downtime_656,2022-10-13,15:33:19.244000,15:35:34.105000,00:02:14.861000,False,0 days 00:02:14.861000,134.861,2.2476833333333333,0.0374613888888888,1,468,33.71757925072046,6699.806283333342,84.65730220743086
downtime_421,2022-09-20,11:51:55.616000,11:54:10.453000,00:02:14.837000,False,0 days 00:02:14.837000,134.837,2.2472833333333333,0.0374547222222222,1,469,33.789625360230545,6702.053566666676,84.68569839326821
downtime_1381,2023-02-10,13:47:46.856000,13:50:01.626000,00:02:14.770000,False,0 days 00:02:14.770000,134.77,2.246166666666667,0.0374361111111111,1,470,33.861671469740635,6704.299733333342,84.71408046914722
downtime_650,2022-10-13,15:08:04.480000,15:10:19.039000,00:02:14.559000,False,0 days 00:02:14.559000,134.559,2.24265,0.0373775,1,471,33.933717579250725,6706.5423833333425,84.74241810918733
downtime_293,2022-09-12,14:46:47.172000,14:48:47.992000,00:02:00.820000,False,0 days 00:02:00.820000,120.82,2.0136666666666665,0.0335611111111111,1,472,34.00576368876081,6708.556050000009,84.76786236538456
downtime_317,2022-09-12,16:33:14.754000,16:35:14.946000,00:02:00.192000,False,0 days 00:02:00.192000,120.192,2.0032,0.0333866666666666,1,473,34.07780979827089,6710.559250000009,84.79317436704703
downtime_910,2022-11-15,15:00:06.269000,15:02:06.348000,00:02:00.079000,False,0 days 00:02:00.079000,120.079,2.0013166666666664,0.0333552777777777,1,474,34.14985590778098,6712.560566666676,84.81846257131708
downtime_1364,2023-02-07,14:45:15.977000,14:47:16.051000,00:02:00.074000,False,0 days 00:02:00.074000,120.074,2.0012333333333334,0.0333538888888888,1,475,34.221902017291065,6714.5618000000095,84.84374972260518
downtime_052,2022-07-22,17:33:24.034000,17:35:24.079000,00:02:00.045000,False,0 days 00:02:00.045000,120.045,2.00075,0.0333458333333333,1,476,34.293948126801155,6716.56255000001,84.86903076659789
downtime_392,2022-09-20,10:15:40.174000,10:17:40.215000,00:02:00.041000,False,0 days 00:02:00.041000,120.041,2.0006833333333334,0.0333447222222222,1,477,34.36599423631124,6718.563233333343,84.89431096820502
downtime_299,2022-09-12,15:09:17.225000,15:11:17.265000,00:02:00.040000,False,0 days 00:02:00.040000,120.04,2.0006666666666666,0.0333444444444444,1,478,34.43804034582133,6720.56390000001,84.91959095921577
downtime_620,2022-10-11,12:28:02.450000,12:30:02.488000,00:02:00.038000,False,0 days 00:02:00.038000,120.038,2.000633333333333,0.0333438888888888,1,479,34.51008645533141,6722.564533333343,84.94487052903371
downtime_618,2022-10-11,12:19:32.404000,12:21:32.441000,00:02:00.037000,False,0 days 00:02:00.037000,120.037,2.0006166666666667,0.0333436111111111,1,480,34.5821325648415,6724.565150000009,84.97014988825525
downtime_1126,2022-12-21,11:18:16.093000,11:20:16.128000,00:02:00.035000,False,0 days 00:02:00.035000,120.035,2.000583333333333,0.0333430555555555,1,481,34.654178674351584,6726.565733333343,84.99542882628403
downtime_122,2022-08-01,14:38:51.025000,14:40:51.060000,00:02:00.035000,False,0 days 00:02:00.035000,120.035,2.000583333333333,0.0333430555555555,1,482,34.72622478386167,6728.566316666676,85.0207077643128
downtime_302,2022-09-12,15:17:02.245000,15:19:02.278000,00:02:00.033000,False,0 days 00:02:00.033000,120.033,2.00055,0.0333425,1,483,34.79827089337176,6730.566866666676,85.04598628114877
downtime_969,2022-12-02,13:52:06.612000,13:54:06.639000,00:02:00.027000,False,0 days 00:02:00.027000,120.027,2.00045,0.0333408333333333,1,484,34.87031700288185,6732.567316666676,85.0712635344064
downtime_420,2022-09-20,11:48:40.427000,11:50:40.450000,00:02:00.023000,False,0 days 00:02:00.023000,120.023,2.000383333333333,0.0333397222222222,1,485,34.94236311239193,6734.567700000009,85.09653994527845
downtime_1183,2022-12-27,12:17:51.483000,12:19:51.504000,00:02:00.021000,False,0 days 00:02:00.021000,120.021,2.00035,0.0333391666666666,1,486,35.014409221902014,6736.568050000009,85.12181593495772
downtime_276,2022-09-12,13:43:31.991000,13:45:32.009000,00:02:00.018000,False,0 days 00:02:00.018000,120.018,2.0003,0.0333383333333333,1,487,35.086455331412104,6738.568350000009,85.1470912928478
downtime_665,2022-10-13,16:16:19.221000,16:18:19.238000,00:02:00.017000,False,0 days 00:02:00.017000,120.017,2.0002833333333334,0.0333380555555555,1,488,35.158501440922194,6740.568633333342,85.17236644014152
downtime_231,2022-09-06,16:39:43.723000,16:41:43.740000,00:02:00.017000,False,0 days 00:02:00.017000,120.017,2.0002833333333334,0.0333380555555555,1,489,35.23054755043228,6742.568916666676,85.19764158743521
downtime_915,2022-11-21,13:44:06.241000,13:46:06.257000,00:02:00.016000,False,0 days 00:02:00.016000,120.016,2.000266666666666,0.0333377777777777,1,490,35.30259365994236,6744.569183333343,85.22291652413251
downtime_1338,2023-01-31,13:57:30.114000,13:59:30.129000,00:02:00.015000,False,0 days 00:02:00.015000,120.015,2.00025,0.0333375,1,491,35.37463976945245,6746.569433333343,85.24819125023345
downtime_605,2022-10-11,11:29:32.262000,11:31:32.277000,00:02:00.015000,False,0 days 00:02:00.015000,120.015,2.00025,0.0333375,1,492,35.44668587896253,6748.569683333343,85.27346597633435
downtime_1375,2023-02-10,11:36:01.240000,11:38:01.254000,00:02:00.014000,False,0 days 00:02:00.014000,120.014,2.000233333333333,0.0333372222222222,1,493,35.518731988472624,6750.569916666676,85.29874049183887
downtime_929,2022-11-21,17:25:06.853000,17:27:06.866000,00:02:00.013000,False,0 days 00:02:00.013000,120.013,2.0002166666666668,0.0333369444444444,1,494,35.590778097982714,6752.570133333343,85.32401479674698
downtime_960,2022-11-28,18:29:05.448000,18:31:05.461000,00:02:00.013000,False,0 days 00:02:00.013000,120.013,2.0002166666666668,0.0333369444444444,1,495,35.6628242074928,6754.570350000009,85.3492891016551
downtime_393,2022-09-20,10:19:10.168000,10:21:10.179000,00:02:00.011000,False,0 days 00:02:00.011000,120.011,2.000183333333333,0.0333363888888888,1,496,35.73487031700288,6756.570533333343,85.37456298537045
downtime_1388,2023-02-10,15:20:46.891000,15:22:46.902000,00:02:00.011000,False,0 days 00:02:00.011000,120.011,2.000183333333333,0.0333363888888888,1,497,35.80691642651297,6758.570716666676,85.39983686908579
downtime_695,2022-10-24,14:49:29.370000,14:51:29.381000,00:02:00.011000,False,0 days 00:02:00.011000,120.011,2.000183333333333,0.0333363888888888,1,498,35.87896253602306,6760.57090000001,85.42511075280113
downtime_983,2022-12-05,12:16:20.010000,12:18:20.021000,00:02:00.011000,False,0 days 00:02:00.011000,120.011,2.000183333333333,0.0333363888888888,1,499,35.951008645533136,6762.571083333343,85.45038463651647
downtime_1037,2022-12-13,13:59:40.003000,14:01:40.013000,00:02:00.010000,False,0 days 00:02:00.010000,120.01,2.000166666666667,0.0333361111111111,1,500,36.023054755043226,6764.57125000001,85.47565830963542
downtime_273,2022-09-08,15:50:20.130000,15:52:20.140000,00:02:00.010000,False,0 days 00:02:00.010000,120.01,2.000166666666667,0.0333361111111111,1,501,36.09510086455332,6766.571416666677,85.50093198275437
downtime_1259,2023-01-13,16:10:09.827000,16:12:09.837000,00:02:00.010000,True,0 days 00:02:00.010000,120.01,2.000166666666667,0.0333361111111111,1,502,36.1671469740634,6768.571583333343,85.52620565587331
downtime_970,2022-12-02,13:59:06.632000,14:01:06.641000,00:02:00.009000,False,0 days 00:02:00.009000,120.009,2.00015,0.0333358333333333,1,503,36.23919308357348,6770.571733333343,85.55147911839586
downtime_322,2022-09-12,16:45:59.777000,16:47:59.786000,00:02:00.009000,False,0 days 00:02:00.009000,120.009,2.00015,0.0333358333333333,1,504,36.31123919308357,6772.571883333343,85.57675258091841
downtime_1052,2022-12-13,16:48:55.480000,16:50:55.488000,00:02:00.008000,False,0 days 00:02:00.008000,120.008,2.0001333333333333,0.0333355555555555,1,505,36.38328530259366,6774.572016666676,85.60202583284457
downtime_559,2022-10-07,16:45:39.517000,16:47:39.524000,00:02:00.007000,False,0 days 00:02:00.007000,120.007,2.0001166666666665,0.0333352777777777,1,506,36.455331412103746,6776.572133333343,85.62729887417436
downtime_075,2022-07-26,13:24:44.840000,13:26:44.847000,00:02:00.007000,False,0 days 00:02:00.007000,120.007,2.0001166666666665,0.0333352777777777,1,507,36.527377521613836,6778.57225000001,85.65257191550411
downtime_303,2022-09-12,15:20:02.251000,15:22:02.258000,00:02:00.007000,False,0 days 00:02:00.007000,120.007,2.0001166666666665,0.0333352777777777,1,508,36.59942363112392,6780.572366666677,85.6778449568339
downtime_204,2022-09-02,16:34:52.708000,16:36:52.715000,00:02:00.007000,False,0 days 00:02:00.007000,120.007,2.0001166666666665,0.0333352777777777,1,509,36.671469740634,6782.572483333344,85.70311799816366
downtime_503,2022-09-28,18:12:14.129000,18:14:14.136000,00:02:00.007000,False,0 days 00:02:00.007000,120.007,2.0001166666666665,0.0333352777777777,1,510,36.74351585014409,6784.572600000011,85.72839103949343
downtime_410,2022-09-20,11:15:25.322000,11:17:25.328000,00:02:00.006000,False,0 days 00:02:00.006000,120.006,2.0001,0.033335,1,511,36.81556195965418,6786.5727000000115,85.75366387022682
downtime_1318,2023-01-24,16:22:58.395000,16:24:58.401000,00:02:00.006000,False,0 days 00:02:00.006000,120.006,2.0001,0.033335,1,512,36.887608069164266,6788.572800000012,85.77893670096019
downtime_419,2022-09-20,11:45:25.405000,11:47:25.411000,00:02:00.006000,False,0 days 00:02:00.006000,120.006,2.0001,0.033335,1,513,36.95965417867435,6790.572900000012,85.80420953169356
downtime_397,2022-09-20,10:31:55.202000,10:33:55.208000,00:02:00.006000,False,0 days 00:02:00.006000,120.006,2.0001,0.033335,1,514,37.03170028818444,6792.573000000012,85.82948236242694
downtime_1078,2022-12-19,15:15:21.718000,15:17:21.724000,00:02:00.006000,False,0 days 00:02:00.006000,120.006,2.0001,0.033335,1,515,37.10374639769453,6794.573100000012,85.85475519316033
downtime_553,2022-10-07,16:26:54.465000,16:28:54.471000,00:02:00.006000,False,0 days 00:02:00.006000,120.006,2.0001,0.033335,1,516,37.17579250720461,6796.573200000013,85.8800280238937
downtime_409,2022-09-20,11:12:10.312000,11:14:10.317000,00:02:00.005000,False,0 days 00:02:00.005000,120.005,2.000083333333333,0.0333347222222222,1,517,37.247838616714695,6798.573283333346,85.90530064403067
downtime_426,2022-09-20,13:47:40.748000,13:49:40.753000,00:02:00.005000,False,0 days 00:02:00.005000,120.005,2.000083333333333,0.0333347222222222,1,518,37.319884726224785,6800.573366666679,85.93057326416766
downtime_417,2022-09-20,11:38:40.389000,11:40:40.394000,00:02:00.005000,False,0 days 00:02:00.005000,120.005,2.000083333333333,0.0333347222222222,1,519,37.39193083573487,6802.573450000013,85.95584588430464
downtime_1032,2022-12-13,11:47:39.635000,11:49:39.640000,00:02:00.005000,False,0 days 00:02:00.005000,120.005,2.000083333333333,0.0333347222222222,1,520,37.46397694524496,6804.573533333346,85.98111850444162
downtime_408,2022-09-20,11:08:55.313000,11:10:55.318000,00:02:00.005000,False,0 days 00:02:00.005000,120.005,2.000083333333333,0.0333347222222222,1,521,37.53602305475504,6806.573616666679,86.00639112457861
downtime_1286,2023-01-16,18:00:51.624000,18:02:51.629000,00:02:00.005000,False,0 days 00:02:00.005000,120.005,2.000083333333333,0.0333347222222222,1,522,37.60806916426513,6808.573700000013,86.03166374471559
downtime_306,2022-09-12,15:29:47.283000,15:31:47.288000,00:02:00.005000,False,0 days 00:02:00.005000,120.005,2.000083333333333,0.0333347222222222,1,523,37.680115273775215,6810.573783333346,86.05693636485256
downtime_1306,2023-01-20,17:44:54.327000,17:46:54.332000,00:02:00.005000,False,0 days 00:02:00.005000,120.005,2.000083333333333,0.0333347222222222,1,524,37.752161383285305,6812.573866666679,86.08220898498955
downtime_1012,2022-12-08,14:50:19.447000,14:52:19.451000,00:02:00.004000,False,0 days 00:02:00.004000,120.004,2.0000666666666667,0.0333344444444444,1,525,37.82420749279539,6814.573933333346,86.10748139453014
downtime_063,2022-07-22,18:37:09.215000,18:39:09.219000,00:02:00.004000,False,0 days 00:02:00.004000,120.004,2.0000666666666667,0.0333344444444444,1,526,37.89625360230547,6816.574000000012,86.13275380407073
downtime_1386,2023-02-10,14:55:16.815000,14:57:16.819000,00:02:00.004000,False,0 days 00:02:00.004000,120.004,2.0000666666666667,0.0333344444444444,1,527,37.96829971181556,6818.574066666679,86.15802621361132
downtime_438,2022-09-20,14:31:25.871000,14:33:25.875000,00:02:00.004000,False,0 days 00:02:00.004000,120.004,2.0000666666666667,0.0333344444444444,1,528,38.04034582132565,6820.574133333345,86.1832986231519
downtime_1278,2023-01-16,15:47:21.245000,15:49:21.249000,00:02:00.004000,False,0 days 00:02:00.004000,120.004,2.0000666666666667,0.0333344444444444,1,529,38.112391930835734,6822.574200000012,86.20857103269248
downtime_1064,2022-12-19,11:21:21.053000,11:23:21.057000,00:02:00.004000,False,0 days 00:02:00.004000,120.004,2.0000666666666667,0.0333344444444444,1,530,38.18443804034582,6824.574266666678,86.23384344223307
downtime_1120,2022-12-21,10:49:12.122000,10:51:12.125000,00:02:00.003000,False,0 days 00:02:00.003000,120.003,2.00005,0.0333341666666666,1,531,38.25648414985591,6826.574316666678,86.25911564117726
downtime_936,2022-11-23,15:35:43.575000,15:37:43.578000,00:02:00.003000,False,0 days 00:02:00.003000,120.003,2.00005,0.0333341666666666,1,532,38.328530259366,6828.574366666678,86.28438784012145
downtime_600,2022-10-11,11:13:32.232000,11:15:32.235000,00:02:00.003000,False,0 days 00:02:00.003000,120.003,2.00005,0.0333341666666666,1,533,38.40057636887608,6830.574416666677,86.30966003906563
downtime_201,2022-09-02,16:26:22.688000,16:28:22.691000,00:02:00.003000,False,0 days 00:02:00.003000,120.003,2.00005,0.0333341666666666,1,534,38.472622478386164,6832.574466666677,86.33493223800983
downtime_413,2022-09-20,11:25:25.351000,11:27:25.354000,00:02:00.003000,False,0 days 00:02:00.003000,120.003,2.00005,0.0333341666666666,1,535,38.544668587896254,6834.574516666677,86.36020443695402
downtime_406,2022-09-20,11:02:25.289000,11:04:25.290000,00:02:00.001000,False,0 days 00:02:00.001000,120.001,2.0000166666666668,0.0333336111111111,1,536,38.61671469740634,6836.574533333343,86.38547621470543
downtime_022,2022-07-22,15:05:08.627000,15:07:08.628000,00:02:00.001000,False,0 days 00:02:00.001000,120.001,2.0000166666666668,0.0333336111111111,1,537,38.68876080691643,6838.57455000001,86.41074799245685
downtime_100,2022-07-26,16:25:30.352000,16:27:30.352000,00:02:00,False,0 days 00:02:00,120.0,2.0,0.0333333333333333,1,538,38.76080691642652,6840.57455000001,86.43601955961186
downtime_750,2022-10-26,17:35:31.203000,17:37:31.203000,00:02:00,False,0 days 00:02:00,120.0,2.0,0.0333333333333333,1,539,38.8328530259366,6842.57455000001,86.46129112676688
downtime_1057,2022-12-16,16:43:02.120000,16:45:02.119000,00:01:59.999000,False,0 days 00:01:59.999000,119.999,1.9999833333333328,0.0333330555555555,1,540,38.90489913544668,6844.574533333343,86.4865624833255
downtime_787,2022-11-28,17:48:47.845000,17:50:47.844000,00:01:59.999000,False,0 days 00:01:59.999000,119.999,1.9999833333333328,0.0333330555555555,1,541,38.976945244956774,6846.574516666677,86.51183383988412
downtime_065,2022-07-22,19:59:09.599000,20:01:09.598000,00:01:59.999000,False,0 days 00:01:59.999000,119.999,1.9999833333333328,0.0333330555555555,1,542,39.048991354466864,6848.57450000001,86.53710519644274
downtime_308,2022-09-12,15:35:32.308000,15:37:32.306000,00:01:59.998000,False,0 days 00:01:59.998000,119.998,1.999966666666667,0.0333327777777777,1,543,39.12103746397694,6850.574466666676,86.56237634240497
downtime_959,2022-11-28,18:23:20.467000,18:25:20.464000,00:01:59.997000,False,0 days 00:01:59.997000,119.997,1.99995,0.0333325,1,544,39.19308357348703,6852.574416666676,86.58764727777081
downtime_956,2022-11-28,17:40:20.314000,17:42:20.310000,00:01:59.996000,False,0 days 00:01:59.996000,119.996,1.9999333333333331,0.0333322222222222,1,545,39.26512968299712,6854.57435000001,86.61291800254027
downtime_286,2022-09-12,14:21:02.118000,14:23:02.112000,00:01:59.994000,False,0 days 00:01:59.994000,119.994,1.9999,0.0333316666666666,1,546,39.3371757925072,6856.57425000001,86.63818830611693
downtime_014,2022-07-22,12:41:33.913000,12:43:33.905000,00:01:59.992000,False,0 days 00:01:59.992000,119.992,1.999866666666667,0.0333311111111111,1,547,39.409221902017286,6858.574116666677,86.6634581885008
downtime_602,2022-10-11,11:20:17.255000,11:22:17.246000,00:01:59.991000,False,0 days 00:01:59.991000,119.991,1.99985,0.0333308333333333,1,548,39.481268011527376,6860.573966666677,86.68872786028828
downtime_394,2022-09-20,10:22:25.200000,10:24:25.182000,00:01:59.982000,False,0 days 00:01:59.982000,119.982,1.9997,0.0333283333333333,1,549,39.55331412103747,6862.573666666677,86.71399563670823
downtime_416,2022-09-20,11:35:25.410000,11:37:25.385000,00:01:59.975000,False,0 days 00:01:59.975000,119.975,1.9995833333333333,0.0333263888888888,1,550,39.62536023054755,6864.57325000001,86.73926193895342
downtime_415,2022-09-20,11:31:55.400000,11:33:55.374000,00:01:59.974000,False,0 days 00:01:59.974000,119.974,1.9995666666666667,0.0333261111111111,1,551,39.69740634005764,6866.572816666677,86.76452803060222
downtime_1249,2023-01-13,14:49:54.630000,14:51:54.603000,00:01:59.973000,True,0 days 00:01:59.973000,119.973,1.99955,0.0333258333333333,1,552,39.76945244956772,6868.572366666677,86.78979391165463
downtime_1112,2022-12-20,17:28:57.318000,17:30:57.291000,00:01:59.973000,False,0 days 00:01:59.973000,119.973,1.99955,0.0333258333333333,1,553,39.841498559077806,6870.571916666678,86.81505979270703
downtime_1230,2023-01-02,17:30:11.745000,17:32:11.716000,00:01:59.971000,False,0 days 00:01:59.971000,119.971,1.9995166666666668,0.0333252777777777,1,554,39.913544668587896,6872.571433333344,86.84032525256666
downtime_1287,2023-01-19,15:23:13.383000,15:25:13.353000,00:01:59.970000,False,0 days 00:01:59.970000,119.97,1.9995,0.033325,1,555,39.985590778097986,6874.570933333344,86.8655905018299
downtime_1114,2022-12-21,10:12:42.073000,10:14:42.043000,00:01:59.970000,False,0 days 00:01:59.970000,119.97,1.9995,0.033325,1,556,40.05763688760807,6876.570433333344,86.89085575109313
downtime_1176,2022-12-23,12:37:50.412000,12:39:50.382000,00:01:59.970000,False,0 days 00:01:59.970000,119.97,1.9995,0.033325,1,557,40.12968299711815,6878.569933333344,86.91612100035634
downtime_402,2022-09-20,10:48:55.287000,10:50:55.257000,00:01:59.970000,False,0 days 00:01:59.970000,119.97,1.9995,0.033325,1,558,40.20172910662824,6880.569433333344,86.94138624961957
downtime_060,2022-07-22,18:23:39.219000,18:25:39.185000,00:01:59.966000,False,0 days 00:01:59.966000,119.966,1.9994333333333327,0.0333238888888888,1,559,40.27377521613833,6882.568866666677,86.96665065649722
downtime_414,2022-09-20,11:28:40.415000,11:30:40.367000,00:01:59.952000,False,0 days 00:01:59.952000,119.952,1.9992,0.03332,1,560,40.345821325648416,6884.568066666678,86.99191211502539
downtime_810,2022-11-03,11:53:55.548000,11:55:55.500000,00:01:59.952000,False,0 days 00:01:59.952000,119.952,1.9992,0.03332,1,561,40.4178674351585,6886.567266666678,87.01717357355353
downtime_798,2022-10-31,18:17:39.183000,18:19:39.125000,00:01:59.942000,False,0 days 00:01:59.942000,119.942,1.9990333333333328,0.0333172222222222,1,562,40.48991354466859,6888.566300000011,87.04243292611777
downtime_1262,2023-01-13,16:21:24.962000,16:23:24.862000,00:01:59.900000,True,0 days 00:01:59.900000,119.9,1.9983333333333333,0.0333055555555555,1,563,40.56195965417867,6890.564633333344,87.06768343363348
downtime_1143,2022-12-21,16:59:23.564000,17:01:23.397000,00:01:59.833000,False,0 days 00:01:59.833000,119.833,1.9972166666666664,0.0332869444444444,1,564,40.63400576368876,6892.561850000011,87.09291983119087
downtime_373,2022-09-15,14:45:17.395000,14:47:17.215000,00:01:59.820000,False,0 days 00:01:59.820000,119.82,1.997,0.0332833333333333,1,565,40.706051873198845,6894.558850000011,87.11815349099517
downtime_323,2022-09-12,16:49:14.995000,16:51:14.802000,00:01:59.807000,False,0 days 00:01:59.807000,119.807,1.9967833333333331,0.0332797222222222,1,566,40.778097982708935,6896.555633333344,87.14338441304633
downtime_604,2022-10-11,11:26:17.489000,11:28:17.268000,00:01:59.779000,False,0 days 00:01:59.779000,119.779,1.9963166666666663,0.0332719444444444,1,567,40.85014409221902,6898.551950000011,87.16860943839852
downtime_407,2022-09-20,11:05:41.598000,11:07:40.340000,00:01:58.742000,False,0 days 00:01:58.742000,118.742,1.9790333333333332,0.0329838888888888,1,568,40.92219020172911,6900.530983333344,87.19361607529117
downtime_349,2022-09-15,11:56:16.698000,11:58:03.149000,00:01:46.451000,False,0 days 00:01:46.451000,106.451,1.7741833333333332,0.0295697222222222,1,569,40.99423631123919,6902.305166666677,87.21603427191799
downtime_307,2022-09-12,15:32:47.290000,15:34:32.538000,00:01:45.248000,False,0 days 00:01:45.248000,105.248,1.754133333333333,0.0292355555555555,1,570,41.066282420749275,6904.05930000001,87.2381991210841
downtime_763,2022-11-28,16:23:47.783000,16:25:32.963000,00:01:45.180000,False,0 days 00:01:45.180000,105.18,1.753,0.0292166666666666,1,571,41.138328530259365,6905.81230000001,87.26034964969546
downtime_1370,2023-02-07,16:10:31.220000,16:12:16.293000,00:01:45.073000,False,0 days 00:01:45.073000,105.073,1.7512166666666666,0.0291869444444444,1,572,41.210374639769455,6907.563516666676,87.28247764449279
downtime_754,2022-10-26,17:54:01.250000,17:55:46.296000,00:01:45.046000,False,0 days 00:01:45.046000,105.046,1.7507666666666668,0.0291794444444444,1,573,41.28242074927954,6909.314283333343,87.3045999531875
downtime_555,2022-10-07,16:33:24.485000,16:35:09.524000,00:01:45.039000,False,0 days 00:01:45.039000,105.039,1.75065,0.0291775,1,574,41.35446685878962,6911.064933333343,87.32672078770747
downtime_700,2022-10-24,15:45:14.527000,15:46:59.562000,00:01:45.035000,False,0 days 00:01:45.035000,105.035,1.7505833333333334,0.0291763888888888,1,575,41.42651296829971,6912.815516666677,87.34884077984186
downtime_005,2022-07-22,12:10:18.816000,12:12:03.851000,00:01:45.035000,False,0 days 00:01:45.035000,105.035,1.7505833333333334,0.0291763888888888,1,576,41.4985590778098,6914.56610000001,87.37096077197626
downtime_098,2022-07-26,16:16:00.320000,16:17:45.349000,00:01:45.029000,False,0 days 00:01:45.029000,105.029,1.7504833333333332,0.0291747222222222,1,577,41.570605187319885,6916.316583333343,87.3930795005323
downtime_095,2022-07-26,16:00:00.273000,16:01:45.302000,00:01:45.029000,False,0 days 00:01:45.029000,105.029,1.7504833333333332,0.0291747222222222,1,578,41.64265129682997,6918.0670666666765,87.41519822908832
downtime_110,2022-07-26,17:14:00.485000,17:15:45.510000,00:01:45.025000,False,0 days 00:01:45.025000,105.025,1.7504166666666667,0.0291736111111111,1,579,41.71469740634006,6919.817483333343,87.4373161152588
downtime_556,2022-10-07,16:36:24.492000,16:38:09.514000,00:01:45.022000,False,0 days 00:01:45.022000,105.022,1.7503666666666668,0.0291727777777777,1,580,41.78674351585015,6921.56785000001,87.45943336964008
downtime_295,2022-09-12,14:52:47.176000,14:54:32.198000,00:01:45.022000,False,0 days 00:01:45.022000,105.022,1.7503666666666668,0.0291727777777777,1,581,41.85878962536023,6923.3182166666775,87.48155062402137
downtime_822,2022-11-03,14:20:17.671000,14:22:02.693000,00:01:45.022000,False,0 days 00:01:45.022000,105.022,1.7503666666666668,0.0291727777777777,1,582,41.930835734870314,6925.068583333345,87.50366787840265
downtime_1075,2022-12-19,15:04:51.688000,15:06:36.708000,00:01:45.020000,False,0 days 00:01:45.020000,105.02,1.7503333333333333,0.0291722222222222,1,583,42.002881844380404,6926.818916666678,87.52578471159116
downtime_182,2022-09-02,15:20:51.962000,15:22:36.980000,00:01:45.018000,False,0 days 00:01:45.018000,105.018,1.7503,0.0291716666666666,1,584,42.07492795389049,6928.569216666678,87.54790112358687
downtime_066,2022-07-22,20:02:24.585000,20:04:09.601000,00:01:45.016000,False,0 days 00:01:45.016000,105.016,1.7502666666666669,0.0291711111111111,1,585,42.14697406340058,6930.319483333345,87.5700171143898
downtime_395,2022-09-20,10:25:25.202000,10:27:10.217000,00:01:45.015000,False,0 days 00:01:45.015000,105.015,1.75025,0.0291708333333333,1,586,42.21902017291067,6932.069733333345,87.59213289459633
downtime_1324,2023-01-27,11:50:02.536000,11:51:47.550000,00:01:45.014000,False,0 days 00:01:45.014000,105.014,1.7502333333333333,0.0291705555555555,1,587,42.29106628242075,6933.819966666678,87.61424846420647
downtime_1127,2022-12-21,11:27:31.128000,11:29:16.141000,00:01:45.013000,False,0 days 00:01:45.013000,105.013,1.7502166666666668,0.0291702777777777,1,588,42.363112391930834,6935.570183333344,87.63636382322022
downtime_780,2022-11-28,17:27:17.775000,17:29:02.786000,00:01:45.011000,False,0 days 00:01:45.011000,105.011,1.7501833333333332,0.0291697222222222,1,589,42.435158501440924,6937.320366666678,87.65847876104118
downtime_1202,2022-12-28,12:33:49.252000,12:35:34.263000,00:01:45.011000,False,0 days 00:01:45.011000,105.011,1.7501833333333332,0.0291697222222222,1,590,42.50720461095101,6939.070550000011,87.68059369886214
downtime_314,2022-09-12,16:25:14.718000,16:26:59.728000,00:01:45.010000,False,0 days 00:01:45.010000,105.01,1.7501666666666666,0.0291694444444444,1,591,42.57925072046109,6940.820716666678,87.70270842608672
downtime_1125,2022-12-21,11:15:01.084000,11:16:46.094000,00:01:45.010000,False,0 days 00:01:45.010000,105.01,1.7501666666666666,0.0291694444444444,1,592,42.65129682997118,6942.570883333345,87.72482315331128
downtime_1369,2023-02-07,16:07:01.212000,16:08:46.222000,00:01:45.010000,False,0 days 00:01:45.010000,105.01,1.7501666666666666,0.0291694444444444,1,593,42.72334293948127,6944.321050000011,87.74693788053585
downtime_1099,2022-12-20,15:28:11.946000,15:29:56.954000,00:01:45.008000,False,0 days 00:01:45.008000,105.008,1.750133333333333,0.0291688888888888,1,594,42.79538904899135,6946.071183333344,87.76905218656763
downtime_1296,2023-01-20,16:01:24.047000,16:03:09.055000,00:01:45.008000,False,0 days 00:01:45.008000,105.008,1.750133333333333,0.0291688888888888,1,595,42.86743515850144,6947.821316666677,87.79116649259942
downtime_1025,2022-12-13,10:44:54.451000,10:46:39.459000,00:01:45.008000,False,0 days 00:01:45.008000,105.008,1.750133333333333,0.0291688888888888,1,596,42.93948126801153,6949.57145000001,87.81328079863118
downtime_1336,2023-01-31,13:50:00.092000,13:51:45.100000,00:01:45.008000,False,0 days 00:01:45.008000,105.008,1.750133333333333,0.0291688888888888,1,597,43.01152737752162,6951.321583333343,87.83539510466298
downtime_1239,2023-01-11,15:45:49.859000,15:47:34.867000,00:01:45.008000,False,0 days 00:01:45.008000,105.008,1.750133333333333,0.0291688888888888,1,598,43.0835734870317,6953.071716666676,87.85750941069475
downtime_992,2022-12-05,14:54:20.453000,14:56:05.461000,00:01:45.008000,False,0 days 00:01:45.008000,105.008,1.750133333333333,0.0291688888888888,1,599,43.15561959654179,6954.821850000009,87.87962371672653
downtime_290,2022-09-12,14:31:47.121000,14:33:32.128000,00:01:45.007000,False,0 days 00:01:45.007000,105.007,1.7501166666666668,0.0291686111111111,1,600,43.22766570605187,6956.571966666676,87.90173781216193
downtime_1047,2022-12-13,16:12:10.376000,16:13:55.383000,00:01:45.007000,False,0 days 00:01:45.007000,105.007,1.7501166666666668,0.0291686111111111,1,601,43.299711815561956,6958.3220833333435,87.92385190759731
downtime_1071,2022-12-19,14:36:06.610000,14:37:51.617000,00:01:45.007000,False,0 days 00:01:45.007000,105.007,1.7501166666666668,0.0291686111111111,1,602,43.371757925072046,6960.0722000000105,87.94596600303272
downtime_1092,2022-12-20,14:33:56.792000,14:35:41.799000,00:01:45.007000,False,0 days 00:01:45.007000,105.007,1.7501166666666668,0.0291686111111111,1,603,43.443804034582136,6961.822316666678,87.9680800984681
downtime_326,2022-09-12,16:56:29.807000,16:58:14.814000,00:01:45.007000,False,0 days 00:01:45.007000,105.007,1.7501166666666668,0.0291686111111111,1,604,43.51585014409222,6963.572433333345,87.9901941939035
downtime_285,2022-09-12,14:18:17.084000,14:20:02.091000,00:01:45.007000,False,0 days 00:01:45.007000,105.007,1.7501166666666668,0.0291686111111111,1,605,43.5878962536023,6965.322550000012,88.0123082893389
downtime_531,2022-10-07,15:14:09.257000,15:15:54.264000,00:01:45.007000,False,0 days 00:01:45.007000,105.007,1.7501166666666668,0.0291686111111111,1,606,43.65994236311239,6967.072666666679,88.03442238477429
downtime_659,2022-10-13,15:44:19.159000,15:46:04.165000,00:01:45.006000,False,0 days 00:01:45.006000,105.006,1.7501,0.0291683333333333,1,607,43.73198847262248,6968.822766666679,88.05653626961329
downtime_533,2022-10-07,15:19:24.273000,15:21:09.279000,00:01:45.006000,False,0 days 00:01:45.006000,105.006,1.7501,0.0291683333333333,1,608,43.804034582132566,6970.572866666679,88.0786501544523
downtime_260,2022-09-08,15:00:34.990000,15:02:19.996000,00:01:45.006000,False,0 days 00:01:45.006000,105.006,1.7501,0.0291683333333333,1,609,43.87608069164265,6972.322966666679,88.10076403929129
downtime_560,2022-10-07,16:49:09.526000,16:50:54.532000,00:01:45.006000,False,0 days 00:01:45.006000,105.006,1.7501,0.0291683333333333,1,610,43.94812680115274,6974.07306666668,88.1228779241303
downtime_927,2022-11-21,17:15:06.823000,17:16:51.829000,00:01:45.006000,False,0 days 00:01:45.006000,105.006,1.7501,0.0291683333333333,1,611,44.02017291066282,6975.82316666668,88.1449918089693
downtime_202,2022-09-02,16:29:22.691000,16:31:07.696000,00:01:45.005000,False,0 days 00:01:45.005000,105.005,1.7500833333333332,0.0291680555555555,1,612,44.09221902017291,6977.573250000013,88.1671054832119
downtime_079,2022-07-26,13:44:29.888000,13:46:14.893000,00:01:45.005000,False,0 days 00:01:45.005000,105.005,1.7500833333333332,0.0291680555555555,1,613,44.164265129682995,6979.323333333346,88.1892191574545
downtime_1088,2022-12-20,11:46:31.950000,11:48:16.955000,00:01:45.005000,False,0 days 00:01:45.005000,105.005,1.7500833333333332,0.0291680555555555,1,614,44.236311239193085,6981.07341666668,88.2113328316971
downtime_316,2022-09-12,16:30:44.731000,16:32:29.736000,00:01:45.005000,False,0 days 00:01:45.005000,105.005,1.7500833333333332,0.0291680555555555,1,615,44.30835734870317,6982.823500000013,88.23344650593971
downtime_558,2022-10-07,16:42:39.507000,16:44:24.512000,00:01:45.005000,False,0 days 00:01:45.005000,105.005,1.7500833333333332,0.0291680555555555,1,616,44.38040345821326,6984.5735833333465,88.25556018018231
downtime_720,2022-10-24,18:25:44.995000,18:27:30,00:01:45.005000,False,0 days 00:01:45.005000,105.005,1.7500833333333332,0.0291680555555555,1,617,44.45244956772335,6986.32366666668,88.27767385442492
downtime_278,2022-09-12,13:48:16.998000,13:50:02.002000,00:01:45.004000,False,0 days 00:01:45.004000,105.004,1.7500666666666669,0.0291677777777777,1,618,44.524495677233425,6988.073733333346,88.29978731807114
downtime_133,2022-08-01,17:06:02.938000,17:07:47.942000,00:01:45.004000,False,0 days 00:01:45.004000,105.004,1.7500666666666669,0.0291677777777777,1,619,44.596541786743515,6989.823800000013,88.32190078171735
downtime_267,2022-09-08,15:33:05.082000,15:34:50.086000,00:01:45.004000,False,0 days 00:01:45.004000,105.004,1.7500666666666669,0.0291677777777777,1,620,44.668587896253605,6991.573866666679,88.34401424536355
downtime_1070,2022-12-19,14:33:21.606000,14:35:06.610000,00:01:45.004000,False,0 days 00:01:45.004000,105.004,1.7500666666666669,0.0291677777777777,1,621,44.74063400576369,6993.323933333346,88.36612770900976
downtime_318,2022-09-12,16:36:14.752000,16:37:59.756000,00:01:45.004000,False,0 days 00:01:45.004000,105.004,1.7500666666666669,0.0291677777777777,1,622,44.81268011527377,6995.074000000012,88.38824117265597
downtime_289,2022-09-12,14:29:02.115000,14:30:47.119000,00:01:45.004000,False,0 days 00:01:45.004000,105.004,1.7500666666666669,0.0291677777777777,1,623,44.88472622478386,6996.824066666679,88.41035463630217
downtime_104,2022-07-26,16:45:30.404000,16:47:15.408000,00:01:45.004000,False,0 days 00:01:45.004000,105.004,1.7500666666666669,0.0291677777777777,1,624,44.95677233429395,6998.574133333345,88.4324680999484
downtime_203,2022-09-02,16:32:07.700000,16:33:52.704000,00:01:45.004000,False,0 days 00:01:45.004000,105.004,1.7500666666666669,0.0291677777777777,1,625,45.028818443804035,7000.324200000012,88.4545815635946
downtime_836,2022-11-03,15:32:17.866000,15:34:02.870000,00:01:45.004000,False,0 days 00:01:45.004000,105.004,1.7500666666666669,0.0291677777777777,1,626,45.10086455331412,7002.074266666678,88.47669502724081
downtime_288,2022-09-12,14:26:02.106000,14:27:47.109000,00:01:45.003000,False,0 days 00:01:45.003000,105.003,1.75005,0.0291675,1,627,45.17291066282421,7003.824316666678,88.49880828029062
downtime_1167,2022-12-23,11:30:35.182000,11:32:20.185000,00:01:45.003000,False,0 days 00:01:45.003000,105.003,1.75005,0.0291675,1,628,45.24495677233429,7005.574366666678,88.52092153334044
downtime_755,2022-11-28,16:01:17.542000,16:03:02.545000,00:01:45.003000,False,0 days 00:01:45.003000,105.003,1.75005,0.0291675,1,629,45.31700288184438,7007.324416666677,88.54303478639025
downtime_1268,2023-01-16,12:09:35.630000,12:11:20.633000,00:01:45.003000,False,0 days 00:01:45.003000,105.003,1.75005,0.0291675,1,630,45.38904899135447,7009.074466666677,88.56514803944006
downtime_1228,2023-01-02,17:19:41.682000,17:21:26.684000,00:01:45.002000,False,0 days 00:01:45.002000,105.002,1.750033333333333,0.0291672222222222,1,631,45.461095100864554,7010.824500000011,88.5872610818935
downtime_1284,2023-01-16,17:47:06.587000,17:48:51.589000,00:01:45.002000,False,0 days 00:01:45.002000,105.002,1.750033333333333,0.0291672222222222,1,632,45.53314121037464,7012.574533333344,88.60937412434693
downtime_1011,2022-12-08,14:47:04.432000,14:48:49.434000,00:01:45.002000,False,0 days 00:01:45.002000,105.002,1.750033333333333,0.0291672222222222,1,633,45.60518731988473,7014.324566666678,88.63148716680035
downtime_048,2022-07-22,17:16:38.993000,17:18:23.995000,00:01:45.002000,False,0 days 00:01:45.002000,105.002,1.750033333333333,0.0291672222222222,1,634,45.67723342939482,7016.074600000012,88.65360020925378
downtime_1328,2023-01-27,14:10:22.224000,14:12:07.225000,00:01:45.001000,False,0 days 00:01:45.001000,105.001,1.7500166666666668,0.0291669444444444,1,635,45.749279538904894,7017.824616666679,88.67571304111081
downtime_797,2022-10-31,18:14:09.115000,18:15:54.116000,00:01:45.001000,False,0 days 00:01:45.001000,105.001,1.7500166666666668,0.0291669444444444,1,636,45.821325648414984,7019.574633333345,88.69782587296785
downtime_434,2022-09-20,14:17:40.834000,14:19:25.835000,00:01:45.001000,False,0 days 00:01:45.001000,105.001,1.7500166666666668,0.0291669444444444,1,637,45.893371757925074,7021.324650000012,88.71993870482488
downtime_263,2022-09-08,15:13:05.034000,15:14:50.035000,00:01:45.001000,False,0 days 00:01:45.001000,105.001,1.7500166666666668,0.0291669444444444,1,638,45.96541786743516,7023.074666666679,88.74205153668193
downtime_388,2022-09-15,15:38:17.328000,15:40:02.328000,00:01:45,False,0 days 00:01:45,105.0,1.75,0.0291666666666666,1,639,46.03746397694525,7024.824666666679,88.76416415794256
downtime_215,2022-09-06,14:52:43.431000,14:54:28.430000,00:01:44.999000,False,0 days 00:01:44.999000,104.999,1.7499833333333332,0.0291663888888888,1,640,46.10951008645533,7026.574650000012,88.78627656860681
downtime_400,2022-09-20,10:42:25.242000,10:44:10.240000,00:01:44.998000,False,0 days 00:01:44.998000,104.998,1.749966666666667,0.0291661111111111,1,641,46.18155619596542,7028.324616666679,88.80838876867466
downtime_136,2022-08-01,17:28:33.015000,17:30:18.012000,00:01:44.997000,False,0 days 00:01:44.997000,104.997,1.74995,0.0291658333333333,1,642,46.2536023054755,7030.074566666679,88.83050075814613
downtime_913,2022-11-21,13:34:51.214000,13:36:36.209000,00:01:44.995000,False,0 days 00:01:44.995000,104.995,1.7499166666666668,0.0291652777777777,1,643,46.325648414985594,7031.824483333346,88.85261232642479
downtime_1110,2022-12-20,17:00:57.216000,17:02:42.210000,00:01:44.994000,False,0 days 00:01:44.994000,104.994,1.7499,0.029165,1,644,46.39769452449568,7033.574383333345,88.87472368410708
downtime_554,2022-10-07,16:30:24.483000,16:32:09.476000,00:01:44.993000,False,0 days 00:01:44.993000,104.993,1.7498833333333332,0.0291647222222222,1,645,46.46974063400576,7035.324266666678,88.89683483119296
downtime_1310,2023-01-24,15:26:13.249000,15:27:58.241000,00:01:44.992000,False,0 days 00:01:44.992000,104.992,1.749866666666667,0.0291644444444444,1,646,46.54178674351585,7037.074133333345,88.91894576768246
downtime_667,2022-10-13,16:22:49.249000,16:24:34.241000,00:01:44.992000,False,0 days 00:01:44.992000,104.992,1.749866666666667,0.0291644444444444,1,647,46.61383285302594,7038.824000000012,88.94105670417196
downtime_1270,2023-01-16,12:25:50.694000,12:27:35.686000,00:01:44.992000,False,0 days 00:01:44.992000,104.992,1.749866666666667,0.0291644444444444,1,648,46.68587896253602,7040.573866666679,88.96316764066145
downtime_280,2022-09-12,14:01:32.074000,14:03:17.064000,00:01:44.990000,False,0 days 00:01:44.990000,104.99,1.7498333333333334,0.0291638888888888,1,649,46.757925072046106,7042.323700000013,88.98527815595817
downtime_327,2022-09-12,16:59:14.831000,17:00:59.819000,00:01:44.988000,False,0 days 00:01:44.988000,104.988,1.7498,0.0291633333333333,1,650,46.829971181556196,7044.073500000012,89.00738825006209
downtime_1175,2022-12-23,12:32:05.377000,12:33:50.363000,00:01:44.986000,False,0 days 00:01:44.986000,104.986,1.7497666666666667,0.0291627777777777,1,651,46.90201729106629,7045.823266666679,89.02949792297323
downtime_978,2022-12-02,14:49:21.801000,14:51:06.781000,00:01:44.980000,False,0 days 00:01:44.980000,104.98,1.7496666666666667,0.0291611111111111,1,652,46.97406340057637,7047.572933333346,89.05160633230601
downtime_767,2022-11-28,16:34:32.652000,16:36:17.632000,00:01:44.980000,False,0 days 00:01:44.980000,104.98,1.7496666666666667,0.0291611111111111,1,653,47.04610951008645,7049.322600000012,89.07371474163878
downtime_476,2022-09-22,16:01:50.595000,16:03:35.574000,00:01:44.979000,False,0 days 00:01:44.979000,104.979,1.74965,0.0291608333333333,1,654,47.11815561959654,7051.072250000012,89.09582294037517
downtime_1109,2022-12-20,16:52:57.208000,16:54:42.187000,00:01:44.979000,False,0 days 00:01:44.979000,104.979,1.74965,0.0291608333333333,1,655,47.190201729106626,7052.821900000012,89.11793113911156
downtime_1041,2022-12-13,14:20:10.088000,14:21:55.065000,00:01:44.977000,False,0 days 00:01:44.977000,104.977,1.7496166666666668,0.0291602777777777,1,656,47.262247838616716,7054.571516666679,89.14003891665516
downtime_718,2022-10-24,18:12:14.974000,18:13:59.950000,00:01:44.976000,False,0 days 00:01:44.976000,104.976,1.7496,0.02916,1,657,47.3342939481268,7056.321116666679,89.16214648360238
downtime_1200,2022-12-28,12:20:34.252000,12:22:19.226000,00:01:44.974000,False,0 days 00:01:44.974000,104.974,1.7495666666666667,0.0291594444444444,1,658,47.40634005763689,7058.070683333345,89.18425362935679
downtime_354,2022-09-15,13:40:17.024000,13:42:01.992000,00:01:44.968000,False,0 days 00:01:44.968000,104.968,1.7494666666666667,0.0291577777777777,1,659,47.47838616714697,7059.820150000012,89.20635951153287
downtime_552,2022-10-07,16:23:24.614000,16:25:09.457000,00:01:44.843000,False,0 days 00:01:44.843000,104.843,1.7473833333333333,0.0291230555555555,1,660,47.55043227665706,7061.567533333346,89.2284390691598
downtime_599,2022-10-11,11:10:02.430000,11:11:47.252000,00:01:44.822000,False,0 days 00:01:44.822000,104.822,1.7470333333333334,0.0291172222222222,1,661,47.62247838616715,7063.314566666679,89.2505142042625
downtime_721,2022-10-24,18:30:00.246000,18:31:45.061000,00:01:44.815000,False,0 days 00:01:44.815000,104.815,1.746916666666667,0.0291152777777777,1,662,47.69452449567723,7065.061483333346,89.27258786519045
downtime_968,2022-12-02,13:49:06.830000,13:50:51.633000,00:01:44.803000,False,0 days 00:01:44.803000,104.803,1.7467166666666667,0.0291119444444444,1,663,47.76657060518732,7066.808200000012,89.29465899896168
downtime_617,2022-10-11,12:16:47.699000,12:18:32.404000,00:01:44.705000,False,0 days 00:01:44.705000,104.705,1.745083333333333,0.0290847222222222,1,664,47.83861671469741,7068.5532833333455,89.31670949428639
downtime_603,2022-10-11,11:23:32.715000,11:25:17.284000,00:01:44.569000,False,0 days 00:01:44.569000,104.569,1.742816666666667,0.0290469444444444,1,665,47.91066282420749,7070.296100000012,89.33873134850167
downtime_1136,2022-12-21,14:55:53.033000,14:57:36.798000,00:01:43.765000,False,0 days 00:01:43.765000,103.765,1.7294166666666666,0.0288236111111111,1,666,47.982708933717575,7072.025516666679,89.360583883217
downtime_883,2022-11-11,15:22:46.129000,15:24:17.956000,00:01:31.827000,False,0 days 00:01:31.827000,91.827,1.53045,0.0255075,1,667,48.054755043227665,7073.5559666666795,89.37992231819321
downtime_294,2022-09-12,14:49:02.166000,14:50:32.622000,00:01:30.456000,False,0 days 00:01:30.456000,90.456,1.5076,0.0251266666666666,1,668,48.126801152737755,7075.063566666679,89.39897202551465
downtime_827,2022-11-03,14:33:32.709000,14:35:03.006000,00:01:30.297000,False,0 days 00:01:30.297000,90.297,1.50495,0.0250825,1,669,48.19884726224784,7076.568516666679,89.41798824800962
downtime_297,2022-09-12,15:00:32.198000,15:02:02.477000,00:01:30.279000,False,0 days 00:01:30.279000,90.279,1.50465,0.0250775,1,670,48.27089337175792,7078.073166666679,89.43700067976951
downtime_698,2022-10-24,15:38:14.512000,15:39:44.783000,00:01:30.271000,False,0 days 00:01:30.271000,90.271,1.5045166666666667,0.0250752777777777,1,671,48.34293948126801,7079.577683333346,89.45601142675828
downtime_893,2022-11-11,17:15:21.161000,17:16:51.403000,00:01:30.242000,False,0 days 00:01:30.242000,90.242,1.5040333333333331,0.0250672222222222,1,672,48.414985590778095,7081.081716666679,89.47501606645163
downtime_1024,2022-12-13,10:32:39.421000,10:34:09.618000,00:01:30.197000,False,0 days 00:01:30.197000,90.197,1.5032833333333333,0.0250547222222222,1,673,48.487031700288185,7082.585000000013,89.49401122930732
downtime_834,2022-11-03,15:26:02.850000,15:27:33.035000,00:01:30.185000,False,0 days 00:01:30.185000,90.185,1.503083333333333,0.0250513888888888,1,674,48.559077809798275,7084.088083333346,89.51300386500627
downtime_185,2022-09-02,15:29:22.017000,15:30:52.195000,00:01:30.178000,False,0 days 00:01:30.178000,90.178,1.5029666666666666,0.0250494444444444,1,675,48.63112391930836,7085.591050000013,89.53199502653048
downtime_772,2022-11-28,16:58:17.694000,16:59:47.840000,00:01:30.146000,False,0 days 00:01:30.146000,90.146,1.5024333333333333,0.0250405555555555,1,676,48.70317002881844,7087.093483333346,89.55097944897011
downtime_1289,2023-01-19,16:26:43.621000,16:28:13.765000,00:01:30.144000,False,0 days 00:01:30.144000,90.144,1.5024000000000002,0.02504,1,677,48.77521613832853,7088.595883333346,89.56996345021696
downtime_761,2022-11-28,16:17:02.658000,16:18:32.780000,00:01:30.122000,False,0 days 00:01:30.122000,90.122,1.502033333333333,0.0250338888888888,1,678,48.84726224783862,7090.097916666679,89.58894281834317
downtime_539,2022-10-07,15:33:24.315000,15:34:54.413000,00:01:30.098000,False,0 days 00:01:30.098000,90.098,1.5016333333333334,0.0250272222222222,1,679,48.9193083573487,7091.599550000013,89.60791713215593
downtime_807,2022-11-03,11:46:25.544000,11:47:55.633000,00:01:30.089000,False,0 days 00:01:30.089000,90.089,1.5014833333333333,0.0250247222222222,1,680,48.99135446685879,7093.101033333346,89.62688955060118
downtime_855,2022-11-03,16:20:48.002000,16:22:18.082000,00:01:30.080000,False,0 days 00:01:30.080000,90.08,1.5013333333333334,0.0250222222222222,1,681,49.06340057636888,7094.60236666668,89.64586007367888
downtime_759,2022-11-28,16:11:32.576000,16:13:02.640000,00:01:30.064000,False,0 days 00:01:30.064000,90.064,1.5010666666666663,0.0250177777777777,1,682,49.13544668587896,7096.103433333346,89.66482722721429
downtime_783,2022-11-28,17:35:02.799000,17:36:32.843000,00:01:30.044000,False,0 days 00:01:30.044000,90.044,1.5007333333333333,0.0250122222222222,1,683,49.20749279538905,7097.60416666668,89.68379016882184
downtime_607,2022-10-11,11:37:32.297000,11:39:02.337000,00:01:30.040000,False,0 days 00:01:30.040000,90.04,1.5006666666666668,0.0250111111111111,1,684,49.279538904899134,7099.1048333333465,89.70275226804382
downtime_918,2022-11-21,13:54:36.259000,13:56:06.298000,00:01:30.039000,False,0 days 00:01:30.039000,90.039,1.50065,0.0250108333333333,1,685,49.351585014409224,7100.6054833333465,89.7217141566694
downtime_017,2022-07-22,12:59:18.952000,13:00:48.991000,00:01:30.039000,False,0 days 00:01:30.039000,90.039,1.50065,0.0250108333333333,1,686,49.42363112391931,7102.106133333346,89.740676045295
downtime_885,2022-11-11,15:50:01.200000,15:51:31.239000,00:01:30.039000,False,0 days 00:01:30.039000,90.039,1.50065,0.0250108333333333,1,687,49.4956772334294,7103.606783333346,89.75963793392059
downtime_1134,2022-12-21,14:42:52.991000,14:44:23.029000,00:01:30.038000,False,0 days 00:01:30.038000,90.038,1.5006333333333333,0.0250105555555555,1,688,49.56772334293948,7105.1074166666795,89.77859961194979
downtime_142,2022-08-04,11:34:06.113000,11:35:36.150000,00:01:30.037000,False,0 days 00:01:30.037000,90.037,1.5006166666666667,0.0250102777777777,1,689,49.63976945244957,7106.608033333346,89.79756107938258
downtime_377,2022-09-15,15:01:02.214000,15:02:32.250000,00:01:30.036000,False,0 days 00:01:30.036000,90.036,1.5006,0.02501,1,690,49.711815561959654,7108.108633333346,89.81652233621898
downtime_099,2022-07-26,16:20:30.333000,16:22:00.369000,00:01:30.036000,False,0 days 00:01:30.036000,90.036,1.5006,0.02501,1,691,49.783861671469744,7109.609233333346,89.8354835930554
downtime_1244,2023-01-11,16:30:34.985000,16:32:05.020000,00:01:30.035000,False,0 days 00:01:30.035000,90.035,1.5005833333333334,0.0250097222222222,1,692,49.85590778097983,7111.10981666668,89.85444463929542
downtime_596,2022-10-10,16:32:12.454000,16:33:42.489000,00:01:30.035000,False,0 days 00:01:30.035000,90.035,1.5005833333333334,0.0250097222222222,1,693,49.92795389048991,7112.610400000013,89.87340568553543
downtime_1223,2022-12-30,15:44:12.212000,15:45:42.244000,00:01:30.032000,False,0 days 00:01:30.032000,90.032,1.5005333333333333,0.0250088888888888,1,694,50.0,7114.110933333346,89.89236609998626
downtime_1042,2022-12-13,14:24:55.073000,14:26:25.105000,00:01:30.032000,False,0 days 00:01:30.032000,90.032,1.5005333333333333,0.0250088888888888,1,695,50.07204610951008,7115.611466666679,89.91132651443709
downtime_178,2022-09-02,15:11:36.943000,15:13:06.973000,00:01:30.030000,False,0 days 00:01:30.030000,90.03,1.5005,0.0250083333333333,1,696,50.14409221902017,7117.111966666679,89.93028650769516
downtime_753,2022-10-26,17:45:46.228000,17:47:16.258000,00:01:30.030000,False,0 days 00:01:30.030000,90.03,1.5005,0.0250083333333333,1,697,50.216138328530256,7118.612466666679,89.94924650095321
downtime_177,2022-09-02,15:09:21.930000,15:10:51.956000,00:01:30.026000,False,0 days 00:01:30.026000,90.026,1.5004333333333333,0.0250072222222222,1,698,50.28818443804035,7120.112900000013,89.96820565182568
downtime_364,2022-09-15,14:09:02.068000,14:10:32.090000,00:01:30.022000,False,0 days 00:01:30.022000,90.022,1.5003666666666668,0.0250061111111111,1,699,50.36023054755043,7121.61326666668,89.9871639603126
downtime_1320,2023-01-27,11:26:17.462000,11:27:47.484000,00:01:30.022000,False,0 days 00:01:30.022000,90.022,1.5003666666666668,0.0250061111111111,1,700,50.43227665706051,7123.113633333347,90.00612226879952
downtime_217,2022-09-06,15:16:43.491000,15:18:13.511000,00:01:30.020000,False,0 days 00:01:30.020000,90.02,1.5003333333333333,0.0250055555555555,1,701,50.50432276657061,7124.61396666668,90.02508015609364
downtime_812,2022-11-03,12:01:55.520000,12:03:25.539000,00:01:30.019000,False,0 days 00:01:30.019000,90.019,1.5003166666666667,0.0250052777777777,1,702,50.57636887608069,7126.114283333347,90.04403783279137
downtime_184,2022-09-02,15:26:51.983000,15:28:22.001000,00:01:30.018000,False,0 days 00:01:30.018000,90.018,1.5003,0.025005,1,703,50.648414985590776,7127.614583333347,90.0629952988927
downtime_1145,2022-12-21,17:37:08.497000,17:38:38.515000,00:01:30.018000,False,0 days 00:01:30.018000,90.018,1.5003,0.025005,1,704,50.720461095100866,7129.114883333346,90.08195276499403
downtime_728,2022-10-26,16:42:46.051000,16:44:16.068000,00:01:30.017000,False,0 days 00:01:30.017000,90.017,1.5002833333333332,0.0250047222222222,1,705,50.79250720461095,7130.61516666668,90.10091002049899
downtime_571,2022-10-10,13:53:42.031000,13:55:12.047000,00:01:30.016000,False,0 days 00:01:30.016000,90.016,1.5002666666666669,0.0250044444444444,1,706,50.86455331412104,7132.115433333347,90.11986706540753
downtime_179,2022-09-02,15:14:06.944000,15:15:36.960000,00:01:30.016000,False,0 days 00:01:30.016000,90.016,1.5002666666666669,0.0250044444444444,1,707,50.93659942363112,7133.615700000014,90.13882411031608
downtime_681,2022-10-24,14:15:59.277000,14:17:29.292000,00:01:30.015000,False,0 days 00:01:30.015000,90.015,1.50025,0.0250041666666666,1,708,51.008645533141205,7135.115950000014,90.15778094462824
downtime_847,2022-11-03,16:00:02.945000,16:01:32.960000,00:01:30.015000,False,0 days 00:01:30.015000,90.015,1.50025,0.0250041666666666,1,709,51.0806916426513,7136.616200000014,90.17673777894039
downtime_1054,2022-12-16,16:33:17.065000,16:34:47.079000,00:01:30.014000,False,0 days 00:01:30.014000,90.014,1.5002333333333333,0.0250038888888888,1,710,51.15273775216138,7138.116433333347,90.19569440265616
downtime_985,2022-12-05,14:03:35.313000,14:05:05.327000,00:01:30.014000,False,0 days 00:01:30.014000,90.014,1.5002333333333333,0.0250038888888888,1,711,51.224783861671476,7139.61666666668,90.21465102637191
downtime_1141,2022-12-21,15:28:23.131000,15:29:53.145000,00:01:30.014000,False,0 days 00:01:30.014000,90.014,1.5002333333333333,0.0250038888888888,1,712,51.29682997118156,7141.116900000014,90.23360765008769
downtime_708,2022-10-24,16:05:14.594000,16:06:44.607000,00:01:30.013000,False,0 days 00:01:30.013000,90.013,1.5002166666666668,0.0250036111111111,1,713,51.36887608069164,7142.61711666668,90.25256406320705
downtime_452,2022-09-22,13:35:58.015000,13:37:28.028000,00:01:30.013000,False,0 days 00:01:30.013000,90.013,1.5002166666666668,0.0250036111111111,1,714,51.44092219020173,7144.117333333346,90.27152047632642
downtime_1177,2022-12-23,12:42:50.389000,12:44:20.401000,00:01:30.012000,False,0 days 00:01:30.012000,90.012,1.5002,0.0250033333333333,1,715,51.512968299711815,7145.617533333347,90.2904766788494
downtime_784,2022-11-28,17:37:47.802000,17:39:17.813000,00:01:30.011000,False,0 days 00:01:30.011000,90.011,1.5001833333333332,0.0250030555555555,1,716,51.5850144092219,7147.11771666668,90.30943267077599
downtime_115,2022-07-26,17:37:45.563000,17:39:15.574000,00:01:30.011000,False,0 days 00:01:30.011000,90.011,1.5001833333333332,0.0250030555555555,1,717,51.65706051873199,7148.617900000014,90.32838866270258
downtime_1312,2023-01-24,15:40:13.279000,15:41:43.289000,00:01:30.010000,False,0 days 00:01:30.010000,90.01,1.5001666666666666,0.0250027777777777,1,718,51.72910662824207,7150.1180666666805,90.34734444403277
downtime_248,2022-09-08,14:06:19.836000,14:07:49.846000,00:01:30.010000,False,0 days 00:01:30.010000,90.01,1.5001666666666666,0.0250027777777777,1,719,51.80115273775216,7151.618233333347,90.36630022536296
downtime_1174,2022-12-23,12:29:20.352000,12:30:50.362000,00:01:30.010000,False,0 days 00:01:30.010000,90.01,1.5001666666666666,0.0250027777777777,1,720,51.873198847262245,7153.118400000014,90.38525600669315
downtime_200,2022-09-02,16:23:52.676000,16:25:22.686000,00:01:30.010000,False,0 days 00:01:30.010000,90.01,1.5001666666666666,0.0250027777777777,1,721,51.94524495677233,7154.618566666681,90.40421178802335
downtime_824,2022-11-03,14:25:47.685000,14:27:17.695000,00:01:30.010000,False,0 days 00:01:30.010000,90.01,1.5001666666666666,0.0250027777777777,1,722,52.017291066282425,7156.118733333347,90.42316756935354
downtime_213,2022-09-06,14:45:13.405000,14:46:43.415000,00:01:30.010000,False,0 days 00:01:30.010000,90.01,1.5001666666666666,0.0250027777777777,1,723,52.08933717579251,7157.618900000014,90.44212335068373
downtime_776,2022-11-28,17:16:32.743000,17:18:02.752000,00:01:30.009000,False,0 days 00:01:30.009000,90.009,1.50015,0.0250025,1,724,52.1613832853026,7159.119050000014,90.46107892141752
downtime_262,2022-09-08,15:10:35.022000,15:12:05.030000,00:01:30.008000,False,0 days 00:01:30.008000,90.008,1.500133333333333,0.0250022222222222,1,725,52.23342939481268,7160.619183333347,90.48003428155494
downtime_931,2022-11-21,17:38:06.887000,17:39:36.895000,00:01:30.008000,False,0 days 00:01:30.008000,90.008,1.500133333333333,0.0250022222222222,1,726,52.305475504322764,7162.11931666668,90.49898964169233
downtime_1341,2023-01-31,14:39:30.235000,14:41:00.243000,00:01:30.008000,False,0 days 00:01:30.008000,90.008,1.500133333333333,0.0250022222222222,1,727,52.377521613832855,7163.619450000013,90.51794500182973
downtime_1119,2022-12-21,10:45:42.110000,10:47:12.117000,00:01:30.007000,False,0 days 00:01:30.007000,90.007,1.5001166666666668,0.0250019444444444,1,728,52.44956772334294,7165.11956666668,90.53690015137076
downtime_1181,2022-12-27,10:50:21.234000,10:51:51.241000,00:01:30.007000,False,0 days 00:01:30.007000,90.007,1.5001166666666668,0.0250019444444444,1,729,52.521613832853035,7166.619683333347,90.55585530091177
downtime_275,2022-09-12,13:40:46.976000,13:42:16.983000,00:01:30.007000,False,0 days 00:01:30.007000,90.007,1.5001166666666668,0.0250019444444444,1,730,52.59365994236311,7168.119800000014,90.57481045045279
downtime_324,2022-09-12,16:52:14.794000,16:53:44.801000,00:01:30.007000,False,0 days 00:01:30.007000,90.007,1.5001166666666668,0.0250019444444444,1,731,52.665706051873194,7169.619916666681,90.5937655999938
downtime_197,2022-09-02,16:13:07.649000,16:14:37.656000,00:01:30.007000,False,0 days 00:01:30.007000,90.007,1.5001166666666668,0.0250019444444444,1,732,52.73775216138329,7171.120033333348,90.61272074953483
downtime_348,2022-09-15,11:52:46.687000,11:54:16.693000,00:01:30.006000,False,0 days 00:01:30.006000,90.006,1.5001,0.0250016666666666,1,733,52.809798270893374,7172.620133333348,90.63167568847945
downtime_1293,2023-01-19,17:11:43.656000,17:13:13.662000,00:01:30.006000,False,0 days 00:01:30.006000,90.006,1.5001,0.0250016666666666,1,734,52.88184438040345,7174.120233333349,90.65063062742406
downtime_1157,2022-12-22,16:36:16.251000,16:37:46.257000,00:01:30.006000,False,0 days 00:01:30.006000,90.006,1.5001,0.0250016666666666,1,735,52.95389048991355,7175.620333333349,90.6695855663687
downtime_1118,2022-12-21,10:42:27.102000,10:43:57.108000,00:01:30.006000,False,0 days 00:01:30.006000,90.006,1.5001,0.0250016666666666,1,736,53.02593659942363,7177.120433333349,90.68854050531331
downtime_1273,2023-01-16,14:58:51.108000,15:00:21.114000,00:01:30.006000,False,0 days 00:01:30.006000,90.006,1.5001,0.0250016666666666,1,737,53.09798270893372,7178.620533333349,90.70749544425793
downtime_1135,2022-12-21,14:45:23.001000,14:46:53.007000,00:01:30.006000,False,0 days 00:01:30.006000,90.006,1.5001,0.0250016666666666,1,738,53.170028818443804,7180.120633333349,90.72645038320256
downtime_1343,2023-01-31,15:07:30.314000,15:09:00.320000,00:01:30.006000,False,0 days 00:01:30.006000,90.006,1.5001,0.0250016666666666,1,739,53.24207492795389,7181.62073333335,90.74540532214719
downtime_998,2022-12-06,15:14:45.952000,15:16:15.958000,00:01:30.006000,False,0 days 00:01:30.006000,90.006,1.5001,0.0250016666666666,1,740,53.31412103746398,7183.12083333335,90.76436026109181
downtime_699,2022-10-24,15:40:44.524000,15:42:14.529000,00:01:30.005000,False,0 days 00:01:30.005000,90.005,1.5000833333333332,0.0250013888888888,1,741,53.38616714697406,7184.620916666683,90.78331498944003
downtime_309,2022-09-12,15:38:32.307000,15:40:02.312000,00:01:30.005000,False,0 days 00:01:30.005000,90.005,1.5000833333333332,0.0250013888888888,1,742,53.45821325648416,7186.1210000000165,90.80226971778826
downtime_1115,2022-12-21,10:18:12.035000,10:19:42.040000,00:01:30.005000,False,0 days 00:01:30.005000,90.005,1.5000833333333332,0.0250013888888888,1,743,53.53025936599424,7187.62108333335,90.8212244461365
downtime_1048,2022-12-13,16:17:25.393000,16:18:55.398000,00:01:30.005000,False,0 days 00:01:30.005000,90.005,1.5000833333333332,0.0250013888888888,1,744,53.602305475504316,7189.121166666683,90.84017917448472
downtime_964,2022-12-02,13:28:06.545000,13:29:36.550000,00:01:30.005000,False,0 days 00:01:30.005000,90.005,1.5000833333333332,0.0250013888888888,1,745,53.67435158501441,7190.6212500000165,90.85913390283295
downtime_1315,2023-01-24,16:02:13.332000,16:03:43.337000,00:01:30.005000,False,0 days 00:01:30.005000,90.005,1.5000833333333332,0.0250013888888888,1,746,53.7463976945245,7192.12133333335,90.87808863118117
downtime_536,2022-10-07,15:26:09.290000,15:27:39.294000,00:01:30.004000,False,0 days 00:01:30.004000,90.004,1.5000666666666669,0.0250011111111111,1,747,53.81844380403458,7193.621400000016,90.89704314893301
downtime_207,2022-09-06,14:14:43.319000,14:16:13.323000,00:01:30.004000,False,0 days 00:01:30.004000,90.004,1.5000666666666669,0.0250011111111111,1,748,53.89048991354467,7195.121466666683,90.91599766668483
downtime_155,2022-09-02,11:49:35.898000,11:51:05.902000,00:01:30.004000,False,0 days 00:01:30.004000,90.004,1.5000666666666669,0.0250011111111111,1,749,53.96253602305475,7196.621533333349,90.93495218443667
downtime_183,2022-09-02,15:24:36.972000,15:26:06.976000,00:01:30.004000,False,0 days 00:01:30.004000,90.004,1.5000666666666669,0.0250011111111111,1,750,54.03458213256484,7198.121600000016,90.9539067021885
downtime_092,2022-07-26,15:42:45.222000,15:44:15.225000,00:01:30.003000,False,0 days 00:01:30.003000,90.003,1.50005,0.0250008333333333,1,751,54.106628242074926,7199.6216500000155,90.97286100934394
downtime_683,2022-10-24,14:20:44.306000,14:22:14.309000,00:01:30.003000,False,0 days 00:01:30.003000,90.003,1.50005,0.0250008333333333,1,752,54.17867435158501,7201.121700000015,90.99181531649938
downtime_301,2022-09-12,15:14:17.238000,15:15:47.241000,00:01:30.003000,False,0 days 00:01:30.003000,90.003,1.50005,0.0250008333333333,1,753,54.250720461095106,7202.621750000015,91.01076962365482
downtime_532,2022-10-07,15:16:39.266000,15:18:09.269000,00:01:30.003000,False,0 days 00:01:30.003000,90.003,1.50005,0.0250008333333333,1,754,54.32276657060518,7204.121800000014,91.02972393081025
downtime_1264,2023-01-13,16:29:09.878000,16:30:39.881000,00:01:30.003000,True,0 days 00:01:30.003000,90.003,1.50005,0.0250008333333333,1,755,54.39481268011528,7205.621850000014,91.04867823796569
downtime_862,2022-11-03,16:41:03.058000,16:42:33.061000,00:01:30.003000,False,0 days 00:01:30.003000,90.003,1.50005,0.0250008333333333,1,756,54.46685878962536,7207.121900000014,91.06763254512113
downtime_833,2022-11-03,15:23:32.854000,15:25:02.857000,00:01:30.003000,False,0 days 00:01:30.003000,90.003,1.50005,0.0250008333333333,1,757,54.538904899135446,7208.621950000013,91.08658685227657
downtime_830,2022-11-03,15:16:02.832000,15:17:32.835000,00:01:30.003000,False,0 days 00:01:30.003000,90.003,1.50005,0.0250008333333333,1,758,54.610951008645536,7210.122000000013,91.10554115943201
downtime_338,2022-09-15,11:07:46.564000,11:09:16.567000,00:01:30.003000,False,0 days 00:01:30.003000,90.003,1.50005,0.0250008333333333,1,759,54.68299711815562,7211.622050000013,91.12449546658745
downtime_158,2022-09-02,12:00:35.929000,12:02:05.932000,00:01:30.003000,False,0 days 00:01:30.003000,90.003,1.50005,0.0250008333333333,1,760,54.7550432276657,7213.122100000012,91.14344977374287
downtime_581,2022-10-10,14:18:57.092000,14:20:27.095000,00:01:30.003000,False,0 days 00:01:30.003000,90.003,1.50005,0.0250008333333333,1,761,54.82708933717579,7214.622150000012,91.16240408089831
downtime_557,2022-10-07,16:39:39.498000,16:41:09.501000,00:01:30.003000,False,0 days 00:01:30.003000,90.003,1.50005,0.0250008333333333,1,762,54.899135446685875,7216.122200000012,91.18135838805375
downtime_1096,2022-12-20,15:04:26.880000,15:05:56.883000,00:01:30.003000,False,0 days 00:01:30.003000,90.003,1.50005,0.0250008333333333,1,763,54.97118155619597,7217.622250000011,91.20031269520919
downtime_838,2022-11-03,15:37:32.891000,15:39:02.893000,00:01:30.002000,False,0 days 00:01:30.002000,90.002,1.500033333333333,0.0250005555555555,1,764,55.04322766570605,7219.122283333345,91.21926679176823
downtime_832,2022-11-03,15:21:02.843000,15:22:32.845000,00:01:30.002000,False,0 days 00:01:30.002000,90.002,1.500033333333333,0.0250005555555555,1,765,55.11527377521613,7220.622316666679,91.23822088832729
downtime_1260,2023-01-13,16:13:09.835000,16:14:39.837000,00:01:30.002000,True,0 days 00:01:30.002000,90.002,1.500033333333333,0.0250005555555555,1,766,55.18731988472623,7222.122350000012,91.25717498488635
downtime_367,2022-09-15,14:18:02.096000,14:19:32.098000,00:01:30.002000,False,0 days 00:01:30.002000,90.002,1.500033333333333,0.0250005555555555,1,767,55.25936599423631,7223.622383333346,91.2761290814454
downtime_159,2022-09-02,12:03:05.942000,12:04:35.944000,00:01:30.002000,False,0 days 00:01:30.002000,90.002,1.500033333333333,0.0250005555555555,1,768,55.3314121037464,7225.12241666668,91.29508317800446
downtime_563,2022-10-07,17:14:24.607000,17:15:54.609000,00:01:30.002000,False,0 days 00:01:30.002000,90.002,1.500033333333333,0.0250005555555555,1,769,55.403458213256485,7226.6224500000135,91.3140372745635
downtime_172,2022-09-02,14:52:51.886000,14:54:21.888000,00:01:30.002000,False,0 days 00:01:30.002000,90.002,1.500033333333333,0.0250005555555555,1,770,55.47550432276657,7228.122483333347,91.33299137112255
downtime_1107,2022-12-20,16:40:12.173000,16:41:42.174000,00:01:30.001000,False,0 days 00:01:30.001000,90.001,1.5000166666666668,0.0250002777777777,1,771,55.54755043227666,7229.622500000014,91.3519452570852
downtime_770,2022-11-28,16:53:32.682000,16:55:02.683000,00:01:30.001000,False,0 days 00:01:30.001000,90.001,1.5000166666666668,0.0250002777777777,1,772,55.61959654178674,7231.122516666681,91.37089914304786
downtime_1212,2022-12-30,11:05:58.712000,11:07:28.713000,00:01:30.001000,False,0 days 00:01:30.001000,90.001,1.5000166666666668,0.0250002777777777,1,773,55.69164265129684,7232.622533333348,91.38985302901052
downtime_941,2022-11-23,15:55:28.632000,15:56:58.632000,00:01:30,False,0 days 00:01:30,90.0,1.5,0.025,1,774,55.763688760806915,7234.122533333348,91.40880670437679
downtime_164,2022-09-02,14:25:51.813000,14:27:21.813000,00:01:30,False,0 days 00:01:30,90.0,1.5,0.025,1,775,55.835734870317,7235.622533333348,91.42776037974305
downtime_165,2022-09-02,14:28:21.819000,14:29:51.819000,00:01:30,False,0 days 00:01:30,90.0,1.5,0.025,1,776,55.907780979827095,7237.122533333348,91.44671405510931
downtime_199,2022-09-02,16:21:22.674000,16:22:52.674000,00:01:30,False,0 days 00:01:30,90.0,1.5,0.025,1,777,55.97982708933718,7238.622533333348,91.46566773047557
downtime_973,2022-12-02,14:16:21.685000,14:17:51.685000,00:01:30,False,0 days 00:01:30,90.0,1.5,0.025,1,778,56.05187319884726,7240.122533333348,91.48462140584184
downtime_118,2022-07-26,18:05:00.637000,18:06:30.637000,00:01:30,False,0 days 00:01:30,90.0,1.5,0.025,1,779,56.12391930835735,7241.622533333348,91.50357508120811
downtime_283,2022-09-12,14:08:47.064000,14:10:17.063000,00:01:29.999000,False,0 days 00:01:29.999000,89.999,1.4999833333333332,0.0249997222222222,1,780,56.195965417867434,7243.122516666681,91.52252854597798
downtime_778,2022-11-28,17:22:17.770000,17:23:47.768000,00:01:29.998000,False,0 days 00:01:29.998000,89.998,1.499966666666667,0.0249994444444444,1,781,56.268011527377524,7244.622483333347,91.54148180015144
downtime_515,2022-10-07,14:13:09.092000,14:14:39.090000,00:01:29.998000,False,0 days 00:01:29.998000,89.998,1.499966666666667,0.0249994444444444,1,782,56.34005763688761,7246.1224500000135,91.56043505432491
downtime_1146,2022-12-21,17:45:08.527000,17:46:38.525000,00:01:29.998000,False,0 days 00:01:29.998000,89.998,1.499966666666667,0.0249994444444444,1,783,56.41210374639769,7247.62241666668,91.5793883084984
downtime_483,2022-09-28,14:51:13.588000,14:52:43.585000,00:01:29.997000,False,0 days 00:01:29.997000,89.997,1.49995,0.0249991666666666,1,784,56.48414985590778,7249.12236666668,91.59834135207548
downtime_831,2022-11-03,15:18:32.910000,15:20:02.907000,00:01:29.997000,False,0 days 00:01:29.997000,89.997,1.49995,0.0249991666666666,1,785,56.556195965417864,7250.6223166666805,91.61729439565256
downtime_186,2022-09-02,15:31:52.009000,15:33:22.006000,00:01:29.997000,False,0 days 00:01:29.997000,89.997,1.49995,0.0249991666666666,1,786,56.62824207492796,7252.122266666681,91.63624743922966
downtime_538,2022-10-07,15:30:54.322000,15:32:24.319000,00:01:29.997000,False,0 days 00:01:29.997000,89.997,1.49995,0.0249991666666666,1,787,56.700288184438044,7253.622216666681,91.65520048280675
downtime_785,2022-11-28,17:40:17.818000,17:41:47.815000,00:01:29.997000,False,0 days 00:01:29.997000,89.997,1.49995,0.0249991666666666,1,788,56.77233429394812,7255.122166666682,91.67415352638383
downtime_315,2022-09-12,16:28:14.736000,16:29:44.732000,00:01:29.996000,False,0 days 00:01:29.996000,89.996,1.4999333333333331,0.0249988888888888,1,789,56.84438040345822,7256.622100000015,91.69310635936452
downtime_732,2022-10-26,16:53:46.092000,16:55:16.088000,00:01:29.996000,False,0 days 00:01:29.996000,89.996,1.4999333333333331,0.0249988888888888,1,790,56.9164265129683,7258.122033333349,91.71205919234522
downtime_180,2022-09-02,15:16:21.958000,15:17:51.954000,00:01:29.996000,False,0 days 00:01:29.996000,89.996,1.4999333333333331,0.0249988888888888,1,791,56.98847262247838,7259.621966666682,91.73101202532591
downtime_705,2022-10-24,15:57:29.574000,15:58:59.570000,00:01:29.996000,False,0 days 00:01:29.996000,89.996,1.4999333333333331,0.0249988888888888,1,792,57.06051873198847,7261.121900000016,91.7499648583066
downtime_860,2022-11-03,16:35:03.047000,16:36:33.042000,00:01:29.995000,False,0 days 00:01:29.995000,89.995,1.4999166666666668,0.0249986111111111,1,793,57.13256484149856,7262.621816666682,91.76891748069089
downtime_674,2022-10-24,14:00:29.242000,14:01:59.237000,00:01:29.995000,False,0 days 00:01:29.995000,89.995,1.4999166666666668,0.0249986111111111,1,794,57.20461095100865,7264.121733333349,91.78787010307519
downtime_1378,2023-02-10,11:49:16.288000,11:50:46.283000,00:01:29.995000,False,0 days 00:01:29.995000,89.995,1.4999166666666668,0.0249986111111111,1,795,57.27665706051873,7265.6216500000155,91.8068227254595
downtime_578,2022-10-10,14:11:12.079000,14:12:42.073000,00:01:29.994000,False,0 days 00:01:29.994000,89.994,1.4999,0.0249983333333333,1,796,57.34870317002881,7267.121550000015,91.8257751372474
downtime_227,2022-09-06,16:21:28.682000,16:22:58.675000,00:01:29.993000,False,0 days 00:01:29.993000,89.993,1.4998833333333332,0.0249980555555555,1,797,57.42074927953891,7268.621433333348,91.8447273384389
downtime_875,2022-11-08,18:09:54.428000,18:11:24.420000,00:01:29.992000,False,0 days 00:01:29.992000,89.992,1.499866666666667,0.0249977777777777,1,798,57.49279538904899,7270.121300000015,91.86367932903401
downtime_535,2022-10-07,15:23:54.295000,15:25:24.287000,00:01:29.992000,False,0 days 00:01:29.992000,89.992,1.499866666666667,0.0249977777777777,1,799,57.56484149855908,7271.621166666682,91.88263131962916
downtime_817,2022-11-03,14:01:32.630000,14:03:02.622000,00:01:29.992000,False,0 days 00:01:29.992000,89.992,1.499866666666667,0.0249977777777777,1,800,57.636887608069166,7273.121033333349,91.90158331022427
downtime_727,2022-10-25,17:16:08.274000,17:17:38.266000,00:01:29.992000,False,0 days 00:01:29.992000,89.992,1.499866666666667,0.0249977777777777,1,801,57.70893371757925,7274.620900000016,91.9205353008194
downtime_580,2022-10-10,14:16:27.109000,14:17:57.098000,00:01:29.989000,False,0 days 00:01:29.989000,89.989,1.4998166666666668,0.0249969444444444,1,802,57.78097982708934,7276.120716666683,91.93948665962533
downtime_1049,2022-12-13,16:31:10.447000,16:32:40.436000,00:01:29.989000,False,0 days 00:01:29.989000,89.989,1.4998166666666668,0.0249969444444444,1,803,57.85302593659942,7277.620533333349,91.95843801843127
downtime_729,2022-10-26,16:45:16.070000,16:46:46.058000,00:01:29.988000,False,0 days 00:01:29.988000,89.988,1.4998,0.0249966666666666,1,804,57.925072046109506,7279.120333333349,91.9773891666408
downtime_319,2022-09-12,16:38:59.777000,16:40:29.765000,00:01:29.988000,False,0 days 00:01:29.988000,89.988,1.4998,0.0249966666666666,1,805,57.997118155619596,7280.620133333348,91.99634031485036
downtime_951,2022-11-28,16:08:41.656000,16:10:11.643000,00:01:29.987000,False,0 days 00:01:29.987000,89.987,1.4997833333333332,0.0249963888888888,1,806,58.06916426512968,7282.119916666682,92.01529125246351
downtime_825,2022-11-03,14:28:32.742000,14:30:02.729000,00:01:29.987000,False,0 days 00:01:29.987000,89.987,1.4997833333333332,0.0249963888888888,1,807,58.141210374639776,7283.619700000016,92.03424219007667
downtime_305,2022-09-12,15:25:32.289000,15:27:02.275000,00:01:29.986000,False,0 days 00:01:29.986000,89.986,1.4997666666666667,0.0249961111111111,1,808,58.21325648414985,7285.1194666666825,92.05319291709343
downtime_845,2022-11-03,15:55:02.951000,15:56:32.937000,00:01:29.986000,False,0 days 00:01:29.986000,89.986,1.4997666666666667,0.0249961111111111,1,809,58.285302593659935,7286.619233333349,92.0721436441102
downtime_1277,2023-01-16,15:38:06.258000,15:39:36.244000,00:01:29.986000,False,0 days 00:01:29.986000,89.986,1.4997666666666667,0.0249961111111111,1,810,58.35734870317003,7288.119000000016,92.09109437112696
downtime_1150,2022-12-22,11:31:00.413000,11:32:30.397000,00:01:29.984000,False,0 days 00:01:29.984000,89.984,1.4997333333333331,0.0249955555555555,1,811,58.429394812680115,7289.618733333349,92.11004467695093
downtime_888,2022-11-11,15:58:16.251000,15:59:46.234000,00:01:29.983000,False,0 days 00:01:29.983000,89.983,1.4997166666666668,0.0249952777777777,1,812,58.501440922190206,7291.118450000015,92.1289947721785
downtime_274,2022-09-12,13:34:46.988000,13:36:16.969000,00:01:29.981000,False,0 days 00:01:29.981000,89.981,1.4996833333333333,0.0249947222222222,1,813,58.57348703170029,7292.618133333349,92.1479444462133
downtime_712,2022-10-24,16:14:44.695000,16:16:14.674000,00:01:29.979000,False,0 days 00:01:29.979000,89.979,1.49965,0.0249941666666666,1,814,58.64553314121037,7294.117783333349,92.16689369905531
downtime_287,2022-09-12,14:23:47.125000,14:25:17.103000,00:01:29.978000,False,0 days 00:01:29.978000,89.978,1.4996333333333332,0.0249938888888888,1,815,58.71757925072046,7295.6174166666815,92.18584274130093
downtime_829,2022-11-03,15:13:32.849000,15:15:02.827000,00:01:29.978000,False,0 days 00:01:29.978000,89.978,1.4996333333333332,0.0249938888888888,1,816,58.789625360230545,7297.117050000014,92.20479178354654
downtime_298,2022-09-12,15:03:02.231000,15:04:32.209000,00:01:29.978000,False,0 days 00:01:29.978000,89.978,1.4996333333333332,0.0249938888888888,1,817,58.86167146974063,7298.616683333347,92.22374082579215
downtime_765,2022-11-28,16:29:17.648000,16:30:47.625000,00:01:29.977000,False,0 days 00:01:29.977000,89.977,1.4996166666666668,0.0249936111111111,1,818,58.933717579250725,7300.116300000014,92.24268965744137
downtime_024,2022-07-22,15:13:38.676000,15:15:08.652000,00:01:29.976000,False,0 days 00:01:29.976000,89.976,1.4996,0.0249933333333333,1,819,59.0057636887608,7301.615900000014,92.2616382784942
downtime_826,2022-11-03,14:31:02.726000,14:32:32.701000,00:01:29.975000,False,0 days 00:01:29.975000,89.975,1.4995833333333333,0.0249930555555555,1,820,59.0778097982709,7303.115483333348,92.28058668895065
downtime_1034,2022-12-13,11:57:39.699000,11:59:09.674000,00:01:29.975000,False,0 days 00:01:29.975000,89.975,1.4995833333333333,0.0249930555555555,1,821,59.14985590778098,7304.615066666681,92.29953509940708
downtime_053,2022-07-22,17:39:24.078000,17:40:54.052000,00:01:29.974000,False,0 days 00:01:29.974000,89.974,1.4995666666666667,0.0249927777777777,1,822,59.221902017291065,7306.114633333347,92.31848329926713
downtime_760,2022-11-28,16:14:17.602000,16:15:47.576000,00:01:29.974000,False,0 days 00:01:29.974000,89.974,1.4995666666666667,0.0249927777777777,1,823,59.293948126801155,7307.614200000014,92.33743149912716
downtime_766,2022-11-28,16:32:02.658000,16:33:32.631000,00:01:29.973000,False,0 days 00:01:29.973000,89.973,1.49955,0.0249925,1,824,59.36599423631124,7309.113750000014,92.35637948839083
downtime_756,2022-11-28,16:04:02.576000,16:05:32.546000,00:01:29.970000,False,0 days 00:01:29.970000,89.97,1.4995,0.0249916666666666,1,825,59.43804034582133,7310.613250000014,92.3753268458653
downtime_814,2022-11-03,13:45:32.608000,13:47:02.578000,00:01:29.970000,False,0 days 00:01:29.970000,89.97,1.4995,0.0249916666666666,1,826,59.51008645533141,7312.112750000014,92.39427420333978
downtime_1250,2023-01-13,15:02:39.678000,15:04:09.636000,00:01:29.958000,True,0 days 00:01:29.958000,89.958,1.4993,0.0249883333333333,1,827,59.582132564841494,7313.612050000014,92.41321903365754
downtime_1346,2023-01-31,15:52:45.484000,15:54:15.442000,00:01:29.958000,False,0 days 00:01:29.958000,89.958,1.4993,0.0249883333333333,1,828,59.654178674351584,7315.111350000015,92.4321638639753
downtime_751,2022-10-26,17:40:46.256000,17:42:16.212000,00:01:29.956000,False,0 days 00:01:29.956000,89.956,1.4992666666666667,0.0249877777777777,1,829,59.72622478386167,7316.610616666681,92.45110827310027
downtime_762,2022-11-28,16:19:47.658000,16:21:17.594000,00:01:29.936000,False,0 days 00:01:29.936000,89.936,1.4989333333333337,0.0249822222222222,1,830,59.798270893371765,7318.109550000015,92.47004847029739
downtime_782,2022-11-28,17:32:32.875000,17:34:02.800000,00:01:29.925000,False,0 days 00:01:29.925000,89.925,1.49875,0.0249791666666666,1,831,59.87031700288185,7319.608300000014,92.48898635093418
downtime_1055,2022-12-16,16:35:47.195000,16:37:17.076000,00:01:29.881000,False,0 days 00:01:29.881000,89.881,1.4980166666666668,0.0249669444444444,1,832,59.94236311239193,7321.106316666681,92.50791496532968
downtime_673,2022-10-24,13:57:44.418000,13:59:14.230000,00:01:29.812000,False,0 days 00:01:29.812000,89.812,1.4968666666666666,0.0249477777777777,1,833,60.01440922190202,7322.603183333347,92.52682904857406
downtime_757,2022-11-28,16:07:02.793000,16:08:32.602000,00:01:29.809000,False,0 days 00:01:29.809000,89.809,1.496816666666667,0.0249469444444444,1,834,60.086455331412104,7324.100000000014,92.54574250002926
downtime_905,2022-11-15,14:27:51.454000,14:29:21.229000,00:01:29.775000,False,0 days 00:01:29.775000,89.775,1.49625,0.0249375,1,835,60.15850144092219,7325.596250000014,92.5646487912071
downtime_768,2022-11-28,16:37:18.082000,16:38:47.641000,00:01:29.559000,False,0 days 00:01:29.559000,89.559,1.49265,0.0248775,1,836,60.23054755043228,7327.088900000014,92.58350959356409
downtime_579,2022-10-10,14:13:43.910000,14:15:12.187000,00:01:28.277000,False,0 days 00:01:28.277000,88.277,1.4712833333333333,0.0245213888888888,1,837,60.30259365994236,7328.560183333348,92.60210041134528
downtime_292,2022-09-12,14:44:17.153000,14:45:41.498000,00:01:24.345000,False,0 days 00:01:24.345000,84.345,1.40575,0.0234291666666666,1,838,60.37463976945246,7329.9659333333475,92.61986316410935
downtime_250,2022-09-08,14:14:50.094000,14:16:05.757000,00:01:15.663000,False,0 days 00:01:15.663000,75.663,1.26105,0.0210174999999999,1,839,60.44668587896253,7331.226983333348,92.63579751898978
downtime_866,2022-11-08,13:01:38.564000,13:02:53.808000,00:01:15.244000,False,0 days 00:01:15.244000,75.244,1.2540666666666669,0.0209011111111111,1,840,60.51873198847262,7332.481050000014,92.65164363398154
downtime_694,2022-10-24,14:47:14.365000,14:48:29.600000,00:01:15.235000,False,0 days 00:01:15.235000,75.235,1.2539166666666666,0.0208986111111111,1,841,60.590778097982714,7333.7349666666805,92.66748785360576
downtime_042,2022-07-22,16:52:08.945000,16:53:24.173000,00:01:15.228000,False,0 days 00:01:15.228000,75.228,1.2537999999999998,0.0208966666666666,1,842,60.6628242074928,7334.988766666681,92.68333059905525
downtime_808,2022-11-03,11:48:55.491000,11:50:10.694000,00:01:15.203000,False,0 days 00:01:15.203000,75.203,1.2533833333333333,0.0208897222222222,1,843,60.73487031700289,7336.242150000015,92.69916807959491
downtime_321,2022-09-12,16:43:44.785000,16:44:59.964000,00:01:15.179000,False,0 days 00:01:15.179000,75.179,1.2529833333333331,0.0208830555555555,1,844,60.80691642651297,7337.495133333348,92.71500050582114
downtime_597,2022-10-10,16:36:42.473000,16:37:57.643000,00:01:15.170000,False,0 days 00:01:15.170000,75.17,1.2528333333333337,0.0208805555555555,1,845,60.87896253602305,7338.747966666681,92.73083103667983
downtime_906,2022-11-15,14:30:51.211000,14:32:06.380000,00:01:15.169000,False,0 days 00:01:15.169000,75.169,1.2528166666666667,0.0208802777777777,1,846,60.95100864553314,7340.000783333348,92.74666135694213
downtime_821,2022-11-03,14:18:02.660000,14:19:17.815000,00:01:15.155000,False,0 days 00:01:15.155000,75.155,1.2525833333333334,0.0208763888888888,1,847,61.023054755043226,7341.253366666681,92.76248872885492
downtime_528,2022-10-07,15:07:39.246000,15:08:54.390000,00:01:15.144000,False,0 days 00:01:15.144000,75.144,1.2524000000000002,0.0208733333333333,1,848,61.09510086455331,7342.505766666682,92.77831378420738
downtime_858,2022-11-03,16:30:33.030000,16:31:48.171000,00:01:15.141000,False,0 days 00:01:15.141000,75.141,1.25235,0.0208725,1,849,61.1671469740634,7343.758116666681,92.79413820777069
downtime_529,2022-10-07,15:09:54.276000,15:11:09.412000,00:01:15.136000,False,0 days 00:01:15.136000,75.136,1.2522666666666666,0.0208711111111111,1,850,61.23919308357348,7345.010383333348,92.809961578352
downtime_654,2022-10-13,15:26:49.094000,15:28:04.213000,00:01:15.119000,False,0 days 00:01:15.119000,75.119,1.2519833333333332,0.0208663888888888,1,851,61.31123919308358,7346.262366666681,92.82578136879465
downtime_839,2022-11-03,15:41:02.897000,15:42:18.012000,00:01:15.115000,False,0 days 00:01:15.115000,75.115,1.2519166666666666,0.0208652777777777,1,852,61.38328530259366,7347.514283333348,92.84160031685174
downtime_799,2022-11-03,11:18:25.418000,11:19:40.528000,00:01:15.110000,False,0 days 00:01:15.110000,75.11,1.2518333333333334,0.0208638888888888,1,853,61.45533141210374,7348.766116666682,92.85741821192686
downtime_1007,2022-12-08,12:13:04.014000,12:14:19.120000,00:01:15.106000,False,0 days 00:01:15.106000,75.106,1.2517666666666665,0.0208627777777777,1,854,61.527377521613836,7350.017883333348,92.87323526461638
downtime_582,2022-10-10,14:21:27,14:22:42.096000,00:01:15.096000,False,0 days 00:01:15.096000,75.096,1.2516,0.02086,1,855,61.59942363112392,7351.269483333348,92.889050211342
downtime_837,2022-11-03,15:35:17.877000,15:36:32.963000,00:01:15.086000,False,0 days 00:01:15.086000,75.086,1.2514333333333334,0.0208572222222222,1,856,61.67146974063401,7352.520916666681,92.90486305210366
downtime_526,2022-10-07,14:50:54.284000,14:52:09.358000,00:01:15.074000,False,0 days 00:01:15.074000,75.074,1.2512333333333332,0.0208538888888888,1,857,61.74351585014409,7353.772150000014,92.92067336570862
downtime_876,2022-11-08,18:13:24.427000,18:14:39.501000,00:01:15.074000,False,0 days 00:01:15.074000,75.074,1.2512333333333332,0.0208538888888888,1,858,61.815561959654175,7355.023383333348,92.9364836793136
downtime_643,2022-10-13,13:43:03.821000,13:44:18.884000,00:01:15.063000,False,0 days 00:01:15.063000,75.063,1.25105,0.0208508333333333,1,859,61.887608069164266,7356.274433333348,92.95229167635823
downtime_507,2022-10-07,13:53:39.040000,13:54:54.100000,00:01:15.060000,False,0 days 00:01:15.060000,75.06,1.251,0.02085,1,860,61.95965417867435,7357.525433333348,92.96809904161371
downtime_880,2022-11-11,14:48:46.032000,14:50:01.077000,00:01:15.045000,False,0 days 00:01:15.045000,75.045,1.25075,0.0208458333333333,1,861,62.03170028818443,7358.776183333348,92.98390324792327
downtime_320,2022-09-12,16:41:44.764000,16:42:59.809000,00:01:15.045000,False,0 days 00:01:15.045000,75.045,1.25075,0.0208458333333333,1,862,62.10374639769453,7360.026933333348,92.99970745423283
downtime_009,2022-07-22,12:21:33.842000,12:22:48.887000,00:01:15.045000,False,0 days 00:01:15.045000,75.045,1.25075,0.0208458333333333,1,863,62.175792507204605,7361.277683333348,93.01551166054242
downtime_745,2022-10-26,17:23:16.159000,17:24:31.198000,00:01:15.039000,False,0 days 00:01:15.039000,75.039,1.25065,0.0208441666666666,1,864,62.2478386167147,7362.528333333348,93.03131460327361
downtime_701,2022-10-24,15:48:14.590000,15:49:29.629000,00:01:15.039000,False,0 days 00:01:15.039000,75.039,1.25065,0.0208441666666666,1,865,62.319884726224785,7363.778983333348,93.04711754600483
downtime_1299,2023-01-20,16:17:54.086000,16:19:09.124000,00:01:15.038000,False,0 days 00:01:15.038000,75.038,1.2506333333333333,0.0208438888888888,1,866,62.39193083573487,7365.029616666681,93.06292027813964
downtime_943,2022-11-23,16:18:58.695000,16:20:13.733000,00:01:15.038000,False,0 days 00:01:15.038000,75.038,1.2506333333333333,0.0208438888888888,1,867,62.46397694524496,7366.280250000014,93.07872301027447
downtime_809,2022-11-03,11:51:25.530000,11:52:40.567000,00:01:15.037000,False,0 days 00:01:15.037000,75.037,1.2506166666666667,0.0208436111111111,1,868,62.53602305475504,7367.530866666681,93.09452553181288
downtime_1040,2022-12-13,14:15:40.053000,14:16:55.089000,00:01:15.036000,False,0 days 00:01:15.036000,75.036,1.2506,0.0208433333333333,1,869,62.60806916426513,7368.781466666681,93.11032784275491
downtime_726,2022-10-25,16:35:23.148000,16:36:38.184000,00:01:15.036000,False,0 days 00:01:15.036000,75.036,1.2506,0.0208433333333333,1,870,62.680115273775215,7370.032066666681,93.12613015369695
downtime_1292,2023-01-19,17:09:43.655000,17:10:58.690000,00:01:15.035000,False,0 days 00:01:15.035000,75.035,1.2505833333333334,0.0208430555555555,1,871,62.7521613832853,7371.282650000015,93.14193225404259
downtime_176,2022-09-02,15:07:36.925000,15:08:51.959000,00:01:15.034000,False,0 days 00:01:15.034000,75.034,1.2505666666666668,0.0208427777777777,1,872,62.824207492795395,7372.533216666681,93.15773414379184
downtime_669,2022-10-13,16:28:49.254000,16:30:04.287000,00:01:15.033000,False,0 days 00:01:15.033000,75.033,1.25055,0.0208425,1,873,62.89625360230547,7373.783766666681,93.17353582294469
downtime_191,2022-09-02,15:55:52.599000,15:57:07.632000,00:01:15.033000,False,0 days 00:01:15.033000,75.033,1.25055,0.0208425,1,874,62.96829971181557,7375.034316666681,93.18933750209753
downtime_764,2022-11-28,16:27:02.607000,16:28:17.640000,00:01:15.033000,False,0 days 00:01:15.033000,75.033,1.25055,0.0208425,1,875,63.04034582132565,7376.2848666666805,93.20513918125039
downtime_173,2022-09-02,14:58:21.903000,14:59:36.934000,00:01:15.031000,False,0 days 00:01:15.031000,75.031,1.2505166666666667,0.0208419444444444,1,876,63.112391930835734,7377.535383333347,93.22094043921047
downtime_540,2022-10-07,15:35:54.317000,15:37:09.347000,00:01:15.030000,False,0 days 00:01:15.030000,75.03,1.2505,0.0208416666666666,1,877,63.184438040345825,7378.785883333348,93.23674148657413
downtime_953,2022-11-28,16:21:41.676000,16:22:56.706000,00:01:15.030000,False,0 days 00:01:15.030000,75.03,1.2505,0.0208416666666666,1,878,63.25648414985591,7380.036383333348,93.25254253393781
downtime_1348,2023-01-31,16:22:00.526000,16:23:15.554000,00:01:15.028000,False,0 days 00:01:15.028000,75.028,1.2504666666666668,0.0208411111111111,1,879,63.32853025936599,7381.286850000014,93.26834316010869
downtime_480,2022-09-28,14:42:28.559000,14:43:43.585000,00:01:15.026000,False,0 days 00:01:15.026000,75.026,1.2504333333333333,0.0208405555555555,1,880,63.40057636887608,7382.537283333348,93.2841433650868
downtime_874,2022-11-08,17:27:09.316000,17:28:24.340000,00:01:15.024000,False,0 days 00:01:15.024000,75.024,1.2504,0.02084,1,881,63.472622478386164,7383.787683333348,93.29994314887212
downtime_982,2022-12-05,12:12:50.022000,12:14:05.045000,00:01:15.023000,False,0 days 00:01:15.023000,75.023,1.2503833333333332,0.0208397222222222,1,882,63.54466858789626,7385.038066666681,93.31574272206103
downtime_573,2022-10-10,13:58:42.030000,13:59:57.053000,00:01:15.023000,False,0 days 00:01:15.023000,75.023,1.2503833333333332,0.0208397222222222,1,883,63.61671469740634,7386.288450000014,93.33154229524996
downtime_957,2022-11-28,17:50:50.333000,17:52:05.355000,00:01:15.022000,False,0 days 00:01:15.022000,75.022,1.2503666666666668,0.0208394444444444,1,884,63.68876080691642,7387.538816666681,93.34734165784249
downtime_1131,2022-12-21,11:48:31.181000,11:49:46.203000,00:01:15.022000,False,0 days 00:01:15.022000,75.022,1.2503666666666668,0.0208394444444444,1,885,63.76080691642652,7388.789183333348,93.36314102043502
downtime_853,2022-11-03,16:14:03.007000,16:15:18.029000,00:01:15.022000,False,0 days 00:01:15.022000,75.022,1.2503666666666668,0.0208394444444444,1,886,63.8328530259366,7390.039550000015,93.37894038302757
downtime_841,2022-11-03,15:45:47.905000,15:47:02.926000,00:01:15.021000,False,0 days 00:01:15.021000,75.021,1.25035,0.0208391666666666,1,887,63.90489913544669,7391.289900000015,93.3947395350237
downtime_868,2022-11-08,14:54:23.876000,14:55:38.897000,00:01:15.021000,False,0 days 00:01:15.021000,75.021,1.25035,0.0208391666666666,1,888,63.976945244956774,7392.5402500000155,93.41053868701985
downtime_1067,2022-12-19,11:33:51.088000,11:35:06.108000,00:01:15.020000,False,0 days 00:01:15.020000,75.02,1.2503333333333333,0.0208388888888888,1,889,64.04899135446685,7393.790583333349,93.4263376284196
downtime_703,2022-10-24,15:52:59.548000,15:54:14.567000,00:01:15.019000,False,0 days 00:01:15.019000,75.019,1.2503166666666667,0.0208386111111111,1,890,64.12103746397695,7395.040900000015,93.44213635922294
downtime_032,2022-07-22,16:05:38.791000,16:06:53.809000,00:01:15.018000,False,0 days 00:01:15.018000,75.018,1.2503,0.0208383333333333,1,891,64.19308357348703,7396.291200000015,93.4579348794299
downtime_835,2022-11-03,15:28:47.857000,15:30:02.875000,00:01:15.018000,False,0 days 00:01:15.018000,75.018,1.2503,0.0208383333333333,1,892,64.26512968299711,7397.541500000015,93.47373339963684
downtime_103,2022-07-26,16:41:00.408000,16:42:15.424000,00:01:15.016000,False,0 days 00:01:15.016000,75.016,1.2502666666666669,0.0208377777777777,1,893,64.33717579250721,7398.791766666682,93.48953149865102
downtime_522,2022-10-07,14:38:09.156000,14:39:24.172000,00:01:15.016000,False,0 days 00:01:15.016000,75.016,1.2502666666666669,0.0208377777777777,1,894,64.4092219020173,7400.042033333349,93.5053295976652
downtime_648,2022-10-13,15:01:19.015000,15:02:34.031000,00:01:15.016000,False,0 days 00:01:15.016000,75.016,1.2502666666666669,0.0208377777777777,1,895,64.48126801152738,7401.2923000000155,93.52112769667939
downtime_730,2022-10-26,16:47:46.059000,16:49:01.074000,00:01:15.015000,False,0 days 00:01:15.015000,75.015,1.25025,0.0208375,1,896,64.55331412103746,7402.542550000016,93.53692558509717
downtime_716,2022-10-24,17:23:44.820000,17:24:59.835000,00:01:15.015000,False,0 days 00:01:15.015000,75.015,1.25025,0.0208375,1,897,64.62536023054754,7403.792800000016,93.55272347351494
downtime_854,2022-11-03,16:18:33.014000,16:19:48.028000,00:01:15.014000,False,0 days 00:01:15.014000,75.014,1.2502333333333333,0.0208372222222222,1,898,64.69740634005764,7405.043033333349,93.56852115133633
downtime_544,2022-10-07,15:45:54.346000,15:47:09.360000,00:01:15.014000,False,0 days 00:01:15.014000,75.014,1.2502333333333333,0.0208372222222222,1,899,64.76945244956772,7406.293266666682,93.58431882915771
downtime_572,2022-10-10,13:55:57.038000,13:57:12.051000,00:01:15.013000,False,0 days 00:01:15.013000,75.013,1.2502166666666668,0.0208369444444444,1,900,64.84149855907782,7407.543483333348,93.6001162963827
downtime_711,2022-10-24,16:12:29.611000,16:13:44.623000,00:01:15.012000,False,0 days 00:01:15.012000,75.012,1.2502,0.0208366666666666,1,901,64.9135446685879,7408.793683333349,93.61591355301131
downtime_842,2022-11-03,15:48:02.911000,15:49:17.923000,00:01:15.012000,False,0 days 00:01:15.012000,75.012,1.2502,0.0208366666666666,1,902,64.98559077809799,7410.043883333349,93.63171080963991
downtime_691,2022-10-24,14:39:59.388000,14:41:14.400000,00:01:15.012000,False,0 days 00:01:15.012000,75.012,1.2502,0.0208366666666666,1,903,65.05763688760807,7411.29408333335,93.64750806626851
downtime_021,2022-07-22,15:03:38.642000,15:04:53.651000,00:01:15.009000,False,0 days 00:01:15.009000,75.009,1.25015,0.0208358333333333,1,904,65.12968299711815,7412.544233333349,93.66330469110794
downtime_816,2022-11-03,13:59:17.612000,14:00:32.621000,00:01:15.009000,False,0 days 00:01:15.009000,75.009,1.25015,0.0208358333333333,1,905,65.20172910662824,7413.794383333349,93.67910131594735
downtime_1220,2022-12-30,14:42:42.043000,14:43:57.052000,00:01:15.009000,False,0 days 00:01:15.009000,75.009,1.25015,0.0208358333333333,1,906,65.27377521613833,7415.044533333349,93.69489794078677
downtime_851,2022-11-03,16:09:32.971000,16:10:47.979000,00:01:15.008000,False,0 days 00:01:15.008000,75.008,1.250133333333333,0.0208355555555555,1,907,65.34582132564842,7416.294666666682,93.7106943550298
downtime_550,2022-10-07,16:13:54.426000,16:15:09.434000,00:01:15.008000,False,0 days 00:01:15.008000,75.008,1.250133333333333,0.0208355555555555,1,908,65.4178674351585,7417.544800000015,93.72649076927283
downtime_489,2022-09-28,15:15:43.648000,15:16:58.655000,00:01:15.007000,False,0 days 00:01:15.007000,75.007,1.2501166666666668,0.0208352777777777,1,909,65.48991354466858,7418.794916666682,93.74228697291947
downtime_752,2022-10-26,17:43:16.231000,17:44:31.238000,00:01:15.007000,False,0 days 00:01:15.007000,75.007,1.2501166666666668,0.0208352777777777,1,910,65.56195965417866,7420.045033333349,93.7580831765661
downtime_820,2022-11-03,14:15:32.656000,14:16:47.663000,00:01:15.007000,False,0 days 00:01:15.007000,75.007,1.2501166666666668,0.0208352777777777,1,911,65.63400576368876,7421.295150000016,93.77387938021275
downtime_675,2022-10-24,14:02:59.243000,14:04:14.250000,00:01:15.007000,False,0 days 00:01:15.007000,75.007,1.2501166666666668,0.0208352777777777,1,912,65.70605187319885,7422.545266666683,93.78967558385939
downtime_360,2022-09-15,13:57:32.038000,13:58:47.045000,00:01:15.007000,False,0 days 00:01:15.007000,75.007,1.2501166666666668,0.0208352777777777,1,913,65.77809798270894,7423.79538333335,93.80547178750604
downtime_370,2022-09-15,14:25:02.130000,14:26:17.137000,00:01:15.007000,False,0 days 00:01:15.007000,75.007,1.2501166666666668,0.0208352777777777,1,914,65.85014409221903,7425.0455000000175,93.82126799115268
downtime_1352,2023-01-31,16:41:00.579000,16:42:15.586000,00:01:15.007000,False,0 days 00:01:15.007000,75.007,1.2501166666666668,0.0208352777777777,1,915,65.92219020172911,7426.2956166666845,93.83706419479931
downtime_680,2022-10-24,14:13:44.279000,14:14:59.285000,00:01:15.006000,False,0 days 00:01:15.006000,75.006,1.2501,0.020835,1,916,65.99423631123919,7427.545716666685,93.85286018784956
downtime_940,2022-11-23,15:51:28.619000,15:52:43.625000,00:01:15.006000,False,0 days 00:01:15.006000,75.006,1.2501,0.020835,1,917,66.06628242074927,7428.795816666685,93.86865618089982
downtime_1252,2023-01-13,15:15:24.671000,15:16:39.677000,00:01:15.006000,True,0 days 00:01:15.006000,75.006,1.2501,0.020835,1,918,66.13832853025937,7430.045916666685,93.88445217395005
downtime_300,2022-09-12,15:12:02.230000,15:13:17.236000,00:01:15.006000,False,0 days 00:01:15.006000,75.006,1.2501,0.020835,1,919,66.21037463976946,7431.296016666685,93.9002481670003
downtime_212,2022-09-06,14:41:28.393000,14:42:43.398000,00:01:15.005000,False,0 days 00:01:15.005000,75.005,1.2500833333333332,0.0208347222222222,1,920,66.28242074927954,7432.546100000019,93.91604394945415
downtime_1322,2023-01-27,11:45:17.511000,11:46:32.516000,00:01:15.005000,False,0 days 00:01:15.005000,75.005,1.2500833333333332,0.0208347222222222,1,921,66.35446685878964,7433.796183333352,93.93183973190801
downtime_1191,2022-12-27,16:55:49.780000,16:57:04.785000,00:01:15.005000,False,0 days 00:01:15.005000,75.005,1.2500833333333332,0.0208347222222222,1,922,66.4265129682997,7435.046266666685,93.94763551436185
downtime_013,2022-07-22,12:36:33.889000,12:37:48.894000,00:01:15.005000,False,0 days 00:01:15.005000,75.005,1.2500833333333332,0.0208347222222222,1,923,66.49855907780979,7436.296350000019,93.9634312968157
downtime_942,2022-11-23,16:00:58.645000,16:02:13.650000,00:01:15.005000,False,0 days 00:01:15.005000,75.005,1.2500833333333332,0.0208347222222222,1,924,66.57060518731988,7437.546433333352,93.97922707926955
downtime_387,2022-09-15,15:33:02.305000,15:34:17.309000,00:01:15.004000,False,0 days 00:01:15.004000,75.004,1.2500666666666669,0.0208344444444444,1,925,66.64265129682997,7438.796500000019,93.995022651127
downtime_577,2022-10-10,14:09:12.061000,14:10:27.065000,00:01:15.004000,False,0 days 00:01:15.004000,75.004,1.2500666666666669,0.0208344444444444,1,926,66.71469740634006,7440.046566666685,94.01081822298445
downtime_629,2022-10-13,11:17:48.395000,11:19:03.399000,00:01:15.004000,False,0 days 00:01:15.004000,75.004,1.2500666666666669,0.0208344444444444,1,927,66.78674351585015,7441.296633333352,94.02661379484192
downtime_1236,2023-01-11,15:27:04.804000,15:28:19.808000,00:01:15.004000,False,0 days 00:01:15.004000,75.004,1.2500666666666669,0.0208344444444444,1,928,66.85878962536023,7442.546700000018,94.04240936669937
downtime_1237,2023-01-11,15:35:49.831000,15:37:04.835000,00:01:15.004000,False,0 days 00:01:15.004000,75.004,1.2500666666666669,0.0208344444444444,1,929,66.93083573487031,7443.796766666685,94.05820493855683
downtime_687,2022-10-24,14:30:44.319000,14:31:59.323000,00:01:15.004000,False,0 days 00:01:15.004000,75.004,1.2500666666666669,0.0208344444444444,1,930,67.0028818443804,7445.046833333351,94.07400051041428
downtime_366,2022-09-15,14:16:02.088000,14:17:17.092000,00:01:15.004000,False,0 days 00:01:15.004000,75.004,1.2500666666666669,0.0208344444444444,1,931,67.0749279538905,7446.296900000018,94.08979608227173
downtime_685,2022-10-24,14:25:44.308000,14:26:59.312000,00:01:15.004000,False,0 days 00:01:15.004000,75.004,1.2500666666666669,0.0208344444444444,1,932,67.14697406340058,7447.546966666684,94.1055916541292
downtime_939,2022-11-23,15:45:43.600000,15:46:58.604000,00:01:15.004000,False,0 days 00:01:15.004000,75.004,1.2500666666666669,0.0208344444444444,1,933,67.21902017291066,7448.797033333351,94.12138722598665
downtime_537,2022-10-07,15:28:39.309000,15:29:54.313000,00:01:15.004000,False,0 days 00:01:15.004000,75.004,1.2500666666666669,0.0208344444444444,1,934,67.29106628242076,7450.047100000017,94.1371827978441
downtime_994,2022-12-06,07:47:55.201000,07:49:10.205000,00:01:15.004000,False,0 days 00:01:15.004000,75.004,1.2500666666666669,0.0208344444444444,1,935,67.36311239193084,7451.297166666684,94.15297836970156
downtime_1066,2022-12-19,11:31:36.084000,11:32:51.087000,00:01:15.003000,False,0 days 00:01:15.003000,75.003,1.25005,0.0208341666666666,1,936,67.43515850144092,7452.547216666683,94.16877373096261
downtime_1256,2023-01-13,15:53:09.778000,15:54:24.781000,00:01:15.003000,True,0 days 00:01:15.003000,75.003,1.25005,0.0208341666666666,1,937,67.507204610951,7453.797266666683,94.18456909222368
downtime_254,2022-09-08,14:29:49.905000,14:31:04.908000,00:01:15.003000,False,0 days 00:01:15.003000,75.003,1.25005,0.0208341666666666,1,938,67.57925072046109,7455.0473166666825,94.20036445348474
downtime_003,2022-07-22,12:08:03.806000,12:09:18.809000,00:01:15.003000,False,0 days 00:01:15.003000,75.003,1.25005,0.0208341666666666,1,939,67.65129682997119,7456.297366666682,94.21615981474581
downtime_561,2022-10-07,16:52:24.534000,16:53:39.537000,00:01:15.003000,False,0 days 00:01:15.003000,75.003,1.25005,0.0208341666666666,1,940,67.72334293948127,7457.547416666682,94.23195517600685
downtime_174,2022-09-02,15:02:36.912000,15:03:51.915000,00:01:15.003000,False,0 days 00:01:15.003000,75.003,1.25005,0.0208341666666666,1,941,67.79538904899135,7458.797466666681,94.24775053726792
downtime_1003,2022-12-06,16:06:01.099000,16:07:16.102000,00:01:15.003000,False,0 days 00:01:15.003000,75.003,1.25005,0.0208341666666666,1,942,67.86743515850145,7460.047516666681,94.26354589852897
downtime_1023,2022-12-13,10:16:54.376000,10:18:09.379000,00:01:15.003000,False,0 days 00:01:15.003000,75.003,1.25005,0.0208341666666666,1,943,67.93948126801152,7461.297566666681,94.27934125979004
downtime_277,2022-09-12,13:46:16.995000,13:47:31.998000,00:01:15.003000,False,0 days 00:01:15.003000,75.003,1.25005,0.0208341666666666,1,944,68.01152737752162,7462.54761666668,94.2951366210511
downtime_194,2022-09-02,16:04:07.624000,16:05:22.626000,00:01:15.002000,False,0 days 00:01:15.002000,75.002,1.250033333333333,0.0208338888888888,1,945,68.0835734870317,7463.797650000014,94.31093177171577
downtime_1361,2023-02-07,14:34:15.955000,14:35:30.957000,00:01:15.002000,False,0 days 00:01:15.002000,75.002,1.250033333333333,0.0208338888888888,1,946,68.15561959654178,7465.047683333348,94.32672692238046
downtime_1337,2023-01-31,13:55:30.109000,13:56:45.111000,00:01:15.002000,False,0 days 00:01:15.002000,75.002,1.250033333333333,0.0208338888888888,1,947,68.22766570605188,7466.2977166666815,94.34252207304513
downtime_1001,2022-12-06,15:54:01.066000,15:55:16.068000,00:01:15.002000,False,0 days 00:01:15.002000,75.002,1.250033333333333,0.0208338888888888,1,948,68.29971181556196,7467.547750000015,94.3583172237098
downtime_1149,2022-12-22,11:13:45.328000,11:15:00.330000,00:01:15.002000,False,0 days 00:01:15.002000,75.002,1.250033333333333,0.0208338888888888,1,949,68.37175792507205,7468.797783333349,94.37411237437448
downtime_347,2022-09-15,11:50:46.684000,11:52:01.686000,00:01:15.002000,False,0 days 00:01:15.002000,75.002,1.250033333333333,0.0208338888888888,1,950,68.44380403458213,7470.047816666683,94.38990752503915
downtime_710,2022-10-24,16:10:14.604000,16:11:29.605000,00:01:15.001000,False,0 days 00:01:15.001000,75.001,1.2500166666666668,0.0208336111111111,1,951,68.51585014409221,7471.297833333349,94.40570246510744
downtime_707,2022-10-24,16:02:44.583000,16:03:59.584000,00:01:15.001000,False,0 days 00:01:15.001000,75.001,1.2500166666666668,0.0208336111111111,1,952,68.58789625360231,7472.547850000016,94.42149740517571
downtime_209,2022-09-06,14:27:28.359000,14:28:43.360000,00:01:15.001000,False,0 days 00:01:15.001000,75.001,1.2500166666666668,0.0208336111111111,1,953,68.65994236311239,7473.797866666683,94.43729234524399
downtime_525,2022-10-07,14:48:39.190000,14:49:54.190000,00:01:15,False,0 days 00:01:15,75.0,1.25,0.0208333333333333,1,954,68.73198847262248,7475.047866666683,94.45308707471588
downtime_359,2022-09-15,13:55:32.038000,13:56:47.038000,00:01:15,False,0 days 00:01:15,75.0,1.25,0.0208333333333333,1,955,68.80403458213257,7476.297866666683,94.46888180418776
downtime_743,2022-10-26,17:18:46.176000,17:20:01.176000,00:01:15,False,0 days 00:01:15,75.0,1.25,0.0208333333333333,1,956,68.87608069164266,7477.547866666683,94.48467653365965
downtime_1050,2022-12-13,16:35:40.446000,16:36:55.446000,00:01:15,False,0 days 00:01:15,75.0,1.25,0.0208333333333333,1,957,68.94812680115274,7478.797866666683,94.50047126313153
downtime_166,2022-09-02,14:31:21.826000,14:32:36.826000,00:01:15,False,0 days 00:01:15,75.0,1.25,0.0208333333333333,1,958,69.02017291066282,7480.047866666683,94.51626599260342
downtime_125,2022-08-01,15:12:47.387000,15:14:02.387000,00:01:15,False,0 days 00:01:15,75.0,1.25,0.0208333333333333,1,959,69.0922190201729,7481.297866666683,94.5320607220753
downtime_230,2022-09-06,16:37:43.722000,16:38:58.721000,00:01:14.999000,False,0 days 00:01:14.999000,74.999,1.2499833333333332,0.0208330555555555,1,960,69.164265129683,7482.547850000016,94.5478552409508
downtime_704,2022-10-24,15:55:14.585000,15:56:29.584000,00:01:14.999000,False,0 days 00:01:14.999000,74.999,1.2499833333333332,0.0208330555555555,1,961,69.23631123919309,7483.797833333349,94.56364975982629
downtime_376,2022-09-15,14:54:17.198000,14:55:32.197000,00:01:14.999000,False,0 days 00:01:14.999000,74.999,1.2499833333333332,0.0208330555555555,1,962,69.30835734870317,7485.047816666683,94.57944427870179
downtime_181,2022-09-02,15:18:51.963000,15:20:06.961000,00:01:14.998000,False,0 days 00:01:14.998000,74.998,1.249966666666667,0.0208327777777777,1,963,69.38040345821325,7486.297783333349,94.59523858698088
downtime_1303,2023-01-20,16:39:39.156000,16:40:54.154000,00:01:14.998000,False,0 days 00:01:14.998000,74.998,1.249966666666667,0.0208327777777777,1,964,69.45244956772333,7487.547750000015,94.61103289525997
downtime_744,2022-10-26,17:21:01.160000,17:22:16.158000,00:01:14.998000,False,0 days 00:01:14.998000,74.998,1.249966666666667,0.0208327777777777,1,965,69.52449567723343,7488.7977166666815,94.62682720353907
downtime_684,2022-10-24,14:23:14.308000,14:24:29.306000,00:01:14.998000,False,0 days 00:01:14.998000,74.998,1.249966666666667,0.0208327777777777,1,966,69.59654178674351,7490.047683333348,94.64262151181816
downtime_1051,2022-12-13,16:46:55.479000,16:48:10.477000,00:01:14.998000,False,0 days 00:01:14.998000,74.998,1.249966666666667,0.0208327777777777,1,967,69.6685878962536,7491.297650000014,94.65841582009725
downtime_1243,2023-01-11,16:19:19.976000,16:20:34.973000,00:01:14.997000,False,0 days 00:01:14.997000,74.997,1.24995,0.0208325,1,968,69.7406340057637,7492.547600000014,94.67420991777996
downtime_739,2022-10-26,17:10:01.158000,17:11:16.154000,00:01:14.996000,False,0 days 00:01:14.996000,74.996,1.2499333333333331,0.0208322222222222,1,969,69.81268011527378,7493.797533333348,94.69000380486628
downtime_773,2022-11-28,17:00:47.706000,17:02:02.701000,00:01:14.995000,False,0 days 00:01:14.995000,74.995,1.2499166666666668,0.0208319444444444,1,970,69.88472622478386,7495.047450000015,94.7057974813562
downtime_570,2022-10-10,13:51:42.024000,13:52:57.019000,00:01:14.995000,False,0 days 00:01:14.995000,74.995,1.2499166666666668,0.0208319444444444,1,971,69.95677233429394,7496.297366666681,94.72159115784612
downtime_967,2022-12-02,13:46:06.605000,13:47:21.600000,00:01:14.995000,False,0 days 00:01:14.995000,74.995,1.2499166666666668,0.0208319444444444,1,972,70.02881844380403,7497.547283333348,94.73738483433604
downtime_545,2022-10-07,15:48:09.372000,15:49:24.366000,00:01:14.994000,False,0 days 00:01:14.994000,74.994,1.2499,0.0208316666666666,1,973,70.10086455331412,7498.797183333348,94.75317830022956
downtime_738,2022-10-26,17:07:46.151000,17:09:01.145000,00:01:14.994000,False,0 days 00:01:14.994000,74.994,1.2499,0.0208316666666666,1,974,70.17291066282421,7500.0470833333475,94.76897176612309
downtime_542,2022-10-07,15:41:09.343000,15:42:24.336000,00:01:14.993000,False,0 days 00:01:14.993000,74.993,1.2498833333333332,0.0208313888888888,1,975,70.2449567723343,7501.29696666668,94.78476502142023
downtime_965,2022-12-02,13:31:06.564000,13:32:21.557000,00:01:14.993000,False,0 days 00:01:14.993000,74.993,1.2498833333333332,0.0208313888888888,1,976,70.31700288184439,7502.546850000013,94.80055827671735
downtime_375,2022-09-15,14:52:02.215000,14:53:17.208000,00:01:14.993000,False,0 days 00:01:14.993000,74.993,1.2498833333333332,0.0208313888888888,1,977,70.38904899135446,7503.796733333346,94.8163515320145
downtime_802,2022-11-03,11:34:25.464000,11:35:40.456000,00:01:14.992000,False,0 days 00:01:14.992000,74.992,1.249866666666667,0.0208311111111111,1,978,70.46109510086455,7505.046600000013,94.83214457671522
downtime_097,2022-07-26,16:12:15.321000,16:13:30.313000,00:01:14.992000,False,0 days 00:01:14.992000,74.992,1.249866666666667,0.0208311111111111,1,979,70.53314121037464,7506.29646666668,94.84793762141598
downtime_844,2022-11-03,15:52:47.949000,15:54:02.941000,00:01:14.992000,False,0 days 00:01:14.992000,74.992,1.249866666666667,0.0208311111111111,1,980,70.60518731988472,7507.546333333347,94.86373066611672
downtime_196,2022-09-02,16:11:07.653000,16:12:22.644000,00:01:14.991000,False,0 days 00:01:14.991000,74.991,1.24985,0.0208308333333333,1,981,70.67723342939482,7508.7961833333475,94.87952350022107
downtime_900,2022-11-15,11:06:20.641000,11:07:35.632000,00:01:14.991000,False,0 days 00:01:14.991000,74.991,1.24985,0.0208308333333333,1,982,70.7492795389049,7510.046033333348,94.89531633432541
downtime_1305,2023-01-20,17:41:24.332000,17:42:39.323000,00:01:14.991000,False,0 days 00:01:14.991000,74.991,1.24985,0.0208308333333333,1,983,70.82132564841498,7511.295883333348,94.91110916842977
downtime_917,2022-11-21,13:52:36.265000,13:53:51.255000,00:01:14.990000,False,0 days 00:01:14.990000,74.99,1.2498333333333334,0.0208305555555555,1,984,70.89337175792507,7512.545716666681,94.92690179193772
downtime_510,2022-10-07,14:02:24.065000,14:03:39.055000,00:01:14.990000,False,0 days 00:01:14.990000,74.99,1.2498333333333334,0.0208305555555555,1,985,70.96541786743515,7513.795550000014,94.94269441544569
downtime_575,2022-10-10,14:04:27.073000,14:05:42.063000,00:01:14.990000,False,0 days 00:01:14.990000,74.99,1.2498333333333334,0.0208305555555555,1,986,71.03746397694525,7515.045383333348,94.95848703895365
downtime_1121,2022-12-21,10:53:42.160000,10:54:57.149000,00:01:14.989000,False,0 days 00:01:14.989000,74.989,1.2498166666666668,0.0208302777777777,1,987,71.10951008645533,7516.295200000014,94.9742794518652
downtime_686,2022-10-24,14:28:14.348000,14:29:29.336000,00:01:14.988000,False,0 days 00:01:14.988000,74.988,1.2498,0.02083,1,988,71.18155619596543,7517.545000000014,94.99007165418037
downtime_216,2022-09-06,15:01:43.467000,15:02:58.454000,00:01:14.987000,False,0 days 00:01:14.987000,74.987,1.2497833333333332,0.0208297222222222,1,989,71.25360230547551,7518.794783333347,95.00586364589914
downtime_869,2022-11-08,14:59:08.901000,15:00:23.888000,00:01:14.987000,False,0 days 00:01:14.987000,74.987,1.2497833333333332,0.0208297222222222,1,990,71.3256484149856,7520.044566666681,95.02165563761793
downtime_583,2022-10-10,14:23:42.120000,14:24:57.106000,00:01:14.986000,False,0 days 00:01:14.986000,74.986,1.2497666666666667,0.0208294444444444,1,991,71.39769452449568,7521.294333333348,95.03744741874031
downtime_232,2022-09-06,16:46:13.759000,16:47:28.745000,00:01:14.986000,False,0 days 00:01:14.986000,74.986,1.2497666666666667,0.0208294444444444,1,992,71.46974063400576,7522.544100000015,95.05323919986269
downtime_114,2022-07-26,17:33:45.551000,17:35:00.537000,00:01:14.986000,False,0 days 00:01:14.986000,74.986,1.2497666666666667,0.0208294444444444,1,993,71.54178674351584,7523.793866666681,95.06903098098508
downtime_256,2022-09-08,14:46:04.981000,14:47:19.967000,00:01:14.986000,False,0 days 00:01:14.986000,74.986,1.2497666666666667,0.0208294444444444,1,994,71.61383285302594,7525.043633333348,95.08482276210746
downtime_1362,2023-02-07,14:37:00.972000,14:38:15.957000,00:01:14.985000,False,0 days 00:01:14.985000,74.985,1.24975,0.0208291666666666,1,995,71.68587896253602,7526.293383333348,95.10061433263346
downtime_774,2022-11-28,17:03:17.727000,17:04:32.712000,00:01:14.985000,False,0 days 00:01:14.985000,74.985,1.24975,0.0208291666666666,1,996,71.75792507204612,7527.543133333348,95.11640590315945
downtime_1083,2022-12-19,16:37:21.980000,16:38:36.965000,00:01:14.985000,False,0 days 00:01:14.985000,74.985,1.24975,0.0208291666666666,1,997,71.82997118155619,7528.792883333348,95.13219747368544
downtime_586,2022-10-10,14:49:42.195000,14:50:57.179000,00:01:14.984000,False,0 days 00:01:14.984000,74.984,1.2497333333333331,0.0208288888888888,1,998,71.90201729106627,7530.042616666681,95.14798883361505
downtime_355,2022-09-15,13:44:17.046000,13:45:32.029000,00:01:14.983000,False,0 days 00:01:14.983000,74.983,1.2497166666666668,0.0208286111111111,1,999,71.97406340057637,7531.292333333347,95.16377998294824
downtime_543,2022-10-07,15:43:39.360000,15:44:54.342000,00:01:14.982000,False,0 days 00:01:14.982000,74.982,1.2497,0.0208283333333333,1,1000,72.04610951008645,7532.542033333348,95.17957092168506
downtime_1309,2023-01-20,18:47:24.524000,18:48:39.505000,00:01:14.981000,False,0 days 00:01:14.981000,74.981,1.2496833333333333,0.0208280555555555,1,1001,72.11815561959655,7533.791716666681,95.19536164982547
downtime_717,2022-10-24,17:53:14.915000,17:54:29.896000,00:01:14.981000,False,0 days 00:01:14.981000,74.981,1.2496833333333333,0.0208280555555555,1,1002,72.19020172910663,7535.041400000015,95.21115237796589
downtime_706,2022-10-24,16:00:14.592000,16:01:29.571000,00:01:14.979000,False,0 days 00:01:14.979000,74.979,1.24965,0.0208275,1,1003,72.26224783861672,7536.291050000014,95.22694268491352
downtime_091,2022-07-26,15:38:45.234000,15:40:00.213000,00:01:14.979000,False,0 days 00:01:14.979000,74.979,1.24965,0.0208275,1,1004,72.3342939481268,7537.540700000014,95.24273299186116
downtime_336,2022-09-15,10:52:01.549000,10:53:16.527000,00:01:14.978000,False,0 days 00:01:14.978000,74.978,1.2496333333333332,0.0208272222222222,1,1005,72.40634005763688,7538.790333333347,95.25852308821239
downtime_709,2022-10-24,16:07:44.616000,16:08:59.593000,00:01:14.977000,False,0 days 00:01:14.977000,74.977,1.2496166666666668,0.0208269444444444,1,1006,72.47838616714697,7540.039950000014,95.27431297396724
downtime_912,2022-11-15,15:23:51.379000,15:25:06.356000,00:01:14.977000,False,0 days 00:01:14.977000,74.977,1.2496166666666668,0.0208269444444444,1,1007,72.55043227665706,7541.289566666681,95.2901028597221
downtime_692,2022-10-24,14:42:29.394000,14:43:44.371000,00:01:14.977000,False,0 days 00:01:14.977000,74.977,1.2496166666666668,0.0208269444444444,1,1008,72.62247838616715,7542.539183333348,95.30589274547694
downtime_328,2022-09-12,17:01:59.850000,17:03:14.825000,00:01:14.975000,False,0 days 00:01:14.975000,74.975,1.2495833333333333,0.0208263888888888,1,1009,72.69452449567724,7543.788766666681,95.321682210039
downtime_846,2022-11-03,15:57:32.965000,15:58:47.940000,00:01:14.975000,False,0 days 00:01:14.975000,74.975,1.2495833333333333,0.0208263888888888,1,1010,72.76657060518733,7545.038350000014,95.33747167460106
downtime_713,2022-10-24,16:17:29.664000,16:18:44.639000,00:01:14.975000,False,0 days 00:01:14.975000,74.975,1.2495833333333333,0.0208263888888888,1,1011,72.8386167146974,7546.287933333348,95.35326113916312
downtime_304,2022-09-12,15:23:17.296000,15:24:32.267000,00:01:14.971000,False,0 days 00:01:14.971000,74.971,1.2495166666666668,0.0208252777777777,1,1012,72.91066282420749,7547.537450000014,95.36904976133962
downtime_530,2022-10-07,15:11:54.292000,15:13:09.261000,00:01:14.969000,False,0 days 00:01:14.969000,74.969,1.2494833333333333,0.0208247222222222,1,1013,72.98270893371757,7548.786933333347,95.3848379623233
downtime_1085,2022-12-19,16:40:52.002000,16:42:06.967000,00:01:14.965000,False,0 days 00:01:14.965000,74.965,1.2494166666666666,0.0208236111111111,1,1014,73.05475504322767,7550.036350000014,95.40062532092143
downtime_688,2022-10-24,14:33:14.366000,14:34:29.330000,00:01:14.964000,False,0 days 00:01:14.964000,74.964,1.2494,0.0208233333333333,1,1015,73.12680115273776,7551.285750000014,95.41641246892318
downtime_1357,2023-02-07,14:08:45.917000,14:10:00.881000,00:01:14.964000,False,0 days 00:01:14.964000,74.964,1.2494,0.0208233333333333,1,1016,73.19884726224784,7552.535150000013,95.43219961692492
downtime_870,2022-11-08,15:03:38.939000,15:04:53.899000,00:01:14.960000,False,0 days 00:01:14.960000,74.96,1.2493333333333332,0.0208222222222222,1,1017,73.27089337175792,7553.7844833333465,95.44798592254108
downtime_736,2022-10-26,17:03:01.177000,17:04:16.127000,00:01:14.950000,False,0 days 00:01:14.950000,74.95,1.2491666666666668,0.0208194444444444,1,1018,73.342939481268,7555.033650000013,95.46377012219331
downtime_852,2022-11-03,16:11:48.029000,16:13:02.979000,00:01:14.950000,False,0 days 00:01:14.950000,74.95,1.2491666666666668,0.0208194444444444,1,1019,73.4149855907781,7556.2828166666795,95.47955432184555
downtime_911,2022-11-15,15:16:06.380000,15:17:21.327000,00:01:14.947000,False,0 days 00:01:14.947000,74.947,1.2491166666666669,0.0208186111111111,1,1020,73.48703170028818,7557.531933333346,95.49533788970861
downtime_747,2022-10-26,17:29:16.259000,17:30:31.184000,00:01:14.925000,False,0 days 00:01:14.925000,74.925,1.24875,0.0208124999999999,1,1021,73.55907780979827,7558.780683333346,95.51111682445102
downtime_823,2022-11-03,14:23:17.766000,14:24:32.688000,00:01:14.922000,False,0 days 00:01:14.922000,74.922,1.2487,0.0208116666666666,1,1022,73.63112391930837,7560.029383333346,95.52689512740426
downtime_856,2022-11-03,16:23:18.142000,16:24:33.056000,00:01:14.914000,False,0 days 00:01:14.914000,74.914,1.2485666666666666,0.0208094444444444,1,1023,73.70317002881845,7561.277950000013,95.54267174558635
downtime_689,2022-10-24,14:35:29.434000,14:36:44.344000,00:01:14.910000,False,0 days 00:01:14.910000,74.91,1.2485,0.0208083333333333,1,1024,73.77521613832853,7562.526450000013,95.55844752138287
downtime_1340,2023-01-31,14:24:00.302000,14:25:15.193000,00:01:14.891000,False,0 days 00:01:14.891000,74.891,1.2481833333333334,0.0208030555555555,1,1025,73.84726224783861,7563.774633333346,95.57421929584791
downtime_733,2022-10-26,16:56:16.204000,16:57:31.090000,00:01:14.886000,False,0 days 00:01:14.886000,74.886,1.2481,0.0208016666666666,1,1026,73.9193083573487,7565.022733333346,95.589990017331
downtime_325,2022-09-12,16:54:29.929000,16:55:44.806000,00:01:14.877000,False,0 days 00:01:14.877000,74.877,1.24795,0.0207991666666666,1,1027,73.9913544668588,7566.270683333346,95.60575884344655
downtime_792,2022-10-31,15:46:23.870000,15:47:38.714000,00:01:14.844000,False,0 days 00:01:14.844000,74.844,1.2473999999999998,0.02079,1,1028,74.06340057636888,7567.518083333346,95.62152071988115
downtime_619,2022-10-11,12:25:02.593000,12:26:17.431000,00:01:14.838000,False,0 days 00:01:14.838000,74.838,1.2473,0.0207883333333333,1,1029,74.13544668587896,7568.765383333346,95.63728133273737
downtime_647,2022-10-13,13:56:04.017000,13:57:18.835000,00:01:14.818000,False,0 days 00:01:14.818000,74.818,1.2469666666666666,0.0207827777777777,1,1030,74.20749279538906,7570.012350000013,95.65303773366574
downtime_857,2022-11-03,16:25:33.270000,16:26:48.031000,00:01:14.761000,False,0 days 00:01:14.761000,74.761,1.2460166666666666,0.0207669444444444,1,1031,74.27953890489914,7571.25836666668,95.66878213059971
downtime_864,2022-11-03,16:49:03.340000,16:50:18.084000,00:01:14.744000,False,0 days 00:01:14.744000,74.744,1.2457333333333334,0.0207622222222222,1,1032,74.35158501440922,7572.504100000013,95.684522947395
downtime_786,2022-11-28,17:45:33.100000,17:46:47.838000,00:01:14.738000,False,0 days 00:01:14.738000,74.738,1.2456333333333334,0.0207605555555555,1,1033,74.42363112391931,7573.749733333346,95.70026250061193
downtime_645,2022-10-13,13:47:49.077000,13:49:03.812000,00:01:14.735000,False,0 days 00:01:14.735000,74.735,1.2455833333333333,0.0207597222222222,1,1034,74.49567723342939,7574.995316666679,95.71600142203968
downtime_805,2022-11-03,11:41:10.796000,11:42:25.472000,00:01:14.676000,False,0 days 00:01:14.676000,74.676,1.2446,0.0207433333333333,1,1035,74.56772334293949,7576.239916666679,95.73172791828024
downtime_788,2022-10-31,11:58:09.168000,11:59:23.198000,00:01:14.030000,False,0 days 00:01:14.030000,74.03,1.2338333333333331,0.0205638888888888,1,1036,74.63976945244957,7577.473750000013,95.74731836925096
downtime_261,2022-09-08,15:07:05.009000,15:08:17.603000,00:01:12.594000,False,0 days 00:01:12.594000,72.594,1.2099,0.020165,1,1037,74.71181556195965,7578.683650000013,95.76260640380139
downtime_242,2022-09-06,17:17:13.847000,17:18:15.306000,00:01:01.459000,False,0 days 00:01:01.459000,61.459,1.0243166666666668,0.0170719444444444,1,1038,74.78386167146974,7579.70796666668,95.77554944751621
downtime_151,2022-08-04,15:55:04.346000,15:56:04.820000,00:01:00.474000,False,0 days 00:01:00.474000,60.474,1.0079,0.0167983333333333,1,1039,74.85590778097982,7580.715866666679,95.78828505378398
downtime_639,2022-10-13,11:50:18.491000,11:51:18.912000,00:01:00.421000,False,0 days 00:01:00.421000,60.421,1.007016666666667,0.0167836111111111,1,1040,74.92795389048992,7581.722883333346,95.80100949844292
downtime_1129,2022-12-21,11:38:01.177000,11:39:01.440000,00:01:00.263000,False,0 days 00:01:00.263000,60.263,1.0043833333333334,0.0167397222222222,1,1041,75.0,7582.727266666679,95.81370066887177
downtime_1103,2022-12-20,15:57:12.047000,15:58:12.288000,00:01:00.241000,False,0 days 00:01:00.241000,60.241,1.0040166666666666,0.0167336111111111,1,1042,75.07204610951008,7583.731283333345,95.82638720618
downtime_636,2022-10-13,11:35:48.449000,11:36:48.654000,00:01:00.205000,False,0 days 00:01:00.205000,60.205,1.0034166666666666,0.0167236111111111,1,1043,75.14409221902018,7584.734700000012,95.83906616201804
downtime_223,2022-09-06,15:57:43.606000,15:58:43.776000,00:01:00.170000,False,0 days 00:01:00.170000,60.17,1.0028333333333337,0.0167138888888888,1,1044,75.21613832853026,7585.737533333345,95.85173774698235
downtime_1108,2022-12-20,16:48:42.190000,16:49:42.353000,00:01:00.163000,False,0 days 00:01:00.163000,60.163,1.0027166666666667,0.0167119444444444,1,1045,75.28818443804035,7586.740250000012,95.86440785777192
downtime_890,2022-11-11,17:04:21.165000,17:05:21.326000,00:01:00.161000,False,0 days 00:01:00.161000,60.161,1.0026833333333334,0.0167113888888888,1,1046,75.36023054755043,7587.742933333345,95.8770775473687
downtime_482,2022-09-28,14:49:13.576000,14:50:13.733000,00:01:00.157000,False,0 days 00:01:00.157000,60.157,1.0026166666666667,0.0167102777777777,1,1047,75.43227665706051,7588.7455500000115,95.8897463945799
downtime_873,2022-11-08,17:15:39.266000,17:16:39.422000,00:01:00.156000,False,0 days 00:01:00.156000,60.156,1.0026,0.01671,1,1048,75.50432276657061,7589.748150000011,95.9024150311947
downtime_1137,2022-12-21,14:59:53.069000,15:00:53.203000,00:01:00.134000,False,0 days 00:01:00.134000,60.134,1.0022333333333333,0.0167038888888888,1,1049,75.57636887608069,7590.750383333345,95.91507903468887
downtime_677,2022-10-24,14:07:29.284000,14:08:29.403000,00:01:00.119000,False,0 days 00:01:00.119000,60.119,1.0019833333333332,0.0166997222222222,1,1050,75.64841498559078,7591.752366666678,95.92773987923715
downtime_511,2022-10-07,14:05:54.063000,14:06:54.175000,00:01:00.112000,False,0 days 00:01:00.112000,60.112,1.001866666666667,0.0166977777777777,1,1051,75.72046109510086,7592.754233333345,95.94039924961066
downtime_1206,2022-12-28,14:38:34.638000,14:39:34.749000,00:01:00.111000,False,0 days 00:01:00.111000,60.111,1.00185,0.0166975,1,1052,75.79250720461094,7593.756083333345,95.9530584093878
downtime_878,2022-11-08,18:19:54.446000,18:20:54.556000,00:01:00.110000,False,0 days 00:01:00.110000,60.11,1.0018333333333334,0.0166972222222222,1,1053,75.86455331412104,7594.757916666678,95.96571735856853
downtime_246,2022-09-08,14:02:34.826000,14:03:34.932000,00:01:00.106000,False,0 days 00:01:00.106000,60.106,1.0017666666666667,0.0166961111111111,1,1054,75.93659942363112,7595.759683333345,95.97837546536368
downtime_449,2022-09-22,11:42:12.700000,11:43:12.805000,00:01:00.105000,False,0 days 00:01:00.105000,60.105,1.00175,0.0166958333333333,1,1055,76.0086455331412,7596.761433333345,95.99103336156246
downtime_624,2022-10-13,10:59:10.540000,11:00:10.642000,00:01:00.102000,False,0 days 00:01:00.102000,60.102,1.0017,0.0166949999999999,1,1056,76.0806916426513,7597.763133333345,96.00369062597206
downtime_871,2022-11-08,15:10:23.944000,15:11:24.040000,00:01:00.096000,False,0 days 00:01:00.096000,60.096,1.0016,0.0166933333333333,1,1057,76.15273775216139,7598.764733333344,96.01634662680327
downtime_448,2022-09-22,11:34:07.498000,11:35:07.593000,00:01:00.095000,False,0 days 00:01:00.095000,60.095,1.0015833333333333,0.0166930555555555,1,1058,76.22478386167147,7599.766316666678,96.02900241703811
downtime_633,2022-10-13,11:29:03.420000,11:30:03.514000,00:01:00.094000,False,0 days 00:01:00.094000,60.094,1.0015666666666667,0.0166927777777777,1,1059,76.29682997118155,7600.767883333345,96.04165799667656
downtime_790,2022-10-31,14:02:23.408000,14:03:23.499000,00:01:00.091000,False,0 days 00:01:00.091000,60.091,1.0015166666666666,0.0166919444444444,1,1060,76.36887608069163,7601.769400000011,96.05431294452583
downtime_626,2022-10-13,11:07:40.555000,11:08:40.645000,00:01:00.090000,False,0 days 00:01:00.090000,60.09,1.0015,0.0166916666666666,1,1061,76.44092219020173,7602.770900000011,96.0669676817787
downtime_635,2022-10-13,11:33:33.433000,11:34:33.518000,00:01:00.085000,False,0 days 00:01:00.085000,60.085,1.0014166666666666,0.0166902777777777,1,1062,76.51296829971182,7603.772316666678,96.07962136604962
downtime_796,2022-10-31,18:11:09.103000,18:12:09.152000,00:01:00.049000,False,0 days 00:01:00.049000,60.049,1.000816666666667,0.0166802777777777,1,1063,76.5850144092219,7604.773133333345,96.09226746885038
downtime_672,2022-10-24,13:53:29.216000,13:54:29.264000,00:01:00.048000,False,0 days 00:01:00.048000,60.048,1.0008,0.01668,1,1064,76.657060518732,7605.773933333345,96.10491336105476
downtime_146,2022-08-04,12:06:51.211000,12:07:51.258000,00:01:00.047000,False,0 days 00:01:00.047000,60.047,1.0007833333333334,0.0166797222222222,1,1065,76.72910662824208,7606.774716666678,96.11755904266272
downtime_587,2022-10-10,14:53:42.200000,14:54:42.247000,00:01:00.047000,False,0 days 00:01:00.047000,60.047,1.0007833333333334,0.0166797222222222,1,1066,76.80115273775216,7607.775500000011,96.1302047242707
downtime_541,2022-10-07,15:39:09.327000,15:40:09.373000,00:01:00.046000,False,0 days 00:01:00.046000,60.046,1.0007666666666666,0.0166794444444444,1,1067,76.87319884726224,7608.776266666678,96.14285019528228
downtime_520,2022-10-07,14:32:39.164000,14:33:39.210000,00:01:00.046000,False,0 days 00:01:00.046000,60.046,1.0007666666666666,0.0166794444444444,1,1068,76.94524495677233,7609.777033333345,96.15549566629387
downtime_565,2022-10-07,17:19:09.621000,17:20:09.664000,00:01:00.043000,False,0 days 00:01:00.043000,60.043,1.0007166666666667,0.0166786111111111,1,1069,77.01729106628243,7610.777750000011,96.16814050551628
downtime_642,2022-10-13,11:58:33.509000,11:59:33.550000,00:01:00.041000,False,0 days 00:01:00.041000,60.041,1.0006833333333334,0.0166780555555555,1,1070,77.08933717579251,7611.778433333345,96.1807849235459
downtime_843,2022-11-03,15:50:32.916000,15:51:32.956000,00:01:00.040000,False,0 days 00:01:00.040000,60.04,1.0006666666666666,0.0166777777777777,1,1071,77.1613832853026,7612.779100000012,96.19342913097913
downtime_886,2022-11-11,15:52:46.204000,15:53:46.244000,00:01:00.040000,False,0 days 00:01:00.040000,60.04,1.0006666666666666,0.0166777777777777,1,1072,77.23342939481267,7613.779766666678,96.20607333841235
downtime_465,2022-09-22,14:36:13.180000,14:37:13.217000,00:01:00.037000,False,0 days 00:01:00.037000,60.037,1.0006166666666667,0.0166769444444444,1,1073,77.30547550432276,7614.780383333345,96.2187169140564
downtime_800,2022-11-03,11:24:25.440000,11:25:25.474000,00:01:00.034000,False,0 days 00:01:00.034000,60.034,1.0005666666666666,0.0166761111111111,1,1074,77.37752161383285,7615.780950000011,96.23135985791127
downtime_458,2022-09-22,14:02:13.088000,14:03:13.121000,00:01:00.033000,False,0 days 00:01:00.033000,60.033,1.00055,0.0166758333333333,1,1075,77.44956772334294,7616.781500000011,96.24400259116975
downtime_850,2022-11-03,16:07:17.967000,16:08:17.999000,00:01:00.032000,False,0 days 00:01:00.032000,60.032,1.0005333333333333,0.0166755555555555,1,1076,77.52161383285303,7617.782033333344,96.25664511383182
downtime_524,2022-10-07,14:46:39.177000,14:47:39.208000,00:01:00.031000,False,0 days 00:01:00.031000,60.031,1.0005166666666667,0.0166752777777777,1,1077,77.59365994236312,7618.782550000011,96.26928742589752
downtime_863,2022-11-03,16:43:33.064000,16:44:33.095000,00:01:00.031000,False,0 days 00:01:00.031000,60.031,1.0005166666666667,0.0166752777777777,1,1078,77.6657060518732,7619.783066666678,96.2819297379632
downtime_696,2022-10-24,14:58:44.399000,14:59:44.430000,00:01:00.031000,False,0 days 00:01:00.031000,60.031,1.0005166666666667,0.0166752777777777,1,1079,77.73775216138328,7620.783583333345,96.2945720500289
downtime_986,2022-12-05,14:05:50.321000,14:06:50.351000,00:01:00.030000,False,0 days 00:01:00.030000,60.03,1.0005,0.016675,1,1080,77.80979827089337,7621.784083333345,96.3072141514982
downtime_361,2022-09-15,13:59:47.047000,14:00:47.077000,00:01:00.030000,False,0 days 00:01:00.030000,60.03,1.0005,0.016675,1,1081,77.88184438040345,7622.784583333345,96.3198562529675
downtime_746,2022-10-26,17:25:46.169000,17:26:46.199000,00:01:00.030000,False,0 days 00:01:00.030000,60.03,1.0005,0.016675,1,1082,77.95389048991355,7623.785083333345,96.3324983544368
downtime_369,2022-09-15,14:23:17.109000,14:24:17.139000,00:01:00.030000,False,0 days 00:01:00.030000,60.03,1.0005,0.016675,1,1083,78.02593659942363,7624.785583333345,96.34514045590609
downtime_690,2022-10-24,14:37:44.340000,14:38:44.368000,00:01:00.028000,False,0 days 00:01:00.028000,60.028,1.0004666666666666,0.0166744444444444,1,1084,78.09798270893373,7625.7860500000115,96.3577821361826
downtime_424,2022-09-20,13:41:25.734000,13:42:25.762000,00:01:00.028000,False,0 days 00:01:00.028000,60.028,1.0004666666666666,0.0166744444444444,1,1085,78.17002881844381,7626.786516666678,96.37042381645911
downtime_384,2022-09-15,15:18:32.261000,15:19:32.288000,00:01:00.027000,False,0 days 00:01:00.027000,60.027,1.00045,0.0166741666666666,1,1086,78.24207492795388,7627.7869666666775,96.38306528613923
downtime_269,2022-09-08,15:39:35.102000,15:40:35.129000,00:01:00.027000,False,0 days 00:01:00.027000,60.027,1.00045,0.0166741666666666,1,1087,78.31412103746398,7628.787416666677,96.39570675581933
downtime_455,2022-09-22,13:54:28.072000,13:55:28.099000,00:01:00.027000,False,0 days 00:01:00.027000,60.027,1.00045,0.0166741666666666,1,1088,78.38616714697406,7629.787866666677,96.40834822549944
downtime_725,2022-10-25,16:31:38.138000,16:32:38.163000,00:01:00.025000,False,0 days 00:01:00.025000,60.025,1.0004166666666667,0.0166736111111111,1,1089,78.45821325648416,7630.788283333343,96.42098927398678
downtime_1363,2023-02-07,14:40:15.975000,14:41:16,00:01:00.025000,False,0 days 00:01:00.025000,60.025,1.0004166666666667,0.0166736111111111,1,1090,78.53025936599424,7631.78870000001,96.43363032247412
downtime_861,2022-11-03,16:37:48.050000,16:38:48.074000,00:01:00.024000,False,0 days 00:01:00.024000,60.024,1.0004,0.0166733333333333,1,1091,78.60230547550432,7632.78910000001,96.44627116036504
downtime_333,2022-09-15,10:37:01.482000,10:38:01.504000,00:01:00.022000,False,0 days 00:01:00.022000,60.022,1.0003666666666666,0.0166727777777777,1,1092,78.6743515850144,7633.789466666677,96.4589115770632
downtime_456,2022-09-22,13:57:58.089000,13:58:58.111000,00:01:00.022000,False,0 days 00:01:00.022000,60.022,1.0003666666666666,0.0166727777777777,1,1093,78.74639769452449,7634.789833333344,96.47155199376137
downtime_015,2022-07-22,12:48:03.927000,12:49:03.949000,00:01:00.022000,False,0 days 00:01:00.022000,60.022,1.0003666666666666,0.0166727777777777,1,1094,78.81844380403457,7635.790200000011,96.48419241045953
downtime_1266,2023-01-16,12:03:05.613000,12:04:05.635000,00:01:00.022000,False,0 days 00:01:00.022000,60.022,1.0003666666666666,0.0166727777777777,1,1095,78.89048991354467,7636.790566666678,96.49683282715769
downtime_671,2022-10-20,15:49:55.618000,15:50:55.638000,00:01:00.020000,False,0 days 00:01:00.020000,60.02,1.0003333333333333,0.0166722222222222,1,1096,78.96253602305475,7637.790900000012,96.50947282266306
downtime_475,2022-09-22,15:52:05.541000,15:53:05.561000,00:01:00.020000,False,0 days 00:01:00.020000,60.02,1.0003333333333333,0.0166722222222222,1,1097,79.03458213256485,7638.791233333345,96.52211281816842
downtime_470,2022-09-22,15:36:50.512000,15:37:50.531000,00:01:00.019000,False,0 days 00:01:00.019000,60.019,1.0003166666666667,0.0166719444444444,1,1098,79.10662824207493,7639.791550000012,96.53475260307741
downtime_496,2022-09-28,15:34:43.702000,15:35:43.721000,00:01:00.019000,False,0 days 00:01:00.019000,60.019,1.0003166666666667,0.0166719444444444,1,1099,79.17867435158502,7640.791866666678,96.54739238798636
downtime_497,2022-09-28,15:38:58.723000,15:39:58.742000,00:01:00.019000,False,0 days 00:01:00.019000,60.019,1.0003166666666667,0.0166719444444444,1,1100,79.2507204610951,7641.792183333345,96.56003217289533
downtime_1082,2022-12-19,16:35:36.953000,16:36:36.972000,00:01:00.019000,False,0 days 00:01:00.019000,60.019,1.0003166666666667,0.0166719444444444,1,1101,79.32276657060518,7642.792500000011,96.57267195780432
downtime_849,2022-11-03,16:05:02.967000,16:06:02.986000,00:01:00.019000,False,0 days 00:01:00.019000,60.019,1.0003166666666667,0.0166719444444444,1,1102,79.39481268011528,7643.792816666678,96.58531174271329
downtime_342,2022-09-15,11:30:01.624000,11:31:01.643000,00:01:00.019000,False,0 days 00:01:00.019000,60.019,1.0003166666666667,0.0166719444444444,1,1103,79.46685878962536,7644.7931333333445,96.59795152762226
downtime_584,2022-10-10,14:25:42.130000,14:26:42.147000,00:01:00.017000,False,0 days 00:01:00.017000,60.017,1.0002833333333334,0.0166713888888888,1,1104,79.53890489913545,7645.793416666678,96.61059089133846
downtime_758,2022-11-28,16:09:17.570000,16:10:17.587000,00:01:00.017000,False,0 days 00:01:00.017000,60.017,1.0002833333333334,0.0166713888888888,1,1105,79.61095100864554,7646.793700000012,96.62323025505465
downtime_481,2022-09-28,14:44:58.567000,14:45:58.584000,00:01:00.017000,False,0 days 00:01:00.017000,60.017,1.0002833333333334,0.0166713888888888,1,1106,79.68299711815561,7647.793983333346,96.63586961877084
downtime_101,2022-07-26,16:30:00.361000,16:31:00.378000,00:01:00.017000,False,0 days 00:01:00.017000,60.017,1.0002833333333334,0.0166713888888888,1,1107,79.7550432276657,7648.7942666666795,96.64850898248703
downtime_1039,2022-12-13,14:10:25.035000,14:11:25.051000,00:01:00.016000,False,0 days 00:01:00.016000,60.016,1.0002666666666666,0.0166711111111111,1,1108,79.82708933717579,7649.794533333346,96.66114813560684
downtime_748,2022-10-26,17:31:31.187000,17:32:31.203000,00:01:00.016000,False,0 days 00:01:00.016000,60.016,1.0002666666666666,0.0166711111111111,1,1109,79.89913544668588,7650.794800000013,96.67378728872663
downtime_741,2022-10-26,17:14:31.136000,17:15:31.152000,00:01:00.016000,False,0 days 00:01:00.016000,60.016,1.0002666666666666,0.0166711111111111,1,1110,79.97118155619597,7651.79506666668,96.68642644184644
downtime_193,2022-09-02,16:01:37.615000,16:02:37.630000,00:01:00.015000,False,0 days 00:01:00.015000,60.015,1.00025,0.0166708333333333,1,1111,80.04322766570606,7652.79531666668,96.69906538436985
downtime_637,2022-10-13,11:46:03.465000,11:47:03.480000,00:01:00.015000,False,0 days 00:01:00.015000,60.015,1.00025,0.0166708333333333,1,1112,80.11527377521614,7653.79556666668,96.71170432689324
downtime_471,2022-09-22,15:38:50.516000,15:39:50.531000,00:01:00.015000,False,0 days 00:01:00.015000,60.015,1.00025,0.0166708333333333,1,1113,80.18731988472622,7654.79581666668,96.72434326941665
downtime_454,2022-09-22,13:52:28.066000,13:53:28.081000,00:01:00.015000,False,0 days 00:01:00.015000,60.015,1.00025,0.0166708333333333,1,1114,80.2593659942363,7655.79606666668,96.73698221194005
downtime_486,2022-09-28,15:06:43.624000,15:07:43.638000,00:01:00.014000,False,0 days 00:01:00.014000,60.014,1.0002333333333333,0.0166705555555555,1,1115,80.3314121037464,7656.796300000014,96.74962094386706
downtime_478,2022-09-22,16:19:20.622000,16:20:20.636000,00:01:00.014000,False,0 days 00:01:00.014000,60.014,1.0002333333333333,0.0166705555555555,1,1116,80.40345821325649,7657.796533333347,96.76225967579406
downtime_1097,2022-12-20,15:06:56.886000,15:07:56.900000,00:01:00.014000,False,0 days 00:01:00.014000,60.014,1.0002333333333333,0.0166705555555555,1,1117,80.47550432276657,7658.79676666668,96.77489840772107
downtime_887,2022-11-11,15:55:46.218000,15:56:46.232000,00:01:00.014000,False,0 days 00:01:00.014000,60.014,1.0002333333333333,0.0166705555555555,1,1118,80.54755043227667,7659.797000000013,96.78753713964808
downtime_1168,2022-12-23,11:35:05.194000,11:36:05.207000,00:01:00.013000,False,0 days 00:01:00.013000,60.013,1.0002166666666663,0.0166702777777777,1,1119,80.61959654178675,7660.79721666668,96.8001756609787
downtime_353,2022-09-15,13:37:01.982000,13:38:01.995000,00:01:00.013000,False,0 days 00:01:00.013000,60.013,1.0002166666666663,0.0166702777777777,1,1120,80.69164265129683,7661.797433333346,96.81281418230931
downtime_265,2022-09-08,15:27:35.065000,15:28:35.078000,00:01:00.013000,False,0 days 00:01:00.013000,60.013,1.0002166666666663,0.0166702777777777,1,1121,80.76368876080691,7662.797650000012,96.82545270363991
downtime_803,2022-11-03,11:36:55.460000,11:37:55.473000,00:01:00.013000,False,0 days 00:01:00.013000,60.013,1.0002166666666663,0.0166702777777777,1,1122,80.835734870317,7663.797866666679,96.83809122497054
downtime_334,2022-09-15,10:48:01.510000,10:49:01.523000,00:01:00.013000,False,0 days 00:01:00.013000,60.013,1.0002166666666663,0.0166702777777777,1,1123,80.9077809798271,7664.798083333345,96.85072974630114
downtime_795,2022-10-31,17:53:54.059000,17:54:54.071000,00:01:00.012000,False,0 days 00:01:00.012000,60.012,1.0002,0.01667,1,1124,80.97982708933718,7665.798283333345,96.86336805703537
downtime_628,2022-10-13,11:15:40.592000,11:16:40.604000,00:01:00.012000,False,0 days 00:01:00.012000,60.012,1.0002,0.01667,1,1125,81.05187319884726,7666.798483333346,96.8760063677696
downtime_474,2022-09-22,15:50:05.534000,15:51:05.546000,00:01:00.012000,False,0 days 00:01:00.012000,60.012,1.0002,0.01667,1,1126,81.12391930835734,7667.798683333346,96.88864467850384
downtime_226,2022-09-06,16:09:43.643000,16:10:43.655000,00:01:00.012000,False,0 days 00:01:00.012000,60.012,1.0002,0.01667,1,1127,81.19596541786743,7668.798883333347,96.90128298923806
downtime_549,2022-10-07,16:11:54.424000,16:12:54.435000,00:01:00.011000,False,0 days 00:01:00.011000,60.011,1.0001833333333334,0.0166697222222222,1,1128,81.26801152737752,7669.79906666668,96.9139210893759
downtime_1263,2023-01-13,16:26:39.870000,16:27:39.881000,00:01:00.011000,True,0 days 00:01:00.011000,60.011,1.0001833333333334,0.0166697222222222,1,1129,81.34005763688761,7670.799250000014,96.92655918951372
downtime_233,2022-09-06,16:48:13.747000,16:49:13.758000,00:01:00.011000,False,0 days 00:01:00.011000,60.011,1.0001833333333334,0.0166697222222222,1,1130,81.41210374639769,7671.799433333347,96.93919728965156
downtime_1354,2023-02-07,13:41:00.798000,13:42:00.808000,00:01:00.010000,False,0 days 00:01:00.010000,60.01,1.0001666666666666,0.0166694444444444,1,1131,81.48414985590779,7672.799600000014,96.951835179193
downtime_818,2022-11-03,14:04:32.641000,14:05:32.651000,00:01:00.010000,False,0 days 00:01:00.010000,60.01,1.0001666666666666,0.0166694444444444,1,1132,81.55619596541787,7673.799766666681,96.96447306873443
downtime_909,2022-11-15,14:56:06.261000,14:57:06.271000,00:01:00.010000,False,0 days 00:01:00.010000,60.01,1.0001666666666666,0.0166694444444444,1,1133,81.62824207492795,7674.799933333347,96.97711095827589
downtime_930,2022-11-21,17:32:06.870000,17:33:06.880000,00:01:00.010000,False,0 days 00:01:00.010000,60.01,1.0001666666666666,0.0166694444444444,1,1134,81.70028818443804,7675.800100000014,96.98974884781731
downtime_631,2022-10-13,11:24:33.406000,11:25:33.415000,00:01:00.009000,False,0 days 00:01:00.009000,60.009,1.00015,0.0166691666666666,1,1135,81.77233429394812,7676.800250000014,97.00238652676235
downtime_934,2022-11-23,15:18:13.527000,15:19:13.536000,00:01:00.009000,False,0 days 00:01:00.009000,60.009,1.00015,0.0166691666666666,1,1136,81.84438040345822,7677.800400000014,97.0150242057074
downtime_163,2022-09-02,14:23:51.808000,14:24:51.817000,00:01:00.009000,False,0 days 00:01:00.009000,60.009,1.00015,0.0166691666666666,1,1137,81.9164265129683,7678.800550000014,97.02766188465245
downtime_1272,2023-01-16,14:52:51.093000,14:53:51.102000,00:01:00.009000,False,0 days 00:01:00.009000,60.009,1.00015,0.0166691666666666,1,1138,81.98847262247838,7679.800700000013,97.04029956359749
downtime_1002,2022-12-06,15:57:16.073000,15:58:16.082000,00:01:00.009000,False,0 days 00:01:00.009000,60.009,1.00015,0.0166691666666666,1,1139,82.06051873198848,7680.800850000013,97.05293724254253
downtime_472,2022-09-22,15:46:05.524000,15:47:05.533000,00:01:00.009000,False,0 days 00:01:00.009000,60.009,1.00015,0.0166691666666666,1,1140,82.13256484149855,7681.801000000013,97.06557492148758
downtime_132,2022-08-01,16:56:02.911000,16:57:02.919000,00:01:00.008000,False,0 days 00:01:00.008000,60.008,1.000133333333333,0.0166688888888888,1,1141,82.20461095100865,7682.801133333346,97.07821238983621
downtime_1153,2022-12-22,11:55:15.446000,11:56:15.454000,00:01:00.008000,False,0 days 00:01:00.008000,60.008,1.000133333333333,0.0166688888888888,1,1142,82.27665706051873,7683.801266666679,97.09084985818487
downtime_093,2022-07-26,15:47:15.231000,15:48:15.238000,00:01:00.007000,False,0 days 00:01:00.007000,60.007,1.0001166666666663,0.0166686111111111,1,1143,82.34870317002881,7684.801383333346,97.10348711593714
downtime_272,2022-09-08,15:46:20.118000,15:47:20.125000,00:01:00.007000,False,0 days 00:01:00.007000,60.007,1.0001166666666663,0.0166686111111111,1,1144,82.42074927953891,7685.801500000013,97.11612437368939
downtime_352,2022-09-15,13:35:16.975000,13:36:16.982000,00:01:00.007000,False,0 days 00:01:00.007000,60.007,1.0001166666666663,0.0166686111111111,1,1145,82.492795389049,7686.80161666668,97.12876163144166
downtime_141,2022-08-04,11:29:21.102000,11:30:21.109000,00:01:00.007000,False,0 days 00:01:00.007000,60.007,1.0001166666666663,0.0166686111111111,1,1146,82.56484149855908,7687.801733333347,97.14139888919392
downtime_329,2022-09-15,10:18:01.427000,10:19:01.434000,00:01:00.007000,False,0 days 00:01:00.007000,60.007,1.0001166666666663,0.0166686111111111,1,1147,82.63688760806916,7688.801850000014,97.15403614694618
downtime_268,2022-09-08,15:37:35.093000,15:38:35.099000,00:01:00.006000,False,0 days 00:01:00.006000,60.006,1.0001,0.0166683333333333,1,1148,82.70893371757924,7689.801950000015,97.16667319410206
downtime_446,2022-09-22,11:30:07.482000,11:31:07.488000,00:01:00.006000,False,0 days 00:01:00.006000,60.006,1.0001,0.0166683333333333,1,1149,82.78097982708934,7690.802050000015,97.17931024125792
downtime_491,2022-09-28,15:20:13.663000,15:21:13.669000,00:01:00.006000,False,0 days 00:01:00.006000,60.006,1.0001,0.0166683333333333,1,1150,82.85302593659942,7691.802150000015,97.1919472884138
downtime_441,2022-09-22,11:07:22.419000,11:08:22.425000,00:01:00.006000,False,0 days 00:01:00.006000,60.006,1.0001,0.0166683333333333,1,1151,82.9250720461095,7692.802250000015,97.20458433556966
downtime_365,2022-09-15,14:14:17.081000,14:15:17.087000,00:01:00.006000,False,0 days 00:01:00.006000,60.006,1.0001,0.0166683333333333,1,1152,82.9971181556196,7693.802350000015,97.21722138272553
downtime_210,2022-09-06,14:36:28.381000,14:37:28.387000,00:01:00.006000,False,0 days 00:01:00.006000,60.006,1.0001,0.0166683333333333,1,1153,83.06916426512969,7694.802450000016,97.2298584298814
downtime_622,2022-10-13,10:43:55.494000,10:44:55.500000,00:01:00.006000,False,0 days 00:01:00.006000,60.006,1.0001,0.0166683333333333,1,1154,83.14121037463977,7695.802550000016,97.24249547703727
downtime_224,2022-09-06,16:02:58.622000,16:03:58.628000,00:01:00.006000,False,0 days 00:01:00.006000,60.006,1.0001,0.0166683333333333,1,1155,83.21325648414985,7696.802650000016,97.25513252419313
downtime_235,2022-09-06,16:53:13.763000,16:54:13.769000,00:01:00.006000,False,0 days 00:01:00.006000,60.006,1.0001,0.0166683333333333,1,1156,83.28530259365994,7697.802750000016,97.267769571349
downtime_219,2022-09-06,15:28:28.531000,15:29:28.536000,00:01:00.005000,False,0 days 00:01:00.005000,60.005,1.0000833333333334,0.0166680555555555,1,1157,83.35734870317003,7698.80283333335,97.28040640790849
downtime_249,2022-09-08,14:13:04.854000,14:14:04.859000,00:01:00.005000,False,0 days 00:01:00.005000,60.005,1.0000833333333334,0.0166680555555555,1,1158,83.42939481268012,7699.802916666683,97.29304324446795
downtime_464,2022-09-22,14:34:13.177000,14:35:13.182000,00:01:00.005000,False,0 days 00:01:00.005000,60.005,1.0000833333333334,0.0166680555555555,1,1159,83.50144092219021,7700.803000000016,97.30568008102742
downtime_495,2022-09-28,15:30:43.687000,15:31:43.692000,00:01:00.005000,False,0 days 00:01:00.005000,60.005,1.0000833333333334,0.0166680555555555,1,1160,83.5734870317003,7701.80308333335,97.3183169175869
downtime_362,2022-09-15,14:04:32.054000,14:05:32.059000,00:01:00.005000,False,0 days 00:01:00.005000,60.005,1.0000833333333334,0.0166680555555555,1,1161,83.64553314121036,7702.803166666683,97.33095375414638
downtime_378,2022-09-15,15:03:17.218000,15:04:17.223000,00:01:00.005000,False,0 days 00:01:00.005000,60.005,1.0000833333333334,0.0166680555555555,1,1162,83.71757925072046,7703.803250000016,97.34359059070584
downtime_621,2022-10-13,10:38:10.481000,10:39:10.486000,00:01:00.005000,False,0 days 00:01:00.005000,60.005,1.0000833333333334,0.0166680555555555,1,1163,83.78962536023054,7704.80333333335,97.35622742726532
downtime_374,2022-09-15,14:50:02.182000,14:51:02.187000,00:01:00.005000,False,0 days 00:01:00.005000,60.005,1.0000833333333334,0.0166680555555555,1,1164,83.86167146974063,7705.803416666683,97.36886426382479
downtime_205,2022-09-02,16:37:52.715000,16:38:52.720000,00:01:00.005000,False,0 days 00:01:00.005000,60.005,1.0000833333333334,0.0166680555555555,1,1165,83.93371757925073,7706.803500000016,97.38150110038427
downtime_1140,2022-12-21,15:13:38.085000,15:14:38.090000,00:01:00.005000,False,0 days 00:01:00.005000,60.005,1.0000833333333334,0.0166680555555555,1,1166,84.00576368876081,7707.80358333335,97.39413793694374
downtime_848,2022-11-03,16:02:47.950000,16:03:47.955000,00:01:00.005000,False,0 days 00:01:00.005000,60.005,1.0000833333333334,0.0166680555555555,1,1167,84.07780979827089,7708.803666666683,97.40677477350322
downtime_245,2022-09-08,14:00:49.819000,14:01:49.824000,00:01:00.005000,False,0 days 00:01:00.005000,60.005,1.0000833333333334,0.0166680555555555,1,1168,84.14985590778097,7709.803750000016,97.4194116100627
downtime_771,2022-11-28,16:56:02.691000,16:57:02.696000,00:01:00.005000,False,0 days 00:01:00.005000,60.005,1.0000833333333334,0.0166680555555555,1,1169,84.22190201729106,7710.80383333335,97.43204844662216
downtime_345,2022-09-15,11:40:16.654000,11:41:16.659000,00:01:00.005000,False,0 days 00:01:00.005000,60.005,1.0000833333333334,0.0166680555555555,1,1170,84.29394812680115,7711.803916666683,97.44468528318163
downtime_988,2022-12-05,14:30:35.388000,14:31:35.392000,00:01:00.004000,False,0 days 00:01:00.004000,60.004,1.0000666666666669,0.0166677777777777,1,1171,84.36599423631124,7712.80398333335,97.45732190914471
downtime_157,2022-09-02,11:57:20.920000,11:58:20.924000,00:01:00.004000,False,0 days 00:01:00.004000,60.004,1.0000666666666669,0.0166677777777777,1,1172,84.43804034582134,7713.804050000016,97.46995853510779
downtime_344,2022-09-15,11:38:31.650000,11:39:31.654000,00:01:00.004000,False,0 days 00:01:00.004000,60.004,1.0000666666666669,0.0166677777777777,1,1173,84.51008645533142,7714.804116666683,97.48259516107088
downtime_211,2022-09-06,14:38:13.386000,14:39:13.390000,00:01:00.004000,False,0 days 00:01:00.004000,60.004,1.0000666666666669,0.0166677777777777,1,1174,84.5821325648415,7715.804183333349,97.49523178703394
downtime_1069,2022-12-19,14:26:21.585000,14:27:21.589000,00:01:00.004000,False,0 days 00:01:00.004000,60.004,1.0000666666666669,0.0166677777777777,1,1175,84.65417867435158,7716.804250000016,97.50786841299703
downtime_494,2022-09-28,15:28:43.685000,15:29:43.689000,00:01:00.004000,False,0 days 00:01:00.004000,60.004,1.0000666666666669,0.0166677777777777,1,1176,84.72622478386167,7717.804316666682,97.52050503896011
downtime_493,2022-09-28,15:26:43.684000,15:27:43.688000,00:01:00.004000,False,0 days 00:01:00.004000,60.004,1.0000666666666669,0.0166677777777777,1,1177,84.79827089337176,7718.804383333349,97.53314166492318
downtime_509,2022-10-07,13:59:24.048000,14:00:24.052000,00:01:00.004000,False,0 days 00:01:00.004000,60.004,1.0000666666666669,0.0166677777777777,1,1178,84.87031700288185,7719.804450000015,97.54577829088625
downtime_335,2022-09-15,10:50:01.515000,10:51:01.519000,00:01:00.004000,False,0 days 00:01:00.004000,60.004,1.0000666666666669,0.0166677777777777,1,1179,84.94236311239193,7720.804516666682,97.55841491684933
downtime_623,2022-10-13,10:56:55.538000,10:57:55.542000,00:01:00.004000,False,0 days 00:01:00.004000,60.004,1.0000666666666669,0.0166677777777777,1,1180,85.01440922190201,7721.804583333348,97.57105154281241
downtime_523,2022-10-07,14:40:24.160000,14:41:24.164000,00:01:00.004000,False,0 days 00:01:00.004000,60.004,1.0000666666666669,0.0166677777777777,1,1181,85.0864553314121,7722.804650000015,97.5836881687755
downtime_383,2022-09-15,15:15:17.255000,15:16:17.259000,00:01:00.004000,False,0 days 00:01:00.004000,60.004,1.0000666666666669,0.0166677777777777,1,1182,85.15850144092218,7723.804716666681,97.59632479473858
downtime_282,2022-09-12,14:06:47.059000,14:07:47.062000,00:01:00.003000,False,0 days 00:01:00.003000,60.003,1.00005,0.0166675,1,1183,85.23054755043228,7724.804766666681,97.60896121010525
downtime_270,2022-09-08,15:41:35.105000,15:42:35.108000,00:01:00.003000,False,0 days 00:01:00.003000,60.003,1.00005,0.0166675,1,1184,85.30259365994236,7725.80481666668,97.62159762547194
downtime_341,2022-09-15,11:28:01.620000,11:29:01.623000,00:01:00.003000,False,0 days 00:01:00.003000,60.003,1.00005,0.0166675,1,1185,85.37463976945246,7726.80486666668,97.63423404083862
downtime_634,2022-10-13,11:31:18.454000,11:32:18.457000,00:01:00.003000,False,0 days 00:01:00.003000,60.003,1.00005,0.0166675,1,1186,85.44668587896254,7727.80491666668,97.6468704562053
downtime_518,2022-10-07,14:23:24.139000,14:24:24.142000,00:01:00.003000,False,0 days 00:01:00.003000,60.003,1.00005,0.0166675,1,1187,85.51873198847262,7728.804966666679,97.65950687157199
downtime_469,2022-09-22,15:30:05.479000,15:31:05.482000,00:01:00.003000,False,0 days 00:01:00.003000,60.003,1.00005,0.0166675,1,1188,85.5907780979827,7729.805016666679,97.67214328693866
downtime_972,2022-12-02,14:13:36.676000,14:14:36.679000,00:01:00.003000,False,0 days 00:01:00.003000,60.003,1.00005,0.0166675,1,1189,85.66282420749279,7730.805066666679,97.68477970230535
downtime_473,2022-09-22,15:48:05.528000,15:49:05.531000,00:01:00.003000,False,0 days 00:01:00.003000,60.003,1.00005,0.0166675,1,1190,85.73487031700289,7731.805116666678,97.69741611767203
downtime_1213,2022-12-30,11:10:13.718000,11:11:13.721000,00:01:00.003000,False,0 days 00:01:00.003000,60.003,1.00005,0.0166675,1,1191,85.80691642651297,7732.805166666678,97.71005253303872
downtime_485,2022-09-28,15:04:43.621000,15:05:43.624000,00:01:00.003000,False,0 days 00:01:00.003000,60.003,1.00005,0.0166675,1,1192,85.87896253602305,7733.805216666678,97.7226889484054
downtime_944,2022-11-23,16:26:58.718000,16:27:58.721000,00:01:00.003000,False,0 days 00:01:00.003000,60.003,1.00005,0.0166675,1,1193,85.95100864553315,7734.805266666677,97.73532536377209
downtime_239,2022-09-06,17:11:28.813000,17:12:28.815000,00:01:00.002000,False,0 days 00:01:00.002000,60.002,1.000033333333333,0.0166672222222222,1,1194,86.02305475504323,7735.805300000011,97.74796156854238
downtime_041,2022-07-22,16:46:23.908000,16:47:23.910000,00:01:00.002000,False,0 days 00:01:00.002000,60.002,1.000033333333333,0.0166672222222222,1,1195,86.0951008645533,7736.805333333345,97.76059777331267
downtime_1172,2022-12-23,12:18:35.319000,12:19:35.321000,00:01:00.002000,False,0 days 00:01:00.002000,60.002,1.000033333333333,0.0166672222222222,1,1196,86.1671469740634,7737.805366666678,97.77323397808297
downtime_461,2022-09-22,14:14:13.122000,14:15:13.124000,00:01:00.002000,False,0 days 00:01:00.002000,60.002,1.000033333333333,0.0166672222222222,1,1197,86.23919308357348,7738.805400000012,97.78587018285327
downtime_492,2022-09-28,15:22:28.669000,15:23:28.671000,00:01:00.002000,False,0 days 00:01:00.002000,60.002,1.000033333333333,0.0166672222222222,1,1198,86.31123919308358,7739.805433333346,97.79850638762358
downtime_447,2022-09-22,11:32:07.491000,11:33:07.493000,00:01:00.002000,False,0 days 00:01:00.002000,60.002,1.000033333333333,0.0166672222222222,1,1199,86.38328530259366,7740.805466666679,97.81114259239388
downtime_1035,2022-12-13,12:01:24.671000,12:02:24.673000,00:01:00.002000,False,0 days 00:01:00.002000,60.002,1.000033333333333,0.0166672222222222,1,1200,86.45533141210375,7741.805500000013,97.82377879716418
downtime_220,2022-09-06,15:33:58.541000,15:34:58.543000,00:01:00.002000,False,0 days 00:01:00.002000,60.002,1.000033333333333,0.0166672222222222,1,1201,86.52737752161383,7742.805533333347,97.83641500193447
downtime_234,2022-09-06,16:51:28.757000,16:52:28.759000,00:01:00.002000,False,0 days 00:01:00.002000,60.002,1.000033333333333,0.0166672222222222,1,1202,86.59942363112391,7743.8055666666805,97.84905120670477
downtime_516,2022-10-07,14:17:39.104000,14:18:39.106000,00:01:00.002000,False,0 days 00:01:00.002000,60.002,1.000033333333333,0.0166672222222222,1,1203,86.67146974063401,7744.805600000014,97.86168741147507
downtime_380,2022-09-15,15:07:02.232000,15:08:02.234000,00:01:00.002000,False,0 days 00:01:00.002000,60.002,1.000033333333333,0.0166672222222222,1,1204,86.74351585014409,7745.805633333348,97.87432361624538
downtime_593,2022-10-10,16:20:42.428000,16:21:42.430000,00:01:00.002000,False,0 days 00:01:00.002000,60.002,1.000033333333333,0.0166672222222222,1,1205,86.81556195965418,7746.805666666682,97.88695982101568
downtime_214,2022-09-06,14:50:58.424000,14:51:58.426000,00:01:00.002000,False,0 days 00:01:00.002000,60.002,1.000033333333333,0.0166672222222222,1,1206,86.88760806916427,7747.805700000015,97.89959602578597
downtime_923,2022-11-21,16:48:36.752000,16:49:36.754000,00:01:00.002000,False,0 days 00:01:00.002000,60.002,1.000033333333333,0.0166672222222222,1,1207,86.95965417867436,7748.805733333349,97.91223223055626
downtime_149,2022-08-04,15:45:04.303000,15:46:04.305000,00:01:00.002000,False,0 days 00:01:00.002000,60.002,1.000033333333333,0.0166672222222222,1,1208,87.03170028818444,7749.805766666683,97.92486843532656
downtime_251,2022-09-08,14:19:34.874000,14:20:34.876000,00:01:00.002000,False,0 days 00:01:00.002000,60.002,1.000033333333333,0.0166672222222222,1,1209,87.10374639769452,7750.8058000000165,97.93750464009686
downtime_1196,2022-12-28,11:38:34.097000,11:39:34.099000,00:01:00.002000,False,0 days 00:01:00.002000,60.002,1.000033333333333,0.0166672222222222,1,1210,87.1757925072046,7751.80583333335,97.95014084486716
downtime_442,2022-09-22,11:13:22.438000,11:14:22.439000,00:01:00.001000,False,0 days 00:01:00.001000,60.001,1.0000166666666666,0.0166669444444444,1,1211,87.2478386167147,7752.805850000017,97.96277683904107
downtime_463,2022-09-22,14:30:28.169000,14:31:28.170000,00:01:00.001000,False,0 days 00:01:00.001000,60.001,1.0000166666666666,0.0166669444444444,1,1212,87.31988472622479,7753.805866666684,97.97541283321497
downtime_779,2022-11-28,17:25:02.768000,17:26:02.769000,00:01:00.001000,False,0 days 00:01:00.001000,60.001,1.0000166666666666,0.0166669444444444,1,1213,87.39193083573487,7754.805883333351,97.98804882738888
downtime_244,2022-09-06,17:28:43.860000,17:29:43.861000,00:01:00.001000,False,0 days 00:01:00.001000,60.001,1.0000166666666666,0.0166669444444444,1,1214,87.46397694524497,7755.805900000018,98.00068482156277
downtime_255,2022-09-08,14:41:19.938000,14:42:19.939000,00:01:00.001000,False,0 days 00:01:00.001000,60.001,1.0000166666666666,0.0166669444444444,1,1215,87.53602305475503,7756.805916666684,98.01332081573668
downtime_257,2022-09-08,14:49:34.961000,14:50:34.962000,00:01:00.001000,False,0 days 00:01:00.001000,60.001,1.0000166666666666,0.0166669444444444,1,1216,87.60806916426513,7757.805933333351,98.02595680991058
downtime_339,2022-09-15,11:15:46.585000,11:16:46.586000,00:01:00.001000,False,0 days 00:01:00.001000,60.001,1.0000166666666666,0.0166669444444444,1,1217,87.68011527377521,7758.805950000018,98.03859280408449
downtime_167,2022-09-02,14:33:21.831000,14:34:21.832000,00:01:00.001000,False,0 days 00:01:00.001000,60.001,1.0000166666666666,0.0166669444444444,1,1218,87.7521613832853,7759.805966666685,98.05122879825839
downtime_340,2022-09-15,11:21:01.602000,11:22:01.603000,00:01:00.001000,False,0 days 00:01:00.001000,60.001,1.0000166666666666,0.0166669444444444,1,1219,87.8242074927954,7760.805983333352,98.0638647924323
downtime_330,2022-09-15,10:23:46.446000,10:24:46.447000,00:01:00.001000,False,0 days 00:01:00.001000,60.001,1.0000166666666666,0.0166669444444444,1,1220,87.89625360230548,7761.806000000019,98.0765007866062
downtime_343,2022-09-15,11:33:46.637000,11:34:46.638000,00:01:00.001000,False,0 days 00:01:00.001000,60.001,1.0000166666666666,0.0166669444444444,1,1221,87.96829971181556,7762.8060166666855,98.08913678078011
downtime_1173,2022-12-23,12:26:35.343000,12:27:35.344000,00:01:00.001000,False,0 days 00:01:00.001000,60.001,1.0000166666666666,0.0166669444444444,1,1222,88.04034582132564,7763.806033333352,98.10177277495401
downtime_508,2022-10-07,13:57:39.048000,13:58:39.048000,00:01:00,False,0 days 00:01:00,60.0,1.0,0.0166666666666666,1,1223,88.11239193083573,7764.806033333352,98.11440855853152
downtime_445,2022-09-22,11:26:22.474000,11:27:22.474000,00:01:00,False,0 days 00:01:00,60.0,1.0,0.0166666666666666,1,1224,88.18443804034582,7765.806033333352,98.12704434210903
downtime_238,2022-09-06,17:09:43.810000,17:10:43.810000,00:01:00,False,0 days 00:01:00,60.0,1.0,0.0166666666666666,1,1225,88.25648414985591,7766.806033333352,98.13968012568654
downtime_218,2022-09-06,15:18:58.499000,15:19:58.499000,00:01:00,False,0 days 00:01:00,60.0,1.0,0.0166666666666666,1,1226,88.32853025936599,7767.806033333352,98.15231590926405
downtime_443,2022-09-22,11:17:22.450000,11:18:22.450000,00:01:00,False,0 days 00:01:00,60.0,1.0,0.0166666666666666,1,1227,88.40057636887609,7768.806033333352,98.16495169284156
downtime_477,2022-09-22,16:11:50.599000,16:12:50.599000,00:01:00,False,0 days 00:01:00,60.0,1.0,0.0166666666666666,1,1228,88.47262247838617,7769.806033333352,98.17758747641906
downtime_332,2022-09-15,10:30:01.463000,10:31:01.463000,00:01:00,False,0 days 00:01:00,60.0,1.0,0.0166666666666666,1,1229,88.54466858789625,7770.806033333352,98.19022325999657
downtime_208,2022-09-06,14:25:43.352000,14:26:43.352000,00:01:00,False,0 days 00:01:00,60.0,1.0,0.0166666666666666,1,1230,88.61671469740634,7771.806033333352,98.20285904357408
downtime_564,2022-10-07,17:17:09.614000,17:18:09.614000,00:01:00,False,0 days 00:01:00,60.0,1.0,0.0166666666666666,1,1231,88.68876080691642,7772.806033333352,98.21549482715159
downtime_897,2022-11-14,15:58:38.652000,15:59:38.652000,00:01:00,False,0 days 00:01:00,60.0,1.0,0.0166666666666666,1,1232,88.76080691642652,7773.806033333352,98.2281306107291
downtime_638,2022-10-13,11:48:03.482000,11:49:03.482000,00:01:00,False,0 days 00:01:00,60.0,1.0,0.0166666666666666,1,1233,88.8328530259366,7774.806033333352,98.2407663943066
downtime_668,2022-10-13,16:25:49.249000,16:26:49.249000,00:01:00,False,0 days 00:01:00,60.0,1.0,0.0166666666666666,1,1234,88.9048991354467,7775.806033333352,98.25340217788411
downtime_243,2022-09-06,17:19:13.835000,17:20:13.835000,00:01:00,False,0 days 00:01:00,60.0,1.0,0.0166666666666666,1,1235,88.97694524495677,7776.806033333352,98.26603796146162
downtime_1351,2023-01-31,16:39:00.574000,16:40:00.574000,00:01:00,False,0 days 00:01:00,60.0,1.0,0.0166666666666666,1,1236,89.04899135446685,7777.806033333352,98.27867374503913
downtime_1204,2022-12-28,12:45:34.292000,12:46:34.291000,00:00:59.999000,False,0 days 00:00:59.999000,59.999,0.9999833333333332,0.0166663888888888,1,1237,89.12103746397695,7778.8060166666855,98.29130931802024
downtime_1221,2022-12-30,15:12:12.128000,15:13:12.127000,00:00:59.999000,False,0 days 00:00:59.999000,59.999,0.9999833333333332,0.0166663888888888,1,1238,89.19308357348703,7779.806000000019,98.30394489100135
downtime_368,2022-09-15,14:21:32.105000,14:22:32.104000,00:00:59.999000,False,0 days 00:00:59.999000,59.999,0.9999833333333332,0.0166663888888888,1,1239,89.26512968299711,7780.805983333352,98.31658046398246
downtime_487,2022-09-28,15:09:58.637000,15:10:58.636000,00:00:59.999000,False,0 days 00:00:59.999000,59.999,0.9999833333333332,0.0166663888888888,1,1240,89.33717579250721,7781.805966666685,98.32921603696357
downtime_1095,2022-12-20,14:56:56.863000,14:57:56.862000,00:00:59.999000,False,0 days 00:00:59.999000,59.999,0.9999833333333332,0.0166663888888888,1,1241,89.4092219020173,7782.805950000018,98.34185160994468
downtime_385,2022-09-15,15:22:02.275000,15:23:02.274000,00:00:59.999000,False,0 days 00:00:59.999000,59.999,0.9999833333333332,0.0166663888888888,1,1242,89.48126801152738,7783.805933333351,98.3544871829258
downtime_351,2022-09-15,13:33:16.972000,13:34:16.971000,00:00:59.999000,False,0 days 00:00:59.999000,59.999,0.9999833333333332,0.0166663888888888,1,1243,89.55331412103746,7784.805916666684,98.36712275590692
downtime_281,2022-09-12,14:04:47.050000,14:05:47.048000,00:00:59.998000,False,0 days 00:00:59.998000,59.998,0.9999666666666668,0.0166661111111111,1,1244,89.62536023054754,7785.805883333351,98.37975811829163
downtime_1245,2023-01-11,16:32:49.998000,16:33:49.996000,00:00:59.998000,False,0 days 00:00:59.998000,59.998,0.9999666666666668,0.0166661111111111,1,1245,89.69740634005764,7786.805850000017,98.39239348067636
downtime_381,2022-09-15,15:09:47.253000,15:10:47.251000,00:00:59.998000,False,0 days 00:00:59.998000,59.998,0.9999666666666668,0.0166661111111111,1,1246,89.76945244956772,7787.805816666683,98.40502884306107
downtime_371,2022-09-15,14:27:02.124000,14:28:02.122000,00:00:59.998000,False,0 days 00:00:59.998000,59.998,0.9999666666666668,0.0166661111111111,1,1247,89.84149855907782,7788.80578333335,98.41766420544579
downtime_240,2022-09-06,17:13:28.821000,17:14:28.819000,00:00:59.998000,False,0 days 00:00:59.998000,59.998,0.9999666666666668,0.0166661111111111,1,1248,89.9135446685879,7789.805750000016,98.4302995678305
downtime_644,2022-10-13,13:45:18.820000,13:46:18.818000,00:00:59.998000,False,0 days 00:00:59.998000,59.998,0.9999666666666668,0.0166661111111111,1,1249,89.98559077809799,7790.805716666682,98.44293493021522
downtime_090,2022-07-26,15:35:00.203000,15:36:00.201000,00:00:59.998000,False,0 days 00:00:59.998000,59.998,0.9999666666666668,0.0166661111111111,1,1250,90.05763688760807,7791.8056833333485,98.45557029259993
downtime_363,2022-09-15,14:06:17.095000,14:07:17.092000,00:00:59.997000,False,0 days 00:00:59.997000,59.997,0.99995,0.0166658333333333,1,1251,90.12968299711815,7792.805633333349,98.46820544438827
downtime_346,2022-09-15,11:47:16.679000,11:48:16.676000,00:00:59.997000,False,0 days 00:00:59.997000,59.997,0.99995,0.0166658333333333,1,1252,90.20172910662824,7793.805583333349,98.4808405961766
downtime_357,2022-09-15,13:51:32.050000,13:52:32.047000,00:00:59.997000,False,0 days 00:00:59.997000,59.997,0.99995,0.0166658333333333,1,1253,90.27377521613833,7794.80553333335,98.49347574796494
downtime_1017,2022-12-08,17:47:34.943000,17:48:34.940000,00:00:59.997000,False,0 days 00:00:59.997000,59.997,0.99995,0.0166658333333333,1,1254,90.34582132564842,7795.80548333335,98.50611089975328
downtime_059,2022-07-22,18:22:09.173000,18:23:09.170000,00:00:59.997000,False,0 days 00:00:59.997000,59.997,0.99995,0.0166658333333333,1,1255,90.4178674351585,7796.80543333335,98.51874605154161
downtime_1321,2023-01-27,11:33:32.483000,11:34:32.480000,00:00:59.997000,False,0 days 00:00:59.997000,59.997,0.99995,0.0166658333333333,1,1256,90.48991354466858,7797.805383333351,98.53138120332994
downtime_682,2022-10-24,14:18:29.293000,14:19:29.290000,00:00:59.997000,False,0 days 00:00:59.997000,59.997,0.99995,0.0166658333333333,1,1257,90.56195965417866,7798.805333333351,98.54401635511827
downtime_143,2022-08-04,11:42:06.143000,11:43:06.139000,00:00:59.996000,False,0 days 00:00:59.996000,59.996,0.9999333333333332,0.0166655555555555,1,1258,90.63400576368876,7799.8052666666845,98.55665129631022
downtime_625,2022-10-13,11:03:10.555000,11:04:10.551000,00:00:59.996000,False,0 days 00:00:59.996000,59.996,0.9999333333333332,0.0166655555555555,1,1259,90.70605187319885,7800.805200000018,98.56928623750215
downtime_651,2022-10-13,15:12:49.051000,15:13:49.047000,00:00:59.996000,False,0 days 00:00:59.996000,59.996,0.9999333333333332,0.0166655555555555,1,1260,90.77809798270894,7801.8051333333515,98.5819211786941
downtime_462,2022-09-22,14:21:13.146000,14:22:13.142000,00:00:59.996000,False,0 days 00:00:59.996000,59.996,0.9999333333333332,0.0166655555555555,1,1261,90.85014409221903,7802.805066666685,98.59455611988604
downtime_1043,2022-12-13,14:29:55.094000,14:30:55.090000,00:00:59.996000,False,0 days 00:00:59.996000,59.996,0.9999333333333332,0.0166655555555555,1,1262,90.92219020172911,7803.8050000000185,98.60719106107797
downtime_264,2022-09-08,15:22:05.057000,15:23:05.053000,00:00:59.996000,False,0 days 00:00:59.996000,59.996,0.9999333333333332,0.0166655555555555,1,1263,90.99423631123919,7804.804933333352,98.6198260022699
downtime_468,2022-09-22,15:28:05.499000,15:29:05.495000,00:00:59.996000,False,0 days 00:00:59.996000,59.996,0.9999333333333332,0.0166655555555555,1,1264,91.06628242074927,7805.8048666666855,98.63246094346185
downtime_479,2022-09-22,16:25:20.645000,16:26:20.640000,00:00:59.995000,False,0 days 00:00:59.995000,59.995,0.9999166666666668,0.0166652777777777,1,1265,91.13832853025937,7806.804783333352,98.64509567405739
downtime_484,2022-09-28,14:56:43.604000,14:57:43.599000,00:00:59.995000,False,0 days 00:00:59.995000,59.995,0.9999166666666668,0.0166652777777777,1,1266,91.21037463976946,7807.804700000019,98.65773040465294
downtime_1100,2022-12-20,15:39:41.987000,15:40:41.982000,00:00:59.995000,False,0 days 00:00:59.995000,59.995,0.9999166666666668,0.0166652777777777,1,1267,91.28242074927954,7808.804616666685,98.67036513524849
downtime_222,2022-09-06,15:48:28.593000,15:49:28.588000,00:00:59.995000,False,0 days 00:00:59.995000,59.995,0.9999166666666668,0.0166652777777777,1,1268,91.35446685878964,7809.804533333352,98.68299986584402
downtime_229,2022-09-06,16:30:58.726000,16:31:58.720000,00:00:59.994000,False,0 days 00:00:59.994000,59.994,0.9999,0.016665,1,1269,91.4265129682997,7810.804433333352,98.69563438584316
downtime_228,2022-09-06,16:28:58.700000,16:29:58.694000,00:00:59.994000,False,0 days 00:00:59.994000,59.994,0.9999,0.016665,1,1270,91.49855907780979,7811.804333333352,98.70826890584232
downtime_247,2022-09-08,14:04:34.841000,14:05:34.835000,00:00:59.994000,False,0 days 00:00:59.994000,59.994,0.9999,0.016665,1,1271,91.57060518731988,7812.8042333333515,98.72090342584147
downtime_737,2022-10-26,17:05:31.125000,17:06:31.119000,00:00:59.994000,False,0 days 00:00:59.994000,59.994,0.9999,0.016665,1,1272,91.64265129682997,7813.804133333351,98.73353794584061
downtime_1227,2023-01-02,17:15:26.681000,17:16:26.674000,00:00:59.993000,False,0 days 00:00:59.993000,59.993,0.9998833333333332,0.0166647222222222,1,1273,91.71469740634006,7814.804016666684,98.74617225524337
downtime_908,2022-11-15,14:50:06.254000,14:51:06.247000,00:00:59.993000,False,0 days 00:00:59.993000,59.993,0.9998833333333332,0.0166647222222222,1,1274,91.78674351585015,7815.803900000017,98.75880656464612
downtime_892,2022-11-11,17:12:36.161000,17:13:36.153000,00:00:59.992000,False,0 days 00:00:59.992000,59.992,0.9998666666666666,0.0166644444444444,1,1275,91.85878962536023,7816.803766666684,98.7714406634525
downtime_236,2022-09-06,16:58:13.786000,16:59:13.778000,00:00:59.992000,False,0 days 00:00:59.992000,59.992,0.9998666666666666,0.0166644444444444,1,1276,91.93083573487031,7817.803633333351,98.78407476225885
downtime_331,2022-09-15,10:28:16.467000,10:29:16.459000,00:00:59.992000,False,0 days 00:00:59.992000,59.992,0.9998666666666666,0.0166644444444444,1,1277,92.0028818443804,7818.803500000018,98.79670886106523
downtime_258,2022-09-08,14:52:49.979000,14:53:49.970000,00:00:59.991000,False,0 days 00:00:59.991000,59.991,0.99985,0.0166641666666666,1,1278,92.0749279538905,7819.803350000018,98.8093427492752
downtime_731,2022-10-26,16:50:01.087000,16:51:01.078000,00:00:59.991000,False,0 days 00:00:59.991000,59.991,0.99985,0.0166641666666666,1,1279,92.14697406340058,7820.8032000000185,98.82197663748518
downtime_723,2022-10-25,16:03:53.069000,16:04:53.059000,00:00:59.990000,False,0 days 00:00:59.990000,59.99,0.9998333333333334,0.0166638888888888,1,1280,92.21902017291066,7821.803033333352,98.83461031509876
downtime_1151,2022-12-22,11:40:00.421000,11:41:00.411000,00:00:59.990000,False,0 days 00:00:59.990000,59.99,0.9998333333333334,0.0166638888888888,1,1281,92.29106628242076,7822.802866666685,98.84724399271234
downtime_740,2022-10-26,17:12:16.148000,17:13:16.138000,00:00:59.990000,False,0 days 00:00:59.990000,59.99,0.9998333333333334,0.0166638888888888,1,1282,92.36311239193084,7823.802700000018,98.85987767032591
downtime_145,2022-08-04,11:59:21.199000,12:00:21.188000,00:00:59.989000,False,0 days 00:00:59.989000,59.989,0.9998166666666666,0.0166636111111111,1,1283,92.43515850144092,7824.802516666685,98.87251113734308
downtime_1123,2022-12-21,11:01:16.056000,11:02:16.045000,00:00:59.989000,False,0 days 00:00:59.989000,59.989,0.9998166666666666,0.0166636111111111,1,1284,92.507204610951,7825.802333333351,98.88514460436028
downtime_512,2022-10-07,14:07:39.090000,14:08:39.079000,00:00:59.989000,False,0 days 00:00:59.989000,59.989,0.9998166666666666,0.0166636111111111,1,1285,92.57925072046109,7826.802150000018,98.89777807137746
downtime_1323,2023-01-27,11:47:47.532000,11:48:47.521000,00:00:59.989000,False,0 days 00:00:59.989000,59.989,0.9998166666666666,0.0166636111111111,1,1286,92.65129682997119,7827.801966666684,98.91041153839464
downtime_379,2022-09-15,15:05:17.239000,15:06:17.227000,00:00:59.988000,False,0 days 00:00:59.988000,59.988,0.9998,0.0166633333333333,1,1287,92.72334293948127,7828.801766666684,98.92304479481543
downtime_568,2022-10-10,13:47:42.021000,13:48:42.008000,00:00:59.987000,False,0 days 00:00:59.987000,59.987,0.9997833333333334,0.0166630555555555,1,1288,92.79538904899135,7829.801550000017,98.93567784063984
downtime_546,2022-10-07,15:50:39.382000,15:51:39.369000,00:00:59.987000,False,0 days 00:00:59.987000,59.987,0.9997833333333334,0.0166630555555555,1,1289,92.86743515850145,7830.801333333351,98.94831088646424
downtime_453,2022-09-22,13:42:13.054000,13:43:13.041000,00:00:59.987000,False,0 days 00:00:59.987000,59.987,0.9997833333333334,0.0166630555555555,1,1290,92.93948126801152,7831.801116666685,98.96094393228864
downtime_576,2022-10-10,14:07:12.078000,14:08:12.063000,00:00:59.985000,False,0 days 00:00:59.985000,59.985,0.99975,0.0166625,1,1291,93.01152737752162,7832.800866666685,98.97357655692025
downtime_150,2022-08-04,15:53:19.351000,15:54:19.335000,00:00:59.984000,False,0 days 00:00:59.984000,59.984,0.9997333333333334,0.0166622222222222,1,1292,93.0835734870317,7833.800600000018,98.98620897095547
downtime_806,2022-11-03,11:44:25.515000,11:45:25.499000,00:00:59.984000,False,0 days 00:00:59.984000,59.984,0.9997333333333334,0.0166622222222222,1,1293,93.15561959654178,7834.800333333351,98.99884138499068
downtime_641,2022-10-13,11:56:33.545000,11:57:33.528000,00:00:59.983000,False,0 days 00:00:59.983000,59.983,0.9997166666666666,0.0166619444444444,1,1294,93.22766570605188,7835.800050000017,99.01147358842951
downtime_490,2022-09-28,15:18:13.680000,15:19:13.661000,00:00:59.981000,False,0 days 00:00:59.981000,59.981,0.9996833333333334,0.0166613888888888,1,1295,93.29971181556196,7836.799733333351,99.02410537067556
downtime_514,2022-10-07,14:11:24.105000,14:12:24.085000,00:00:59.980000,False,0 days 00:00:59.980000,59.98,0.9996666666666666,0.0166611111111111,1,1296,93.37175792507205,7837.799400000017,99.0367369423252
downtime_450,2022-09-22,11:44:12.721000,11:45:12.701000,00:00:59.980000,False,0 days 00:00:59.980000,59.98,0.9996666666666666,0.0166611111111111,1,1297,93.44380403458213,7838.799066666684,99.04936851397485
downtime_640,2022-10-13,11:54:18.526000,11:55:18.505000,00:00:59.979000,False,0 days 00:00:59.979000,59.979,0.99965,0.0166608333333333,1,1298,93.51585014409221,7839.7987166666835,99.0619998750281
downtime_924,2022-11-21,16:54:21.790000,16:55:21.769000,00:00:59.979000,False,0 days 00:00:59.979000,59.979,0.99965,0.0166608333333333,1,1299,93.58789625360231,7840.798366666683,99.07463123608136
downtime_1101,2022-12-20,15:46:57.031000,15:47:57.009000,00:00:59.978000,False,0 days 00:00:59.978000,59.978,0.9996333333333334,0.0166605555555555,1,1300,93.65994236311239,7841.798000000016,99.08726238653823
downtime_749,2022-10-26,17:33:31.221000,17:34:31.199000,00:00:59.978000,False,0 days 00:00:59.978000,59.978,0.9996333333333334,0.0166605555555555,1,1301,93.73198847262248,7842.797633333349,99.09989353699508
downtime_1316,2023-01-24,16:16:28.400000,16:17:28.377000,00:00:59.977000,False,0 days 00:00:59.977000,59.977,0.9996166666666666,0.0166602777777777,1,1302,93.80403458213257,7843.797250000016,99.11252447685554
downtime_693,2022-10-24,14:44:59.394000,14:45:59.371000,00:00:59.977000,False,0 days 00:00:59.977000,59.977,0.9996166666666666,0.0166602777777777,1,1303,93.87608069164266,7844.796866666683,99.12515541671603
downtime_859,2022-11-03,16:32:48.058000,16:33:48.035000,00:00:59.977000,False,0 days 00:00:59.977000,59.977,0.9996166666666666,0.0166602777777777,1,1304,93.94812680115274,7845.79648333335,99.1377863565765
downtime_630,2022-10-13,11:20:18.427000,11:21:18.404000,00:00:59.977000,False,0 days 00:00:59.977000,59.977,0.9996166666666666,0.0166602777777777,1,1305,94.02017291066282,7846.796100000017,99.15041729643697
downtime_926,2022-11-21,17:09:06.837000,17:10:06.814000,00:00:59.977000,False,0 days 00:00:59.977000,59.977,0.9996166666666666,0.0166602777777777,1,1306,94.0922190201729,7847.795716666684,99.16304823629744
downtime_077,2022-07-26,13:34:44.889000,13:35:44.865000,00:00:59.976000,False,0 days 00:00:59.976000,59.976,0.9996,0.01666,1,1307,94.164265129683,7848.795316666684,99.17567896556152
downtime_676,2022-10-24,14:05:44.279000,14:06:44.254000,00:00:59.975000,False,0 days 00:00:59.975000,59.975,0.9995833333333334,0.0166597222222222,1,1308,94.23631123919309,7849.794900000017,99.18830948422921
downtime_922,2022-11-21,16:43:06.768000,16:44:06.741000,00:00:59.973000,False,0 days 00:00:59.973000,59.973,0.99955,0.0166591666666666,1,1309,94.30835734870317,7850.794450000018,99.20093958170412
downtime_1247,2023-01-11,17:25:50.175000,17:26:50.148000,00:00:59.973000,False,0 days 00:00:59.973000,59.973,0.99955,0.0166591666666666,1,1310,94.38040345821325,7851.794000000018,99.21356967917902
downtime_460,2022-09-22,14:07:58.134000,14:08:58.106000,00:00:59.972000,False,0 days 00:00:59.972000,59.972,0.9995333333333334,0.0166588888888888,1,1311,94.45244956772333,7852.793533333352,99.22619956605753
downtime_781,2022-11-28,17:30:17.813000,17:31:17.784000,00:00:59.971000,False,0 days 00:00:59.971000,59.971,0.9995166666666666,0.0166586111111111,1,1312,94.52449567723343,7853.793050000018,99.23882924233965
downtime_678,2022-10-24,14:09:29.292000,14:10:29.263000,00:00:59.971000,False,0 days 00:00:59.971000,59.971,0.9995166666666666,0.0166586111111111,1,1313,94.59654178674351,7854.792566666685,99.25145891862175
downtime_451,2022-09-22,11:47:57.741000,11:48:57.710000,00:00:59.969000,False,0 days 00:00:59.969000,59.969,0.9994833333333334,0.0166580555555555,1,1314,94.6685878962536,7855.792050000018,99.26408817371107
downtime_679,2022-10-24,14:11:44.299000,14:12:44.267000,00:00:59.968000,False,0 days 00:00:59.968000,59.968,0.9994666666666668,0.0166577777777777,1,1315,94.7406340057637,7856.791516666685,99.27671721820401
downtime_225,2022-09-06,16:04:43.660000,16:05:43.627000,00:00:59.967000,False,0 days 00:00:59.967000,59.967,0.99945,0.0166575,1,1316,94.81268011527378,7857.790966666686,99.28934605210056
downtime_382,2022-09-15,15:11:47.278000,15:12:47.244000,00:00:59.966000,False,0 days 00:00:59.966000,59.966,0.9994333333333334,0.0166572222222222,1,1317,94.88472622478386,7858.790400000019,99.3019746754007
downtime_899,2022-11-14,16:28:08.778000,16:29:08.743000,00:00:59.965000,False,0 days 00:00:59.965000,59.965,0.9994166666666668,0.0166569444444444,1,1318,94.95677233429394,7859.7898166666855,99.31460308810446
downtime_488,2022-09-28,15:11:58.679000,15:12:58.641000,00:00:59.962000,False,0 days 00:00:59.962000,59.962,0.9993666666666668,0.0166561111111111,1,1319,95.02881844380403,7860.789183333352,99.32723086901903
downtime_356,2022-09-15,13:49:47.058000,13:50:47.017000,00:00:59.959000,False,0 days 00:00:59.959000,59.959,0.9993166666666669,0.0166552777777777,1,1320,95.10086455331412,7861.788500000019,99.33985801814444
downtime_517,2022-10-07,14:21:24.154000,14:22:24.111000,00:00:59.957000,False,0 days 00:00:59.957000,59.957,0.9992833333333332,0.0166547222222222,1,1321,95.17291066282421,7862.787783333352,99.35248474607704
downtime_840,2022-11-03,15:43:32.950000,15:44:32.907000,00:00:59.957000,False,0 days 00:00:59.957000,59.957,0.9992833333333332,0.0166547222222222,1,1322,95.2449567723343,7863.787066666686,99.36511147400967
downtime_1302,2023-01-20,16:37:09.208000,16:38:09.163000,00:00:59.955000,False,0 days 00:00:59.955000,59.955,0.99925,0.0166541666666666,1,1323,95.31700288184439,7864.786316666686,99.37773778074948
downtime_534,2022-10-07,15:21:54.340000,15:22:54.284000,00:00:59.944000,False,0 days 00:00:59.944000,59.944,0.9990666666666668,0.0166511111111111,1,1324,95.38904899135446,7865.785383333352,99.39036177092898
downtime_459,2022-09-22,14:04:13.153000,14:05:13.094000,00:00:59.941000,False,0 days 00:00:59.941000,59.941,0.9990166666666668,0.0166502777777777,1,1325,95.46109510086455,7866.784400000019,99.4029851293193
downtime_627,2022-10-13,11:13:25.689000,11:14:25.606000,00:00:59.917000,False,0 days 00:00:59.917000,59.917,0.9986166666666668,0.0166436111111111,1,1326,95.53314121037464,7867.783016666685,99.4156034333962
downtime_444,2022-09-22,11:20:52.561000,11:21:52.462000,00:00:59.901000,False,0 days 00:00:59.901000,59.901,0.99835,0.0166391666666666,1,1327,95.60518731988472,7868.781366666685,99.4282183679308
downtime_632,2022-10-13,11:26:48.540000,11:27:48.433000,00:00:59.893000,False,0 days 00:00:59.893000,59.893,0.9982166666666666,0.0166369444444444,1,1328,95.67723342939482,7869.779583333352,99.44083161769427
downtime_734,2022-10-26,16:58:31.218000,16:59:31.103000,00:00:59.885000,False,0 days 00:00:59.885000,59.885,0.9980833333333332,0.0166347222222222,1,1329,95.7492795389049,7870.777666666685,99.45344318268658
downtime_574,2022-10-10,14:02:42.223000,14:03:42.090000,00:00:59.867000,False,0 days 00:00:59.867000,59.867,0.9977833333333332,0.0166297222222222,1,1330,95.82132564841498,7871.775450000018,99.46605095694382
downtime_735,2022-10-26,17:00:46.258000,17:01:46.101000,00:00:59.843000,False,0 days 00:00:59.843000,59.843,0.9973833333333334,0.0166230555555555,1,1331,95.89337175792507,7872.772833333352,99.47865367688765
downtime_742,2022-10-26,17:16:46.386000,17:17:46.211000,00:00:59.825000,False,0 days 00:00:59.825000,59.825,0.9970833333333334,0.0166180555555555,1,1332,95.96541786743515,7873.769916666685,99.49125260609638
downtime_1317,2023-01-24,16:21:13.594000,16:22:13.393000,00:00:59.799000,False,0 days 00:00:59.799000,59.799,0.99665,0.0166108333333333,1,1333,96.03746397694525,7874.766566666685,99.5038460597989
downtime_241,2022-09-06,17:15:14.035000,17:16:13.828000,00:00:59.793000,False,0 days 00:00:59.793000,59.793,0.99655,0.0166091666666666,1,1334,96.10951008645533,7875.763116666685,99.51643824992307
downtime_271,2022-09-08,15:43:20.322000,15:44:20.113000,00:00:59.791000,False,0 days 00:00:59.791000,59.791,0.9965166666666666,0.0166086111111111,1,1335,96.18155619596543,7876.759633333352,99.52903001885446
downtime_513,2022-10-07,14:09:39.456000,14:10:39.236000,00:00:59.780000,False,0 days 00:00:59.780000,59.78,0.9963333333333334,0.0166055555555555,1,1336,96.25360230547551,7877.755966666686,99.54161947122552
downtime_279,2022-09-12,13:57:17.259000,13:58:17.034000,00:00:59.775000,False,0 days 00:00:59.775000,59.775,0.99625,0.0166041666666666,1,1337,96.3256484149856,7878.752216666686,99.5542078706146
downtime_702,2022-10-24,15:50:44.799000,15:51:44.548000,00:00:59.749000,False,0 days 00:00:59.749000,59.749,0.9958166666666668,0.0165969444444444,1,1338,96.39769452449568,7879.748033333352,99.56679079449748
downtime_569,2022-10-10,13:49:42.342000,13:50:42.014000,00:00:59.672000,False,0 days 00:00:59.672000,59.672,0.9945333333333332,0.0165755555555555,1,1339,96.46974063400576,7880.742566666686,99.5793575024581
downtime_521,2022-10-07,14:34:39.683000,14:35:39.166000,00:00:59.483000,False,0 days 00:00:59.483000,59.483,0.9913833333333332,0.0165230555555555,1,1340,96.54178674351584,7881.733950000019,99.59188440770045
downtime_891,2022-11-11,17:07:37.037000,17:08:36.139000,00:00:59.102000,False,0 days 00:00:59.102000,59.102,0.9850333333333332,0.0164172222222222,1,1341,96.61383285302594,7882.718983333352,99.60433107571708
downtime_811,2022-11-03,11:56:56.456000,11:57:55.513000,00:00:59.057000,False,0 days 00:00:59.057000,59.057,0.9842833333333334,0.0164047222222222,1,1342,96.68587896253602,7883.7032666666855,99.61676826689603
downtime_358,2022-09-15,13:53:33.532000,13:54:32.040000,00:00:58.508000,False,0 days 00:00:58.508000,58.508,0.9751333333333334,0.0162522222222222,1,1343,96.75792507204612,7884.678400000019,99.62908984065524
downtime_804,2022-11-03,11:39:19.188000,11:40:10.470000,00:00:51.282000,False,0 days 00:00:51.282000,51.282,0.8546999999999999,0.0142449999999999,1,1344,96.82997118155619,7885.533100000019,99.63988964487895
downtime_175,2022-09-02,15:05:36.920000,15:06:21.970000,00:00:45.050000,False,0 days 00:00:45.050000,45.05,0.7508333333333332,0.0125138888888888,1,1345,96.90201729106627,7886.283933333352,99.64937701238172
downtime_012,2022-07-22,12:27:48.863000,12:28:33.895000,00:00:45.032000,False,0 days 00:00:45.032000,45.032,0.7505333333333333,0.0125088888888888,1,1346,96.97406340057637,7887.034466666685,99.65886058914943
downtime_169,2022-09-02,14:38:51.846000,14:39:36.875000,00:00:45.029000,False,0 days 00:00:45.029000,45.029,0.7504833333333334,0.0125080555555555,1,1347,97.04610951008645,7887.784950000018,99.66834353412794
downtime_190,2022-09-02,15:54:07.595000,15:54:52.615000,00:00:45.020000,False,0 days 00:00:45.020000,45.02,0.7503333333333334,0.0125055555555555,1,1348,97.11815561959655,7888.535283333352,99.67782458373894
downtime_038,2022-07-22,16:35:38.875000,16:36:23.892000,00:00:45.017000,False,0 days 00:00:45.017000,45.017,0.7502833333333334,0.0125047222222222,1,1349,97.19020172910663,7889.285566666686,99.68730500156076
downtime_937,2022-11-23,15:40:43.587000,15:41:28.604000,00:00:45.017000,False,0 days 00:00:45.017000,45.017,0.7502833333333334,0.0125047222222222,1,1350,97.26224783861672,7890.035850000019,99.69678541938258
downtime_034,2022-07-22,16:12:53.811000,16:13:38.827000,00:00:45.016000,False,0 days 00:00:45.016000,45.016,0.7502666666666666,0.0125044444444444,1,1351,97.3342939481268,7890.786116666686,99.70626562660799
downtime_144,2022-08-04,11:54:36.179000,11:55:21.192000,00:00:45.013000,False,0 days 00:00:45.013000,45.013,0.7502166666666666,0.0125036111111111,1,1352,97.40634005763688,7891.536333333353,99.71574520204423
downtime_206,2022-09-06,14:05:43.293000,14:06:28.301000,00:00:45.008000,False,0 days 00:00:45.008000,45.008,0.7501333333333334,0.0125022222222222,1,1353,97.47838616714697,7892.286466666686,99.7252237244985
downtime_020,2022-07-22,15:02:38.617000,15:03:23.619000,00:00:45.002000,False,0 days 00:00:45.002000,45.002,0.7500333333333333,0.0125005555555555,1,1354,97.55043227665706,7893.036500000019,99.73470098337442
downtime_121,2022-08-01,14:33:06.011000,14:33:51.013000,00:00:45.002000,False,0 days 00:00:45.002000,45.002,0.7500333333333333,0.0125005555555555,1,1355,97.62247838616715,7893.786533333353,99.74417824225034
downtime_252,2022-09-08,14:23:04.885000,14:23:49.887000,00:00:45.002000,False,0 days 00:00:45.002000,45.002,0.7500333333333333,0.0125005555555555,1,1356,97.69452449567724,7894.536566666687,99.75365550112626
downtime_457,2022-09-22,14:00:13.085000,14:00:58.085000,00:00:45,False,0 days 00:00:45,45.0,0.75,0.0125,1,1357,97.76657060518733,7895.286566666687,99.76313233880938
downtime_153,2022-09-02,11:46:05.890000,11:46:50.889000,00:00:44.999000,False,0 days 00:00:44.999000,44.999,0.7499833333333333,0.0124997222222222,1,1358,97.8386167146974,7896.03655000002,99.77260896589614
downtime_069,2022-07-22,20:20:24.640000,20:21:09.638000,00:00:44.998000,False,0 days 00:00:44.998000,44.998,0.7499666666666667,0.0124994444444444,1,1359,97.91066282420749,7896.786516666686,99.78208538238647
downtime_109,2022-07-26,17:08:45.475000,17:09:30.472000,00:00:44.997000,False,0 days 00:00:44.997000,44.997,0.74995,0.0124991666666666,1,1360,97.98270893371757,7897.5364666666865,99.79156158828043
downtime_023,2022-07-22,15:11:38.651000,15:12:23.643000,00:00:44.992000,False,0 days 00:00:44.992000,44.992,0.7498666666666666,0.0124977777777777,1,1361,98.05475504322767,7898.2863333333535,99.80103674119242
downtime_112,2022-07-26,17:25:15.540000,17:26:00.529000,00:00:44.989000,False,0 days 00:00:44.989000,44.989,0.7498166666666666,0.0124969444444444,1,1362,98.12680115273776,7899.03615000002,99.81051126231523
downtime_036,2022-07-22,16:21:08.854000,16:21:53.841000,00:00:44.987000,False,0 days 00:00:44.987000,44.987,0.7497833333333334,0.0124963888888888,1,1363,98.19884726224784,7899.785933333354,99.81998536224526
downtime_154,2022-09-02,11:48:05.920000,11:48:50.905000,00:00:44.985000,False,0 days 00:00:44.985000,44.985,0.74975,0.0124958333333333,1,1364,98.27089337175792,7900.5356833333535,99.8294590409825
downtime_192,2022-09-02,15:58:37.629000,15:59:22.614000,00:00:44.985000,False,0 days 00:00:44.985000,44.985,0.74975,0.0124958333333333,1,1365,98.342939481268,7901.2854333333535,99.83893271971974
downtime_1084,2022-12-19,16:39:21.980000,16:40:06.965000,00:00:44.985000,False,0 days 00:00:44.985000,44.985,0.74975,0.0124958333333333,1,1366,98.4149855907781,7902.035183333353,99.84840639845697
downtime_106,2022-07-26,16:53:30.444000,16:54:15.427000,00:00:44.983000,False,0 days 00:00:44.983000,44.983,0.7497166666666666,0.0124952777777777,1,1367,98.48703170028818,7902.78490000002,99.85787965600142
downtime_026,2022-07-22,15:28:08.711000,15:28:53.691000,00:00:44.980000,False,0 days 00:00:44.980000,44.98,0.7496666666666666,0.0124944444444444,1,1368,98.55907780979827,7903.534566666686,99.86735228175668
downtime_044,2022-07-22,16:58:08.971000,16:58:53.944000,00:00:44.973000,False,0 days 00:00:44.973000,44.973,0.7495499999999999,0.0124925,1,1369,98.63112391930837,7904.284116666687,99.87682343333721
downtime_189,2022-09-02,15:52:37.832000,15:53:22.593000,00:00:44.761000,False,0 days 00:00:44.761000,44.761,0.7460166666666667,0.0124336111111111,1,1370,98.70317002881845,7905.030133333354,99.88624993848244
downtime_043,2022-07-22,16:53:38.927000,16:54:08.964000,00:00:30.037000,False,0 days 00:00:30.037000,30.037,0.5006166666666666,0.0083436111111111,1,1371,98.77521613832853,7905.53075000002,99.89257562233772
downtime_050,2022-07-22,17:27:09.015000,17:27:39.043000,00:00:30.028000,False,0 days 00:00:30.028000,30.028,0.5004666666666666,0.0083411111111111,1,1372,98.84726224783861,7906.031216666686,99.89889941082546
downtime_088,2022-07-26,15:27:30.183000,15:28:00.206000,00:00:30.023000,False,0 days 00:00:30.023000,30.023,0.5003833333333333,0.0083397222222222,1,1373,98.9193083573487,7906.531600000019,99.90522214633125
downtime_123,2022-08-01,14:43:36.039000,14:44:06.059000,00:00:30.020000,False,0 days 00:00:30.020000,30.02,0.5003333333333333,0.0083388888888888,1,1374,98.9913544668588,7907.031933333353,99.91154425004787
downtime_089,2022-07-26,15:32:00.191000,15:32:30.208000,00:00:30.017000,False,0 days 00:00:30.017000,30.017,0.5002833333333333,0.0083380555555555,1,1375,99.06340057636888,7907.5322166666865,99.9178657219753
downtime_062,2022-07-22,18:34:24.202000,18:34:54.217000,00:00:30.015000,False,0 days 00:00:30.015000,30.015,0.50025,0.0083375,1,1376,99.13544668587896,7908.032466666687,99.92418677270996
downtime_035,2022-07-22,16:19:53.853000,16:20:23.867000,00:00:30.014000,False,0 days 00:00:30.014000,30.014,0.5002333333333333,0.0083372222222222,1,1377,99.20749279538906,7908.53270000002,99.9305076128482
downtime_039,2022-07-22,16:39:08.885000,16:39:38.897000,00:00:30.012000,False,0 days 00:00:30.012000,30.012,0.5002,0.0083366666666666,1,1378,99.27953890489914,7909.03290000002,99.9368280317937
downtime_029,2022-07-22,15:44:08.750000,15:44:38.758000,00:00:30.008000,False,0 days 00:00:30.008000,30.008,0.5001333333333333,0.0083355555555555,1,1379,99.35158501440922,7909.533033333353,99.94314760835358
downtime_127,2022-08-01,16:32:47.844000,16:33:17.851000,00:00:30.007000,False,0 days 00:00:30.007000,30.007,0.5001166666666667,0.0083352777777777,1,1380,99.42363112391931,7910.03315000002,99.94946697431709
downtime_130,2022-08-01,16:42:47.872000,16:43:17.875000,00:00:30.003000,False,0 days 00:00:30.003000,30.003,0.50005,0.0083341666666666,1,1381,99.49567723342939,7910.53320000002,99.95578549789502
downtime_040,2022-07-22,16:45:38.903000,16:46:08.906000,00:00:30.003000,False,0 days 00:00:30.003000,30.003,0.50005,0.0083341666666666,1,1382,99.56772334293949,7911.0332500000195,99.96210402147295
downtime_047,2022-07-22,17:13:53.983000,17:14:23.984000,00:00:30.001000,False,0 days 00:00:30.001000,30.001,0.5000166666666667,0.0083336111111111,1,1383,99.63976945244957,7911.533266666686,99.96842212385809
downtime_105,2022-07-26,16:50:30.427000,16:51:00.428000,00:00:30.001000,False,0 days 00:00:30.001000,30.001,0.5000166666666667,0.0083336111111111,1,1384,99.71181556195965,7912.033283333353,99.97474022624324
downtime_010,2022-07-22,12:24:18.885000,12:24:48.877000,00:00:29.992000,False,0 days 00:00:29.992000,29.992,0.4998666666666667,0.0083311111111111,1,1385,99.78386167146974,7912.53315000002,99.98105643326086
downtime_004,2022-07-22,12:09:33.819000,12:10:03.811000,00:00:29.992000,False,0 days 00:00:29.992000,29.992,0.4998666666666667,0.0083311111111111,1,1386,99.85590778097982,7913.033016666687,99.98737264027847
downtime_011,2022-07-22,12:26:18.871000,12:26:48.860000,00:00:29.989000,False,0 days 00:00:29.989000,29.989,0.4998166666666667,0.0083302777777777,1,1387,99.92795389048992,7913.532833333354,99.99368821550691
downtime_007,2022-07-22,12:16:33.861000,12:17:03.832000,00:00:29.971000,False,0 days 00:00:29.971000,29.971,0.4995166666666666,0.0083252777777777,1,1388,100.0,7914.03235000002,100.00000000000027
